day_time,actual,pred,actual_orig,pred_orig,residual
2011-01-30,1.1397453494616654,1.659027,0.0043751295538122,0.004375181,-0.5192816309384201
2011-01-31,1.740527155458249,1.9361255,0.0043751896319928,0.004375209,-0.1955983614332304
2011-02-01,2.341308961454833,1.8454653,0.0043752497101734,0.0043752,0.4958436589874866
2011-02-02,2.292884544461207,2.0535946,0.0043752448677317,0.0043752207,0.23928995522780871
2011-02-03,2.2235176464630024,2.157903,0.0043752379310419,0.004375231,0.0656146904540913
2011-02-04,2.1660763287970757,2.1620617,0.004375232186910134,0.0043752315,0.004014637512895991
2011-02-05,2.1086350111224754,2.1241007,0.004375226442778366,0.0043752277,-0.015465673997153484
2011-02-06,2.0511936934565487,2.0978084,0.0043752206986466,0.0043752254,-0.046614667596918125
2011-02-07,1.962194490457911,1.9351498,0.0043752117987263,0.004375209,0.027044701601404597
2011-02-08,1.9355847324584174,1.9351498,0.0043752091377505,0.004375209,0.0004349436019110975
2011-02-09,1.8391681914572966,1.8180953,0.0043751994960964,0.004375197,0.021072865033651578
2011-02-10,1.7562762294563021,1.7627246,0.0043751912069002,0.004375192,-0.006448408528927363
2011-02-11,1.6738200144580246,1.5905997,0.0043751829612787,0.0043751746,0.08322035835298314
2011-02-12,1.5787125584587614,1.5128778,0.0043751734505331,0.0043751667,0.0658347365364591
2011-02-13,1.5171985184598418,1.4353496,0.0043751672991291,0.004375159,0.08184893483404831
2011-02-14,1.4116194384586334,1.4353496,0.0043751567412211,0.004375159,-0.0237301451671601
2011-02-15,1.3086585204553913,1.3464375,0.0043751464451293,0.00437515,-0.037778933768241485
2011-02-16,1.2200943994618991,1.2628543,0.0043751375887172,0.0043751416,-0.042759938230361616
2011-02-17,1.1812660264624157,1.14985,0.0043751337058799,0.0043751304,0.031416015590528534
2011-02-18,1.083103987461684,1.0473435,0.004375123889676,0.00437512,0.03576049495374933
2011-02-19,0.9304077224631113,0.86977226,0.0043751086200495,0.0043751025,0.060635467042426505
2011-02-20,0.7615671454574979,0.8487915,0.0043750917359918,0.0043751,-0.08722433460689416
2011-02-21,0.3863581364560442,0.55956304,0.0043750542150909,0.0043750713,-0.17320490427729318
2011-02-22,0.2812146814631239,0.30982625,0.0043750437007454,0.0043750466,-0.028611573381541633
2011-02-23,0.16778312945595064,0.21033734,0.0043750323575902,0.0043750363,-0.04255421137580595
2011-02-24,0.10343257995752697,0.07839968,0.00437502592253525,0.0043750233,0.02503289940266018
2011-02-25,0.0390820304591033,0.010259007,0.0043750194874803,0.0043750163,0.028823023355362132
2011-02-26,-0.11579523554426652,-0.1237307,0.0043750039997537,0.004375003,0.007935461193499749
2011-02-27,-0.20915738954165042,-0.17630865,0.0043749946635383,0.0043749977,-0.03284874274351657
2011-02-28,-0.29641178454428707,-0.21513925,0.0043749859380988,0.004374994,-0.08127252961665188
2011-03-01,-0.3836654265381573,-0.32287973,0.0043749772127346,0.0043749833,-0.06078569488303642
2011-03-02,-0.4700475915442315,-0.4312694,0.0043749685745181,0.004374972,-0.03877818427189261
2011-03-03,-0.5642824790416667,-0.44172916,0.00437495915102935,0.004374971,-0.12255332087859605
2011-03-04,-0.658517366539102,-0.5197124,0.0043749497275406,0.004374963,-0.13880497802362957
2011-03-05,-0.7614781305422674,-0.5864087,0.0043749394314642,0.0043749567,-0.17506945582531797
2011-03-06,-0.7097739025425237,-0.7512248,0.004374944601887,0.0043749404,0.0414509133029658
2011-03-07,-0.65806967454278,-0.78654397,0.0043749497723098,0.0043749367,0.12847429079688066
2011-03-08,-0.786332626538308,-0.78654397,0.0043749369460146,0.0043749367,0.00021133880135260075
2011-03-09,-0.8818771095406991,-0.92872095,0.0043749273915663,0.0043749227,0.04684384153962318
2011-03-10,-2.5581184935445647,-1.8552862,0.0043747597674279,0.00437483,-0.7028322529668669
2011-03-11,-1.0555142795388994,-1.0312837,0.0043749100278493,0.0043749125,-0.024230543309956554
2011-03-12,-1.1541118455447168,-1.7362162,0.0043749001680927,0.0043748417,0.582104341932395
2011-03-13,-1.2439844725414124,-1.2945534,0.00437489118083,0.004374886,0.05056892654458611
2011-03-14,-1.3334206035425096,-1.3986995,0.0043748822372169,0.0043748757,0.06527891847592304
2011-03-15,-1.417621974539665,-1.3986995,0.0043748738170798,0.0043748757,-0.01892245252123237
2011-03-16,-1.5615925865429536,-1.4366965,0.0043748594200186,0.0043748715,-0.1248960571545259
2011-03-17,-1.7177815715436333,-1.7124395,0.0043748438011201,0.004374844,-0.005342034495293468
2011-03-18,-1.8364490265380256,-1.8610008,0.0043748319343746,0.004374829,0.024551749752868002
2011-03-19,-1.9638427435370724,-1.9865992,0.0043748191950029,0.0043748165,0.022756463387366033
2011-03-20,-2.0689850405413575,-2.0753534,0.0043748086807732,0.0043748077,0.00636834347658688
2011-03-21,-2.1649653405425573,-2.145174,0.0043747990827432,0.0043748007,-0.01979131405329948
2011-03-22,-2.2744709625432957,-2.3251114,0.004374788132181,0.004374783,0.05064042661686052
2011-03-23,-2.3979378135398353,-2.3251114,0.0043747757854959,0.004374783,-0.07282642437967901
2011-03-24,-3.6570818415411486,-3.6635764,0.0043746498710931,0.004374649,0.006494522976063344
2011-03-25,-2.6588309545369504,-2.6234088,0.0043747496961818,0.004374753,-0.035422160133874225
2011-03-26,-2.7369239255416873,-2.7170238,0.0043747418868847,0.004374744,-0.0199000760543826
2011-03-27,-2.8198157385386087,-2.759804,0.0043747335977034,0.0043747392,-0.06001172814737332
2011-03-28,-2.9175409955398828,-2.9321127,0.0043747238251777,0.004374722,0.014571698246738318
2011-03-29,4.181418196457301,2.613605,0.0043754337210969,0.0043752766,1.567813174026881
2011-03-30,4.097654225454842,2.297848,0.0043754253446998,0.004375245,1.7998062392335283
2011-03-31,4.097655626460889,4.041401,0.0043754253448399,0.0043754196,0.056254717037060864
2011-04-01,3.9379790264630623,4.3723993,0.0043754093771799,0.0043754526,-0.43442030367609785
2011-04-02,3.888683138457763,4.1398892,0.0043754044475911,0.0043754294,-0.25120610180712966
2011-04-03,3.797065698460389,3.8184705,0.0043753952858471,0.004375397,-0.021404779597472334
2011-04-04,3.6866876204633137,3.86113,0.0043753842480393,0.0043754014,-0.17444237869745294
2011-04-05,3.622992037462594,4.0109205,0.004375377878481,0.0043754163,-0.38792848713457406
2011-04-06,3.5409741044618164,3.7976408,0.0043753696766877,0.0043753954,-0.25666669601425784
2011-04-07,3.457645885458077,3.418983,0.0043753613438658,0.004375357,0.03866290282257889
2011-04-08,3.3786804134582766,3.373892,0.0043753534473186,0.004375353,0.004788344595361593
2011-04-09,3.2600135654609756,3.3232992,0.0043753415806338,0.004375348,-0.06328560407942962
2011-04-10,3.1535617554551836,3.1283321,0.0043753309354528,0.0043753283,0.025229617393660142
2011-04-11,3.051909392461083,3.1283321,0.0043753207702165,0.0043753283,-0.07642274560044049
2011-04-12,2.9568018614610505,3.099278,0.0043753112594634,0.0043753255,-0.14247611171399832
2011-04-13,2.8368267744605102,2.8556018,0.0043752992619547,0.004375301,-0.018775013106628435
2011-04-14,2.7369194094579994,2.723335,0.0043752892712182,0.004375288,0.013584381763297237
2011-04-15,2.1653815134633354,2.3629262,0.0043752321174286,0.0043752515,-0.19754473127238237
2011-04-16,2.0995039084602958,2.3434155,0.0043752255296681,0.0043752496,-0.24391159027322473
2011-04-17,1.9729846464575096,1.9348751,0.0043752128777419,0.004375209,0.03810951580412825
2011-04-18,1.8822401144560215,1.9351498,0.0043752038032887,0.004375209,-0.052909674400484885
2011-04-19,1.809382839459972,1.8153305,0.0043751965175612,0.004375197,-0.0059476659111217245
2011-04-20,1.683300523457401,1.6756582,0.0043751839093296,0.004375183,0.007642297444217405
2011-04-21,1.594301815462107,1.5287428,0.0043751750094588,0.004375168,0.06555902523993895
2011-04-22,1.5916842554565547,1.4353496,0.0043751747477028,0.004375159,0.15633467183076122
2011-04-23,1.4634229824565108,1.4353496,0.0043751619215755,0.004375159,0.028073398830717355
2011-04-24,1.3992924604612489,1.4353496,0.0043751555085233,0.004375159,-0.03605712316454457
2011-04-25,1.3312342584618357,1.3882611,0.0043751487027031,0.004375154,-0.05702682132637227
2011-04-26,1.2701590614613152,1.3178492,0.0043751425951834,0.004375147,-0.04769009777940747
2011-04-27,1.20079324645965,1.2278774,0.0043751356586019,0.0043751383,-0.027084132004095096
2011-04-28,1.1078679524548911,1.1544347,0.0043751263660725,0.004375131,-0.04656672848382959
2011-04-29,1.0363196294594506,1.0473435,0.0043751192112402,0.00437512,-0.011023863048484017
2011-04-30,0.9577905994619801,0.90791935,0.0043751113583372,0.004375106,0.04987125217575572
2011-05-01,0.836941629455551,0.8840354,0.0043750992734402,0.004375104,-0.04709377904130574
2011-05-02,0.9538750984569577,0.8515309,0.0043751109667871,0.0043751006,0.10234418891868868
2011-05-03,0.8827624644550808,0.65819967,0.0043751038555237,0.004375081,0.22456279652447775
2011-05-04,0.7798018114568706,0.784419,0.0043750935594584,0.0043750936,-0.004617188691902641
2011-05-05,0.6511008494598097,0.6004267,0.0043750806893622,0.0043750755,0.05067417557064957
2011-05-06,0.5468313414580539,0.46069235,0.0043750702624114,0.0043750615,0.08613899536201508
2011-05-07,0.45652261945576533,0.45334947,0.0043750612315392,0.0043750606,0.0031731483635412117
2011-05-08,0.3260762944552742,0.30982625,0.0043750481869067,0.0043750466,0.01625003961060867
2011-05-09,0.21308112045648198,0.21033734,0.0043750368873893,0.0043750363,0.0027437796247253843
2011-05-10,0.1288801134563533,0.2049996,0.0043750284672886,0.004375036,-0.07611948242415512
2011-05-11,0.03420847246096703,0.022871183,0.0043750190001245,0.0043750177,0.011337289229494063
2011-05-12,-0.10932622354284383,-0.1237307,0.0043750046466549,0.004375003,0.01440447319492244
2011-05-13,-0.21621387853720808,-0.17630865,0.0043749939578894,0.0043749977,-0.03990523173907423
2011-05-14,-0.3252832325370547,-0.21513925,0.004374983050954,0.004374994,-0.11014397760941952
2011-05-15,-0.41079201854379854,-0.32287973,0.0043749745000754,0.0043749833,-0.0879122868886777
2011-05-16,-0.5179700222120859,-0.4312694,0.004374963782275033,0.004374972,-0.08670061493974701
2011-05-17,-0.6251480258716996,-0.52995074,0.004374953064474667,0.0043749623,-0.09519728791851356
2011-05-18,-0.7323260295399869,-0.5864087,0.0043749423466743,0.0043749567,-0.14591735482303747
2011-05-19,-0.847938450539501,-0.8066928,0.0043749307854322,0.004374935,-0.04124567147532254
2011-05-20,-1.2676455845433976,-1.0922489,0.0043748888147188,0.004374906,-0.17539666791742103
2011-05-21,-1.3448638555395298,-1.1620495,0.0043748810928917,0.004374899,-0.1828143236028843
2011-05-22,-1.4068118065445334,-1.362632,0.0043748748980966,0.004374879,-0.04417977033542697
2011-05-23,-1.4700703765413436,-1.4366965,0.0043748685722396,0.0043748715,-0.033373847152915914
2011-05-24,-1.550778964539909,-1.6392052,0.0043748605013808,0.0043748515,0.08842625282154115
2011-05-25,-1.5834960275396686,-1.6637062,0.0043748572296745,0.004374849,0.08021015589386415
2011-05-26,-1.6594068995377103,-1.6637062,0.0043748496385873,0.004374849,0.004299283895822459
2011-05-27,-1.7488413495397177,-1.7574555,0.0043748406951423,0.00437484,0.008614118638077706
2011-05-28,-1.8081725695374973,-1.7775606,0.0043748347620203,0.0043748375,-0.030611977839804405
2011-05-29,-1.8273686425412246,-1.7648246,0.004374832842413,0.004374839,-0.0625440137112685
2011-05-30,-1.97875381554094,-1.9706951,0.0043748177038957,0.0043748184,-0.00805867756334
2011-05-31,-2.062953359544678,-1.995088,0.0043748092839413,0.004374816,-0.06786537832061779
2011-06-01,-2.145844902540564,-2.151814,0.004374800994787,0.0043748002,0.005969081376672403
2011-06-02,-3.372705964545253,-3.265979,0.0043746783086808,0.004374689,-0.10672691295528702
2011-06-03,-0.5799780575417579,-1.3540872,0.0043749575814715,0.00437488,0.7741091760016381
2011-06-04,2.212749849461737,0.18843235,0.0043752368542622,0.004375034,2.024317498706999
2011-06-05,1.9741036274591173,0.9950831,0.00437521298964,0.004375115,0.9790205338159288
2011-06-06,1.9330954994633416,1.8009775,0.0043752088888272,0.0043751956,0.132118030972741
2011-06-07,1.834934578457195,1.858553,0.0043751990727351,0.004375201,-0.023618473491352265
2011-06-08,1.6019597674603314,1.5577755,0.004375175775254,0.0043751714,0.04418427002380798
2011-06-09,1.430938349460814,1.5287428,0.0043751586731122,0.004375168,-0.09780444076135386
2011-06-10,1.303545491462138,1.3464375,0.0043751459338264,0.00437515,-0.04289196276149476
2011-06-11,1.2237083014607353,1.3178492,0.0043751379501074,0.004375147,-0.09414085777998737
2011-06-12,1.1211844754607099,1.1544347,0.0043751276977248,0.004375131,-0.03325020547801083
2011-06-13,1.0225866364614589,1.0473435,0.0043751178379409,0.00437512,-0.024756856046475706
2011-06-14,0.9453670104554723,0.8961803,0.0043751101159783,0.004375105,0.04918673835311638
2011-06-15,0.8506962874584023,0.8840354,0.004375100648906,0.004375104,-0.03333912103845438
2011-06-16,0.8267014434560488,0.81896734,0.0043750982494216,0.0043750973,0.007734101079339806
2011-06-17,0.6814235054605072,0.63163537,0.0043750837216278,0.0043750787,0.04978813759017642
2011-06-18,0.5976608434630354,0.49931243,0.0043750753453616,0.004375065,0.0983484128428419
2011-06-19,0.5169518024587816,0.46069235,0.0043750672744575,0.0043750615,0.056259456362742766
2011-06-20,0.45543904645881095,0.45334947,0.0043750611231819,0.0043750606,0.0020895753665868266
2011-06-21,0.3673139254561919,0.29104313,0.0043750523106698,0.0043750447,0.07627079291262806
2011-06-22,0.27526193746227334,0.29104313,0.004375043105471,0.0043750447,-0.0157811950812905
2011-06-23,0.226837815458375,0.29104313,0.0043750382630588,0.0043750447,-0.06420531708518884
2011-06-24,0.1269316234585316,0.16411373,0.0043750282724396,0.0043750317,-0.03718210673365285
2011-06-25,0.07240007046140085,0.010259007,0.0043750228192843,0.0043750163,0.062141063357659676
2011-06-26,0.004342023459530386,-0.06823568,0.0043750160134796,0.0043750084,0.07257770392046026
2011-06-27,-0.11868728153931196,-0.16597825,0.0043750037105491,0.0043749986,0.04729097134841387
2011-06-28,-0.1701668150399377,-0.17630865,0.00437499856259575,0.0043749977,0.006141831758196159
2011-06-29,-0.22164634854056342,-0.21513925,0.0043749934146424,0.004374994,-0.0065070936129282275
2011-06-30,-0.37957643254232787,-0.29528648,0.004374977621634,0.004374986,-0.0842899559302368
2011-07-01,-0.47860928254449264,-0.4045984,0.004374967718349,0.004374975,-0.07401086764657394
2011-07-02,-0.5837504785371345,-0.47841355,0.0043749572042294,0.0043749674,-0.10533692649131232
2011-07-03,-0.6487546565410451,-0.58791673,0.0043749507038116,0.0043749567,-0.06083792470663352
2011-07-04,-0.756077306041103,-0.63485223,0.00437493997154665,0.004374952,-0.12122507549224437
2011-07-05,-0.8633999555411609,-0.8721013,0.0043749292392817,0.0043749283,0.008701351374122313
2011-07-06,-0.9855563735429451,-1.0166286,0.0043749170236399,0.004374914,0.03107224946578291
2011-07-07,-1.0597224795426408,-1.0312837,0.0043749096070293,0.0043749125,-0.02843874331369789
2011-07-08,-1.614248142543448,-1.2091324,0.004374854154463,0.0043748943,-0.405115709605826
2011-07-09,-1.6975747975378486,-1.4203825,0.0043748458217975,0.0043748734,-0.27719229784302435
2011-07-10,-1.803588058537503,-1.7570456,0.0043748352204714,0.00437484,-0.04654243189718321
2011-07-11,-1.8956401135437895,-1.9730048,0.0043748260152659,0.004374818,0.07736470441885701
2011-07-12,-1.9842022635444683,-1.9820191,0.0043748171590509,0.004374817,-0.0021831967338603597
2011-07-13,-2.0727644135451473,-2.0640295,0.0043748083028359,0.004374809,-0.008734958360210765
2011-07-14,-2.110716388536646,-2.145174,0.0043748045076384,0.0043748007,0.03445763795261181
2011-07-15,-2.1857543315399743,-2.1554909,0.0043747970038441,0.0043748,-0.030263456295833713
2011-07-16,-2.258609386541002,-2.2587965,0.0043747897183386,0.0043747895,0.0001870669349499643
2011-07-17,-2.268207157539101,-2.3029711,0.0043747887585615,0.004374785,0.03476396710994667
2011-07-18,-2.342372032544324,-2.4343402,0.004374781342074,0.004374772,0.09196820602684319
2011-07-19,-2.448602288047941,-2.4746244,0.004374770719048449,0.004374768,0.02602210732254262
2011-07-20,-2.5548325435428842,-2.5687435,0.0043747600960229,0.0043747583,0.013910923788048368
2011-07-21,-2.554828498540704,-2.5687435,0.0043747600964274,0.0043747583,0.013914968790228688
2011-07-22,-4.146427037537287,-4.280198,0.0043746009365735,0.0043745874,0.13377105969171676
2011-07-23,-2.4758484405435626,-2.4927437,0.0043747679944332,0.0043747663,0.016895290001481378
2011-07-24,-2.5766265085436224,-2.2340631,0.0043747579166264,0.004374792,-0.34256336004508725
2011-07-25,-2.6896212855422736,-2.9947345,0.0043747466171487,0.004374716,0.30511324013826835
2011-07-26,-2.7982535925376304,-2.8148267,0.004374735753918,0.004374734,0.016573134375821752
2011-07-27,-2.91779277453684,-3.0124178,0.0043747237999998,0.004374714,0.09462501873708584
2011-07-28,-4.294300142539467,-4.261102,0.004374586149263,0.0043745893,-0.033197942985023765
2011-07-29,-3.1158606425378546,-2.9390244,0.004374703993213,0.0043747216,-0.17683619414307916
2011-07-30,-3.213585082545087,-3.088846,0.004374694220769,0.0043747067,-0.12473911429862694
2011-07-31,-3.6031931855383394,-3.3523233,0.0043746552599587,0.00437468,-0.25086989185242636
2011-08-01,-3.7262229355371215,-3.6739357,0.0043746429569837,0.004374648,-0.05228728375794667
2011-08-02,-3.881537749541794,-3.9215972,0.0043746274255023,0.0043746233,0.04005949281355248
2011-08-03,-3.924292922537556,-3.8255408,0.004374623149985,0.0043746326,-0.09875214151643785
2011-08-04,-4.0774228625417575,-3.7064567,0.004374607836991,0.0043746447,-0.3709662013173922
2011-08-05,-0.5115834530392688,-0.9564688,0.00437496442093195,0.00437492,0.44488536753263064
2011-08-06,3.05425595646322,1.4814616,0.0043753210048729,0.0043751635,1.5727943122905517
2011-08-07,3.041177101459,1.4109746,0.0043753196969874,0.0043751565,1.630202479686234
2011-08-08,2.9665770774622846,2.7932484,0.004375312236985,0.004375295,0.17332866246899847
2011-08-09,2.870598640458688,2.8556018,0.0043753026391413,0.004375301,0.014996852891549395
2011-08-10,2.7776740244619265,2.8212702,0.0043752933466797,0.0043752976,-0.043596202970324516
2011-08-11,1.6725417014556987,2.0469487,0.0043751828334474,0.0043752203,-0.3744069698852437
2011-08-12,2.6690474754561406,2.723335,0.0043752824840248,0.004375288,-0.05428755223856152
2011-08-13,2.600555371462532,2.2177935,0.0043752756348144,0.004375237,0.38276190680188726
2011-08-14,2.53206229245892,2.4599981,0.0043752687855065,0.0043752613,0.07206416166058016
2011-08-15,2.472730419459182,2.4632015,0.0043752628523192,0.0043752617,0.00952889663203349
2011-08-16,2.4321612014568257,2.4096498,0.0043752587953974,0.004375256,0.022511352518837402
2011-08-17,2.3584336034630784,2.357161,0.0043752514226376,0.004375251,0.0012725583886155079
2011-08-18,2.282523799456218,2.339099,0.0043752438316572,0.004375249,-0.05657513090266875
2011-08-19,2.3767678814564515,2.339099,0.0043752532560654,0.004375249,0.03766895109756474
2011-08-20,2.2716268494558935,2.2314153,0.0043752427419622,0.0043752384,0.040211577696860346
2011-08-21,2.1743386314620334,2.197862,0.0043752330131404,0.004375235,-0.023523278404299575
2011-08-22,2.1071525134561813,2.1425512,0.0043752262945286,0.0043752296,-0.03539867024438026
2011-08-23,1.99655807345267,2.0099535,0.004375215235084599,0.0043752166,-0.01339542538766203
2011-08-24,1.8859636334578322,1.9351498,0.0043752041756406,0.004375209,-0.0491861553986741
2011-08-25,1.8187792614598326,1.8551463,0.0043751974572034,0.0043752007,-0.03636702741193254
2011-08-26,1.4173920524600259,1.5577755,0.0043751573184825,0.0043751714,-0.14038344497649757
2011-08-27,1.17045535245712,1.3012227,0.0043751326248125,0.0043751453,-0.13076732954208659
2011-08-28,0.8951617604547463,1.0337018,0.0043751050954533,0.0043751188,-0.13854001700344465
2011-08-29,0.8135784494624904,0.8519698,0.0043750969371222,0.0043751006,-0.038391329075259883
2011-08-30,0.591947090459316,0.57655394,0.0043750747739863,0.004375073,0.015393149686305785
2011-08-31,0.38907691645752307,0.45334947,0.0043750544869689,0.0043750606,-0.06427255463470105
2011-09-01,0.2869900384613183,0.30982625,0.0043750442782811,0.0043750466,-0.022836216383347208
2011-09-02,0.22067956246228648,0.29104313,0.0043750376472335,0.0043750447,-0.07036357008127736
2011-09-03,0.16571275546217734,0.2049996,0.0043750321505528,0.004375036,-0.03928684041833108
2011-09-04,0.11161703145946833,0.09597309,0.0043750267409804,0.004375025,0.015643942122119392
2011-09-05,0.09460813046174854,-0.036762483,0.0043750250400903,0.0043750117,0.13137061387973636
2011-09-06,0.09723300245685629,-0.06823568,0.0043750253025775,0.0043750084,0.16546868291778616
2011-09-07,0.027867778458132153,-0.06823568,0.0043750183660551,0.0043750084,0.09610345891906202
2011-09-08,-0.026660384542381843,-0.06823568,0.0043750129132388,0.0043750084,0.04157529591854803
2011-09-09,0.006067568461554096,-0.12081356,0.0043750161860341,0.0043750033,0.12688113192762618
2011-09-10,-0.0013448425446177525,-0.15964423,0.004375015444793,0.0043749996,0.15829938865560045
2011-09-11,-0.0833620935388607,-0.24855788,0.0043750072430679,0.0043749907,0.1651957869819599
2011-09-12,-0.13265697954185918,-0.21513925,0.0043750023135793,0.004374994,0.08248227538577602
2011-09-13,-0.18195364853701435,-0.21513925,0.0043749973839124,0.004374994,0.03318560639062085
2011-09-14,-0.2648442265409251,-0.28523237,0.0043749890948546,0.004374987,0.020388138590453075
2011-09-15,-0.30323274654263377,-0.28523237,0.0043749852560026,0.004374987,-0.018000381411255595
2011-09-16,-0.4136096085419205,-0.35994527,0.0043749742183164,0.0043749795,-0.053664341103031976
2011-09-17,-0.5401293655393768,-0.45783883,0.0043749615663407,0.0043749698,-0.08229053220731508
2011-09-18,-0.6387278045447836,-0.52995074,0.0043749517064968,0.0043749623,-0.10877706659159758
2011-09-19,-0.7611031310403304,-0.5864087,0.00437493946896415,0.0043749567,-0.174694456323381
2011-09-20,-0.8834784575445509,-0.9006399,0.0043749272314315,0.0043749255,0.017161434079899784
2011-09-21,-1.022214947540498,-1.0166286,0.0043749133577825,0.004374914,-0.005586324531769993
2011-09-22,-1.1349929425388123,-1.106904,0.004374902079983,0.0043749046,-0.028088912692620926
2011-09-23,-1.2477709375371266,-1.1539867,0.0043748908021835,0.0043749,-0.09378424510853778
2011-09-24,-1.551858754538643,-1.3986995,0.0043748603934018,0.0043748757,-0.15315923252021046
2011-09-25,-1.8559465715401595,-1.5959941,0.0043748299846201,0.0043748557,-0.25995245666436606
2011-09-26,-1.8986958925416852,-1.9606457,0.004374825709688,0.0043748193,0.06194978311749444
2011-09-27,-2.03808691054061,-1.9820191,0.0043748117705862,0.004374817,-0.056067843730001954
2011-09-28,-2.177477928539534,-2.0573895,0.0043747978314844,0.0043748096,-0.1200884307825758
2011-09-29,-2.5884592815429013,-2.5038626,0.0043747567333491,0.004374765,-0.08459666214287687
2011-09-30,-2.609394701875989,-2.5583541,0.0043747546398070665,0.0043747597,-0.051040562547985946
2011-10-01,-2.6303301222090765,-2.6305344,0.004374752546265033,0.0043747523,0.00020428826760809926
2011-10-02,-2.6512655425421636,-2.6305344,0.004374750452723,0.0043747523,-0.020731132065479052
2011-10-03,-2.72935622353844,-2.7337577,0.0043747426436549,0.004374742,0.004401510760266181
2011-10-04,-2.7040410995396447,-2.5780094,0.0043747451751673,0.0043747574,-0.12603173255050892
2011-10-05,-2.7337041150383987,-2.664897,0.00437474220886575,0.004374749,-0.06880715001154325
2011-10-06,-2.763367130537153,-2.667434,0.0043747392425642,0.0043747486,-0.09593315341007802
2011-10-07,-2.772959512538711,-2.7345216,0.004374738283326,0.004374742,-0.03843788511256374
2011-10-08,-2.7794978395452583,-2.4825802,0.0043747376294933,0.004374767,-0.29691765460873487
2011-10-09,-2.8824580455399236,-2.6854987,0.0043747273334727,0.0043747467,-0.1969593310929021
2011-10-10,-2.8924867125426634,-2.7183025,0.004374726330606,0.0043747434,-0.17418422421563706
2011-10-11,-2.942221899544448,-2.7882786,0.0043747213570873,0.0043747365,-0.15394331983253373
2011-10-12,-3.0015486465403973,-2.8799095,0.0043747154244126,0.0043747276,-0.12163913115953795
2011-10-13,-3.1058166495394337,-2.9902976,0.0043747049976123,0.0043747164,-0.11551909361597179
2011-10-14,-3.1363564675403186,-3.0311048,0.0043747019436305,0.0043747122,-0.10525166445499146
2011-10-15,-3.284686734541728,-3.2022967,0.0043746871106038,0.004374695,-0.08239000068552693
2011-10-16,-3.3230790515408755,-3.298772,0.0043746832713721,0.0043746857,-0.02430695490696433
2011-10-17,4.364877966463176,3.00826,0.0043754520670739,0.004375316,1.3566179547902024
2011-10-18,4.183382240462858,2.8261147,0.0043754339175013,0.004375298,1.357267585921842
2011-10-19,4.001886514462538,4.3477106,0.0043754157679287,0.0043754503,-0.345824094973497
2011-10-20,3.8245415189593763,3.702322,0.00437539803342915,0.0043753856,0.12221951273379039
2011-10-21,3.6471965234562145,3.881195,0.0043753802989296,0.0043754033,-0.23399854490316052
2011-10-22,3.5045341294573373,3.3933146,0.0043753660326902,0.004375355,0.1112195294664926
2011-10-23,3.3021010134581807,3.2693827,0.0043753457893786,0.0043753423,0.03271829823296102
2011-10-24,3.138496234462995,3.1810527,0.0043753294289007,0.0043753334,-0.04255645032094035
2011-10-25,2.919045754461516,3.0058937,0.0043753074838527,0.004375316,-0.08684795281387458
2011-10-26,2.705267926460947,2.8514075,0.0043752861060699,0.0043753004,-0.14613960146263683
2011-10-27,2.540792479457585,2.635951,0.0043752696585252,0.004375279,-0.09515856271770806
2011-10-28,2.4046756404594998,2.4056206,0.0043752560468413,0.004375256,-0.0009449344916721003
2011-10-29,2.3902800944629323,2.319859,0.0043752546072867,0.0043752473,0.0704210666003835
2011-10-30,2.351025835461637,2.3669517,0.0043752506818608,0.004375252,-0.01592586856363143
2011-10-31,2.270755275462361,2.2672155,0.0043752426548048,0.004375242,0.003539785121174255
2011-11-01,2.2986858014620304,2.3032987,0.0043752454478574,0.004375246,-0.0046129103147030115
2011-11-02,2.2131780924583566,2.1876798,0.0043752368970865,0.0043752342,0.025498324849714038
2011-11-03,2.2286744969651773,2.2314153,0.004375238446726951,0.0043752384,-0.002740774793855927
2011-11-04,2.2441709014633244,2.212965,0.0043752399963674,0.0043752366,0.031205889866644743
2011-11-05,2.213194536457297,2.1876798,0.0043752368987309,0.0043752342,0.025514768848654334
2011-11-06,2.191169499454748,2.1720445,0.0043752346962272,0.0043752324,0.019124983845006938
2011-11-07,2.169144462460873,2.1436117,0.0043752324937235,0.0043752296,0.025532792920467617
2011-11-08,2.0747649211259183,2.0978084,0.004375223055769367,0.0043752254,-0.023043439927548537
2011-11-09,1.9803853797909636,2.0099535,0.004375213617815233,0.0043752166,-0.029568119049368402
2011-11-10,1.886005838456009,1.9351498,0.0043752041798611,0.004375209,-0.04914395040049735
2011-11-11,1.918301727457314,1.8636615,0.00437520740945,0.0043752016,0.054640199823646984
2011-11-12,1.9505976164586185,1.8282452,0.0043752106390389,0.0043751984,0.12235245349475132
2011-11-13,1.7158722734594152,1.6584687,0.0043751871665046,0.004375181,0.057403550162296035
2011-11-14,1.013298741130153,1.3296214,0.004375116909151367,0.0043751486,-0.3163226930815779
2011-11-15,0.31072520879221743,0.80731004,0.004375046651798133,0.004375096,-0.496584835973255
2011-11-16,-0.3918483235370446,0.21702656,0.0043749763944449,0.0043750373,-0.6088748850356865
2011-11-17,1.8328212694589119,1.2719281,0.0043751988614042,0.0043751425,0.5608931974832039
2011-11-18,0.9894713724582782,0.46657073,0.0043751145264145,0.004375062,0.522900637480556
2011-11-19,0.35553995095249924,0.69079626,0.004375051133272349,0.0043750843,-0.3352563051128694
2011-11-20,-0.2783914705446061,0.22708073,0.0043749877401302,0.004375038,-0.5054722031286057
2011-11-21,-0.26965662354092035,0.098338895,0.0043749886136149,0.004375025,-0.3679955180869523
2011-11-22,-0.20028040503827782,-0.26458967,0.00437499555123675,0.004374989,0.06430926228197364
2011-11-23,-0.1309041865443089,-0.34989116,0.0043750024888586,0.0043749805,0.21898696941386675
2011-11-24,-0.19568510254905358,-0.32322016,0.004374996010766999,0.0043749833,0.1275350610347019
2011-11-25,-0.26046601854512463,-0.2956269,0.0043749895326754,0.004374986,0.035160889995601075
2011-11-26,-0.44413672454189645,-0.32287973,0.0043749711656048,0.0043749833,-0.1212569928867756
2011-11-27,-0.31324356653678054,-0.34989116,0.0043749842549206,0.0043749805,0.03664758942139512
2011-11-28,-0.3533745578706421,-0.36991507,0.004374980241821467,0.0043749786,0.01654051027892456
2011-11-29,-0.39350554920450365,-0.35644013,0.004374976228722334,0.0043749795,-0.037065422308599105
2011-11-30,-0.4336365405383652,-0.3458697,0.0043749722156232,0.004374981,-0.08776685035854037
2011-12-01,-0.5008192652082577,-0.45129332,0.004374965497350733,0.00437497,-0.049525945744527844
2011-12-02,-0.5680019898694766,-0.48976117,0.004374958779078267,0.0043749665,-0.07824081614434841
2011-12-03,-0.6351847145393691,-0.59465,0.0043749520608058,0.004374956,-0.040534744007905466
2011-12-04,-0.6648464825377565,-0.5864087,0.004374949094629,0.0043749567,-0.078437807820807
2011-12-05,-0.7047640130340704,-0.7512248,0.004374945102875951,0.0043749404,0.046460802811419066
2011-12-06,-0.744681543539058,-0.77930593,0.0043749411111229,0.0043749376,0.03462439136694784
2011-12-07,-1.8519908510407357,-1.3446892,0.00437483038019215,0.004374881,-0.5073016010483651
2011-12-08,-2.9593001585424132,-2.3618112,0.0043747196492614,0.0043747793,-0.5974889975011535
2011-12-09,-0.9645500235414689,-1.4461398,0.0043749191242749,0.0043748706,0.4815897889280135
2011-12-10,-1.1709104865385844,-1.6279776,0.0043748984882286,0.0043748524,0.457067123095815
2011-12-11,-1.3124814645347482,-1.20654,0.004374884331130801,0.004374895,-0.105941476016987
2011-12-12,-1.4540524425395858,-1.3505135,0.004374870174033,0.0043748803,-0.10353898428763264
2011-12-13,-1.4736810745406141,-1.4366965,0.0043748682111698,0.0043748715,-0.03698454515218641
2011-12-14,-1.6464476545411526,-1.6637062,0.0043748509345118,0.004374849,0.01725852889238011
2011-12-15,-1.8602253575375483,-1.8610008,0.0043748295567415,0.004374829,0.0007754187533453027
2011-12-16,-1.9998324050397864,-1.9742401,0.00437481559603675,0.004374818,-0.025592340418814752
2011-12-17,-2.1394394525420246,-2.0753534,0.004374801635332,0.0043748077,-0.06408606852408028
2011-12-18,-2.1944073395376016,-2.1779447,0.0043747961385433,0.0043747975,-0.01646267935083401
2011-12-19,-2.2493752265418525,-2.2587965,0.0043747906417546,0.0043747895,0.009421226934099636
2011-12-20,-2.234531356537159,-2.3029711,0.0043747921261416,0.004374785,0.0684397681118889
2011-12-21,-2.5504002220365365,-2.4205635,0.0043747605392550504,0.0043747732,-0.12983676264017419
2011-12-22,-2.8662690875445875,-2.9074337,0.0043747289523685,0.004374725,0.04116466070065172
2011-12-23,-3.030310902537442,-3.1227517,0.004374712548187,0.004374703,0.09244081026163009
2011-12-24,-3.1079656390414074,-3.048286,0.00437470478271335,0.0043747104,-0.05967967789028439
2011-12-25,-3.1856203755453727,-3.1579537,0.0043746970172396996,0.0043746997,-0.02766663637911293
2011-12-26,-3.2632751120406644,-3.269751,0.00437468925176605,0.0043746885,0.006475959889267191
2011-12-27,-3.3409298485446297,-3.2762976,0.0043746814862924,0.0043746876,-0.06463227926972737
2011-12-28,-2.6788414445380604,-2.5244982,0.0043747476951328,0.004374763,-0.15434322027963754
2011-12-29,-2.0167530405401646,-1.9577961,0.0043748139039732,0.00437482,-0.058956943738406764
2011-12-30,-1.279190907791175,-1.4990046,0.004374887660186475,0.0043748654,0.21981369464107603
2011-12-31,-0.5416287750421855,-1.2643973,0.00437496141639975,0.0043748887,0.722768488484731
2012-01-01,0.19593335770680398,-0.7718145,0.004375035172613025,0.004374938,0.9677478828342149
2012-01-02,0.9334954904557935,0.07967141,0.0043751089288263,0.0043750233,0.8538240777494184
2012-01-03,1.1479388614590165,0.59679085,0.0043751303731634,0.004375075,0.5511480112965104
2012-01-04,1.3623822324622392,1.1363205,0.0043751518175005,0.004375129,0.22606176069862838
2012-01-05,1.5768256034567885,1.1994435,0.0043751732618376,0.0043751355,0.37738214394598524
2012-01-06,1.7912689744600114,1.6155683,0.0043751947061747,0.004375177,0.1757006942399797
2012-01-07,4.329636388456653,4.656567,0.0043754485429161,0.004375481,-0.32693070825355175
2012-01-08,2.3750552714547206,2.0319493,0.0043752530848044,0.0043752184,0.34310598976221574
2012-01-09,2.395348021955526,2.2791367,0.00437525511407945,0.004375243,0.11621136424068235
2012-01-10,2.4156407724563316,2.3438036,0.0043752571433545,0.0043752496,0.07183712827603372
2012-01-11,2.3419120504571818,2.339099,0.0043752497704823,0.004375249,0.002813120098295041
2012-01-12,2.2751646444607587,2.339099,0.0043752430957417,0.004375249,-0.063934285898128
2012-01-13,2.1594351329572854,2.1620617,0.00437523152279055,0.0043752315,-0.0026265583268942905
2012-01-14,2.043705621453812,2.0546966,0.0043752199498393995,0.0043752207,-0.010990938452193788
2012-01-15,1.927976109959012,1.9309776,0.00437520837688825,0.0043752086,-0.003001472972506525
2012-01-16,1.8122465984555385,1.8868188,0.0043751968039371,0.004375204,-0.07457216813839462
2012-01-17,1.5816131417913104,1.5577755,0.004375173740591433,0.0043751714,0.02383764435478697
2012-01-18,1.3509796851270823,1.5102426,0.004375150677245767,0.0043751663,-0.15926289624041035
2012-01-19,1.120346228462854,1.2078294,0.0043751276139001,0.004375136,-0.08748312773068845
2012-01-20,0.9185651082127544,0.99872476,0.004375107435788075,0.004375115,-0.08015965041227613
2012-01-21,0.7167839879626547,0.830989,0.00437508725767605,0.0043750983,-0.11420501521880277
2012-01-22,0.5150028677125551,0.5669059,0.004375067079564025,0.004375072,-0.051903048024597
2012-01-23,0.31322174746245546,0.30982625,0.004375046901452,0.0043750466,0.0033954926177899303
2012-01-24,0.8524884694601637,0.6394166,0.0043751008281242,0.004375079,0.21307189402833993
2012-01-25,0.7887987354612824,0.6394166,0.0043750944591508,0.004375079,0.1493821600294587
2012-01-26,0.7251090014624012,0.6415899,0.0043750880901774,0.0043750796,0.08351912147277718
2012-01-27,0.6009890612945767,0.56657296,0.0043750756781833836,0.004375072,0.034416097103139975
2012-01-28,0.4768691211267523,0.45334947,0.004375063266189367,0.0043750606,0.02351965003452816
2012-01-29,0.3527491809589278,0.30982625,0.00437505085419535,0.0043750466,0.042922926114262294
2012-01-30,0.22862924079110336,0.29104313,0.004375038442201333,0.0043750447,-0.06241389175246048
2012-01-31,0.1045093006232789,0.11928551,0.004375026030207316,0.0043750275,-0.01477620836700888
2012-02-01,-0.01961063954454556,0.012916697,0.0043750136182133,0.004375017,-0.032527336733757406
2012-02-02,-0.038909960548699773,-0.06823568,0.004375011688281199,0.0043750084,0.029325719912230097
2012-02-03,-0.05820928154418037,-0.12081356,0.0043750097583491,0.0043750033,0.06260428192189171
2012-02-04,-0.07750860253966096,-0.24855788,0.004375007828417,0.0043749907,0.17104927798115965
2012-02-05,-0.09680792354381518,-0.24855788,0.0043750058984849,0.0043749907,0.15174995697700544
2012-02-06,-0.508226812205928,-0.32993612,0.0043749647565960335,0.0043749823,-0.1782906952721054
2012-02-07,-0.9196457008767145,-0.63867813,0.004374923614707166,0.0043749516,-0.2809675673890131
2012-02-08,-1.3310645895388273,-0.94861114,0.0043748824728183,0.0043749204,-0.38245344928766767
2012-02-09,-0.5701583875427491,-0.7364336,0.0043749585634385,0.004374942,0.16627523767850338
2012-02-10,-0.7730291990380722,-1.0276595,0.00437493827635735,0.0043749125,0.2546303363699478
2012-02-11,-0.975900010542069,-0.9254685,0.0043749179892762,0.0043749227,-0.05043150611320546
2012-02-12,-1.1246672145404784,-1.0922489,0.0043749031125558,0.004374906,-0.03241829791450179
2012-02-13,-1.2498779195391911,-1.106904,0.0043748905914853,0.0043749046,-0.14297388969299973
2012-02-14,-1.3026677145398096,-1.3986995,0.0043748853125058,0.0043748757,0.09603180747862305
2012-02-15,-1.4797903355370097,-1.4366965,0.0043748676002437,0.0043748715,-0.04309380614858194
2012-02-16,-1.5760595992089095,-1.4366965,0.004374857973317333,0.0043748715,-0.13936306982048174
2012-02-17,-1.6723288628721356,-1.7369405,0.004374848346390967,0.0043748417,0.0646116402482868
2012-02-18,-1.7685981265440354,-1.7570456,0.0043748387194646,0.00437484,-0.01155249990371554
2012-02-19,-1.885952044542241,-1.9811606,0.0043748269840728,0.0043748175,0.09520859617431165
2012-02-20,-1.7570937928777786,-1.7447195,0.004374839869897966,0.0043748408,-0.012374287567719966
2012-02-21,-1.6282355412046423,-1.6601613,0.004374852755723134,0.004374849,0.03192571558551882
2012-02-22,-1.4993772895401798,-1.6535212,0.0043748656415483,0.00437485,0.15414389061271327
2012-02-23,-1.6643990015385857,-1.7461315,0.0043748491393771,0.0043748408,0.08173253780620193
2012-02-24,-1.8294207135456653,-1.7775606,0.0043748326372058995,0.0043748375,-0.051860121847972396
2012-02-25,-1.9944424255440714,-1.9947549,0.0043748161350347,0.004374816,0.00031248492498381353
2012-02-26,-2.1594641375424772,-2.0753534,0.0043747996328635,0.0043748077,-0.0841107535245329
2012-02-27,-2.3403041665356894,-2.3214345,0.0043747815488606005,0.004374783,-0.018869668702437448
2012-02-28,-2.521144195537575,-2.376389,0.0043747634648577,0.004374778,-0.14475516889572937
2012-02-29,-2.3601367775405446,-2.4343402,0.0043747795655995,0.004374772,0.07420346103062236
2012-03-01,-4.210019449541955,-4.389553,0.0043745945773323,0.0043745763,0.17953362052640465
2012-03-02,-3.475726266539275,-3.5608704,0.0043746680066506,0.004374659,0.08514414247256585
2012-03-03,-2.741433083545269,-2.6167462,0.0043747414359689,0.0043747537,-0.12468689633518615
2012-03-04,-2.7811299235444564,-2.9282966,0.0043747374662849,0.0043747225,0.14716664246506506
2012-03-05,-2.9160854345469667,-2.8824327,0.004374723970733799,0.004374727,-0.03365273534347546
2012-03-06,-3.0510409455408034,-2.7905052,0.0043747104751827,0.0043747365,-0.26053577471865985
2012-03-07,-3.1859964565433136,-3.034186,0.0043746969796316,0.004374712,-0.151810570160257
2012-03-08,-4.6528259895449455,-4.5075502,0.0043745502966783,0.0043745646,-0.14527574998195725
2012-03-09,-4.472626436539951,-4.371606,0.0043745683166336,0.004374578,-0.10102056343204069
2012-03-10,-4.292426883543629,-4.1155424,0.0043745863365889,0.0043746037,-0.17688447173943
2012-03-11,-2.482652103541136,-2.0508926,0.0043747673140669,0.0043748105,-0.43175951206469554
2012-03-12,-0.6728773235386426,-1.0302666,0.0043749482915449,0.0043749125,0.357389319031853
2012-03-13,1.0875724664599629,-0.40469354,0.0043751243365239,0.004374975,1.492266010370943
2012-03-14,1.372909101456793,0.24556215,0.0043751528701874,0.00437504,1.1273469503823834
2012-03-15,2.690966346462556,1.833392,0.0043752846759119,0.004375199,0.8575743224223338
2012-03-16,2.652142203456165,2.1666498,0.0043752807934976,0.004375232,0.48549238503575465
2012-03-17,2.6320739344564554,2.547382,0.0043752787866707,0.00437527,0.08469181813870641
2012-03-18,2.6159401594547105,2.766132,0.0043752771732932,0.004375292,-0.15019195686303854
2012-03-19,2.5998063844616395,2.7434754,0.0043752755599157,0.0043752897,-0.14366905270266717
2012-03-20,2.559239659456411,2.5651796,0.0043752715032432,0.004375272,-0.005939926954111385
2012-03-21,2.47416801145775,2.399708,0.0043752629960784,0.004375255,0.07445997884971778
2012-03-22,2.4423246044579656,2.4051409,0.0043752598117377,0.004375256,0.03718372768794609
2012-03-23,2.331948208457446,2.357161,0.0043752487740981,0.004375251,-0.025212836617016787
2012-03-24,2.219390332460283,2.2136893,0.0043752375183105,0.0043752366,0.005701005220292821
2012-03-25,2.2054353714627553,2.1720445,0.0043752361228144,0.0043752324,0.033390855853014045
2012-03-26,2.1138212594629806,2.1241007,0.0043752269614032,0.0043752277,-0.0102794256566483
2012-03-27,2.040093954455355,2.0099535,0.0043752195886727,0.0043752166,0.030140455615022876
2012-03-28,2.011305952455758,1.9351498,0.0043752167098725,0.004375209,0.07615616359925159
2012-03-29,1.9393225284599498,1.9351498,0.0043752095115301,0.004375209,0.004172739603443443
2012-03-30,1.8315658694562087,1.8551463,0.0043751987358642,0.0043752007,-0.02358041941555644
2012-03-31,1.621279343460083,1.6079037,0.0043751777072116,0.004375176,0.013375624511718698
2012-04-01,1.4934511954629164,1.5287428,0.0043751649243968,0.004375168,-0.03529159475925159
2012-04-02,0.2417308384624478,0.71391666,0.0043750397523611,0.0043750866,-0.47218582089271577
2012-04-03,1.2849114774601822,1.3464375,0.004375144070425,0.00437515,-0.06152597676345062
2012-04-04,1.1029890104562179,0.7931368,0.0043751258781783,0.0043750945,0.30985223496259606
2012-04-05,0.9376408604579167,1.0132157,0.0043751093433633,0.004375117,-0.07557480059097244
2012-04-06,0.7195014144548151,0.830989,0.0043750875294187,0.0043750983,-0.11148758872664244
2012-04-07,0.5563357384583828,0.63414216,0.0043750712128511,0.0043750787,-0.07780642195726661
2012-04-08,0.4245819694610742,0.45334947,0.0043750580374742,0.0043750606,-0.02876750163114994
2012-04-09,0.3216249624612977,0.30982625,0.0043750477417735,0.0043750466,0.011798707616632154
2012-04-10,0.23001029745770007,0.29104313,0.004375038580307,0.0043750447,-0.06103283508586377
2012-04-11,0.06772085045514409,0.11928551,0.0043750223513623,0.0043750275,-0.05156465853514369
2012-04-12,-0.006440685536984736,0.11183512,0.0043750149352087,0.0043750266,-0.11827580764544421
2012-04-13,-0.06315306054147096,-0.1104832,0.0043750092639712,0.004375004,0.04733013881651549
2012-04-14,-0.10240937254463178,-0.17630865,0.00437500533834,0.0043749977,0.07389927425350207
2012-04-15,-0.1268329715385652,-0.21513925,0.0043750028959801,0.004374994,0.08830628338906998
2012-04-16,-0.1268257135422779,-0.24855788,0.0043750028967059,0.0043749907,0.12173216697854272
2012-04-17,-0.18310044254225832,-0.28523237,0.004374997269233,0.004374987,0.10213192258911985
2012-04-18,-0.24068636753776795,-0.28523237,0.0043749915106405,0.004374987,0.04454599759361022
2012-04-19,-0.32924688654276113,-0.28523237,0.0043749826545886,0.004374987,-0.044014521411382956
2012-04-20,-0.41911524354364127,-0.35994527,0.0043749736677529,0.0043749795,-0.05916997610475272
2012-04-21,-0.47059036054238057,-0.4312694,0.0043749685202412,0.004374972,-0.0393209532700417
2012-04-22,-0.5377730875368025,-0.47786275,0.0043749618019685,0.0043749674,-0.05991034201334977
2012-04-23,-0.6128104385397237,-0.59465,0.0043749542982334,0.004374956,-0.0181604680082601
2012-04-24,-0.6817373305375435,-0.5864087,0.0043749474055442,0.0043749567,-0.09532865582059402
2012-04-25,-0.7982209915442795,-0.8066928,0.0043749357571781,0.004374935,0.008471787519898966
2012-04-26,-2.3029996525439356,-1.7208831,0.004374785279312,0.004374843,-0.5821165215167139
2012-04-27,-0.9967213515389012,-1.0312837,0.0043749159071421,0.0043749125,0.03456238469004169
2012-04-28,-1.1463632125334466,-1.7290907,0.004374900942956001,0.0043748426,0.5827274780793463
2012-04-29,-1.2960050735366657,-1.2857479,0.0043748859787699,0.004374887,-0.010257187832625192
2012-04-30,-1.4059436335370905,-1.3986995,0.0043748749849139,0.0043748757,-0.007244111518657892
2012-05-01,-1.551658332541936,-1.4366965,0.004374860413444,0.0043748715,-0.11496180315350824
2012-05-02,-1.73445841253686,-1.7124395,0.004374842133436,0.004374844,-0.022018875488520218
2012-05-03,-1.910712385541982,-1.9606457,0.0043748245080387,0.0043748193,0.049933290117197604
2012-05-04,-2.0564257145402887,-2.010992,0.0043748099367058,0.004374814,-0.045433664369390225
2012-05-05,-2.206941283541819,-2.108124,0.0043747948851489,0.0043748044,-0.09881726582636485
2012-05-06,-2.359634961538598,-2.3251114,0.0043747796157811,0.004374783,-0.034523572378441614
2012-05-07,-2.45517706754482,-2.4205635,0.0043747700615705,0.0043747732,-0.0346136081484576
2012-05-08,-2.63710010554169,-2.6234088,0.0043747518692667,0.004374753,-0.01369131113861366
2012-05-09,-2.6916294950350697,-2.6153216,0.004374746416327751,0.0043747537,-0.07630785883511848
2012-05-10,-2.7461588845371225,-2.765228,0.0043747409633888,0.004374739,0.019069148528673363
2012-05-11,-2.7771266695401224,-2.7623017,0.0043747378666103,0.0043747392,-0.014824986114219119
2012-05-12,-2.759664720543981,-2.5164049,0.0043747396128052,0.004374764,-0.2432598533717396
2012-05-13,-2.758130209536136,-2.4188192,0.0043747397662563005,0.0043747737,-0.3393110204644807
2012-05-14,-2.756595698536965,-2.4711127,0.0043747399197074,0.004374768,-0.2854829704180686
2012-05-15,-2.830761419540806,-2.5136755,0.0043747325031353,0.004374764,-0.31708596826211943
2012-05-16,0.8062013684591307,-0.42505535,0.0043750961994141,0.004374973,1.2312567232927336
2012-05-17,4.443164156459067,3.2039256,0.0043754598956929,0.0043753358,1.2392385468704443
2012-05-18,4.142562654955995,3.6337907,0.00437542983554275,0.0043753786,0.5087719235259414
2012-05-19,3.8419611534615954,4.0220933,0.0043753997753926,0.0043754177,-0.18013214258943
2012-05-20,4.126867665455239,4.525595,0.0043754282660438,0.004375468,-0.39872752268562994
2012-05-21,4.023472345458454,4.289496,0.0043754179265118,0.0043754443,-0.26602359951835286
2012-05-22,3.9440722114560818,4.3416953,0.0043754099864984,0.0043754494,-0.39762309722922096
2012-05-23,3.8114455524606434,3.7172518,0.0043753967238325,0.004375387,0.09419377481171765
2012-05-24,2.201521580461399,2.233834,0.0043752357314353,0.004375239,-0.03231244778261955
2012-05-25,3.6037830404567206,3.760433,0.0043753759575813,0.0043753916,-0.15664991814618467
2012-05-26,3.4445430654572036,2.9697535,0.0043753600335838,0.0043753125,0.4747895616577651
2012-05-27,3.282684316457951,3.3798647,0.0043753438477089,0.0043753535,-0.09718037623003717
2012-05-28,3.14133244045528,3.1283321,0.0043753297125213,0.0043753283,0.013000302393756602
2012-05-29,2.928865907459582,3.0058937,0.004375308465868,0.004375316,-0.07702779981580843
2012-05-30,2.8433583674613434,2.9768395,0.004375299915114,0.004375313,-0.1334811749275726
2012-05-31,2.631327798959318,2.6901245,0.00437527871205715,0.0043752845,-0.05879671275943199
2012-06-01,2.419297230457293,2.5041633,0.0043752575090003,0.004375266,-0.08486603477097843
2012-06-02,2.3361898539644987,2.3789852,0.0043752491982626505,0.0043752533,-0.042795312585183876
2012-06-03,2.253082477463031,2.2950683,0.004375240887525,0.004375245,-0.04198578654453744
2012-06-04,2.137693310456934,2.1425512,0.0043752293486083,0.0043752296,-0.00485787324362752
2012-06-05,2.0223041434595106,2.0546966,0.0043752178096916,0.0043752207,-0.032392416446495265
2012-06-06,1.9237095484625488,1.9351498,0.0043752079502321,0.004375209,-0.011440240393957524
2012-06-07,1.8905587674620388,1.9411702,0.004375204635154,0.0043752096,-0.050611448144650684
2012-06-08,1.8696274264613093,1.8282452,0.0043752025420199,0.0043751984,0.04138226349744212
2012-06-09,1.8696356109647316,1.8110557,0.004375202542838351,0.0043751965,0.0585799507169289
2012-06-10,1.8696437954594802,1.8110557,0.0043752025436568,0.0043751965,0.058588135211677494
2012-06-11,1.8325653804596858,1.7654895,0.0043751988358153,0.004375192,0.067075921421905
2012-06-12,1.844782323455127,1.7654895,0.0043752000575096,0.004375192,0.07929286441734629
2012-06-13,1.762771167455185,1.7508814,0.004375191856394,0.0043751905,0.011889733968246441
2012-06-14,1.6960257924556603,1.6307606,0.0043751851818565,0.0043751784,0.06526524195669792
2012-06-15,1.594376152457,1.5287428,0.0043751750168925,0.004375168,0.06563336223483196
2012-06-16,1.5132320224566649,1.4353496,0.0043751669024795,0.004375159,0.07788243883087143
2012-06-17,1.3971843294564161,1.4353496,0.0043751552977102,0.004375159,-0.03816525416937733
2012-06-18,1.2625943004562075,1.3464375,0.0043751418387073,0.00437515,-0.08384315376742535
2012-06-19,1.1280042714559984,1.1792411,0.0043751283797044,0.004375133,-0.05123678975463397
2012-06-20,1.0126115819637793,1.0284827,0.0043751168404354505,0.0043751183,-0.015871093588588847
2012-06-21,0.8972188924628866,0.8580332,0.0043751053011665,0.004375101,0.039185712226070146
2012-06-22,0.6433010784571286,0.7327253,0.0043750799093851,0.0043750885,-0.08942424378942293
2012-06-23,0.5577954434628218,0.5290943,0.0043750713588216,0.0043750685,0.02870116465041339
2012-06-24,0.4487291994578757,0.45334947,0.0043750604521972,0.0043750606,-0.004620271634348416
2012-06-25,0.2716006484559247,0.30982625,0.0043750427393421,0.0043750466,-0.03822560638874084
2012-06-26,0.14813704945874917,0.2049996,0.0043750303929822,0.004375036,-0.05686254642175925
2012-06-27,-0.0174284380417139,0.07839968,0.00437501383643345,0.0043750233,-0.09582811859658069
2012-06-28,-0.18299392554217697,-0.0922575,0.0043749972798847,0.004375006,-0.09073642584735275
2012-06-29,-0.2798435655426701,-0.17630865,0.0043749875949207,0.0043749977,-0.10353491874453624
2012-06-30,-0.3950165085395835,-0.2618679,0.0043749760776264,0.0043749893,-0.13314859791603306
2012-07-01,-0.6035589245403927,-0.50992686,0.0043749552233848,0.004374964,-0.0936320689762753
2012-07-02,-0.6969181385371032,-0.52995074,0.0043749458874634,0.0043749623,-0.16696740058391712
2012-07-03,-0.8003092855438099,-0.7276476,0.0043749355483487,0.0043749427,-0.07266168298567388
2012-07-04,-0.870979391543597,-0.87933934,0.0043749284813381,0.0043749274,0.00835994580534094
2012-07-05,-0.9246365155392983,-1.0312837,0.0043749231156257,0.0043749125,0.1066472206896446
2012-07-06,-0.9595293905435842,-1.0312837,0.0043749196263382,0.0043749125,0.07175434568535866
2012-07-07,-0.9852629155419901,-1.0312837,0.0043749170529857,0.0043749125,0.04602082068695279
2012-07-08,-1.013614923540268,-1.057162,0.0043749142177849,0.0043749097,0.043547122892227064
2012-07-09,-1.0537450745393833,-1.057162,0.0043749102047698,0.0043749097,0.003416971893111853
2012-07-10,-1.0157785075397274,-1.1524308,0.0043749140014265,0.0043749004,0.13665226524164464
2012-07-11,-1.0986701665452459,-1.2920024,0.0043749057122606,0.0043748864,0.19333227295365552
2012-07-12,-1.19595702154085,-1.2280512,0.0043748959835751,0.0043748925,0.03209416406706023
2012-07-13,-1.2657575185377745,-1.2920024,0.0043748890035254,0.0043748864,0.02624492096112685
2012-07-14,-1.3355580155433726,-1.3986995,0.0043748820234757,0.0043748757,0.06314150647506
2012-07-15,-1.4402618815374106,-1.4366965,0.0043748715530891,0.0043748715,-0.003565352148982903
2012-07-16,-1.5144247645423188,-1.4366965,0.0043748641368008,0.0043748715,-0.07772823515389105
2012-07-17,-1.6697384325452953,-1.7369405,0.004374848605434,0.0043748417,0.06720207057512706
2012-07-18,-1.8185076815398216,-1.7570456,0.0043748337285091,0.00437484,-0.06146205489950174
2012-07-19,-3.5706580645434443,-3.4869456,0.0043746585134708,0.0043746666,-0.08371243542357121
2012-07-20,-2.1854155325424367,-2.0753534,0.004374797037724,0.0043748077,-0.11006214852449236
2012-07-21,-2.3075714975385324,-2.431372,0.0043747848221275,0.0043747723,0.12380042972282013
2012-07-22,-2.4947342935378867,-2.306914,0.0043747661058479,0.004374785,-0.18782020242765718
2012-07-23,-2.7189810345405743,-2.726632,0.0043747436811738,0.0043747425,0.007651083684523385
2012-07-24,-2.82063080153834,-2.8148267,0.0043747335161971,0.004374734,-0.005804074624887967
2012-07-25,-2.9209716855427974,-2.996082,0.0043747234821087,0.004374716,0.07511038194682662
2012-07-26,-2.9898993645412903,-2.7905052,0.0043747165893408,0.0043747365,-0.1993941937191468
2012-07-27,-3.2272338445441666,-3.0591974,0.0043746928558928,0.0043747094,-0.16803641870188146
2012-07-28,-3.3524420425378594,-3.154435,0.004374680335073,0.0043747,-0.19800712318055957
2012-07-29,-3.327135148544283,-3.2088432,0.0043746828657624,0.0043746945,-0.11829191734311095
2012-07-30,-3.485057774544817,-3.394826,0.0043746670734998,0.004374676,-0.09023183918104749
2012-07-31,-3.549623543543448,-3.1259456,0.0043746606169229,0.004374703,-0.4236779754587312
2012-08-01,-3.6490873955418586,-3.2153683,0.0043746506705377,0.004374694,-0.43371912466783513
2012-08-02,-3.6752585005385416,-3.5688593,0.0043746480534272,0.0043746587,-0.10639916177816566
2012-08-03,-3.7171332805448905,-3.5688593,0.0043746438659492,0.0043746587,-0.14827394178451447
2012-08-04,-3.715815609537862,-3.627486,0.0043746439977163,0.0043746526,-0.08832961901357006
2012-08-05,-3.7633625725452813,-3.740319,0.00437463924302,0.0043746415,-0.023043558949700227
2012-08-06,-3.810473964537681,-3.740319,0.0043746345318808,0.0043746415,-0.07015495094209978
2012-08-07,-3.812211799543788,-3.7679977,0.0043746343580973,0.0043746387,-0.04421405784456933
2012-08-08,-3.8479837355387403,-3.8602788,0.0043746307809037,0.0043746294,0.012295109294633733
2012-08-09,-3.883755671542366,-3.8602788,0.0043746272037101,0.0043746294,-0.023476826708991982
2012-08-10,-3.978856123543553,-3.9161208,0.0043746176936649,0.0043746238,-0.06273535595016932
2012-08-11,0.24993606096215815,-0.6650324,0.00437504057288335,0.004374949,0.9149684477419433
2012-08-12,4.478728245459196,3.6398706,0.0043754634521018,0.0043753795,0.8388576018434737
2012-08-13,4.390605038463724,4.071745,0.0043754546397811005,0.0043754224,0.31886011964048144
2012-08-14,4.302481831459579,4.4170237,0.0043754458274604,0.0043754573,-0.11454182729286266
2012-08-15,4.149349082461021,4.4958286,0.0043754305141855,0.0043754647,-0.346479546079018
2012-08-16,2.0106374174627684,2.083012,0.004375216643019,0.0043752235,-0.07237468657165547
2012-08-17,2.77285389196566,2.7226808,0.004375292864666451,0.004375288,0.05017308485201255
2012-08-18,3.5350703664598777,3.1960974,0.0043753690863139,0.004375335,0.33897299249747537
2012-08-19,3.4805402084579775,3.152435,0.0043753636332981,0.0043753306,0.3281051441421816
2012-08-20,3.19739427445849,3.1283321,0.0043753353187047,0.0043753283,0.06906213639696634
2012-08-21,3.0800380794622493,3.1283321,0.0043753235830852,0.0043753283,-0.04829405859927416
2012-08-22,2.9037850854569944,2.9768395,0.0043753059577858,0.004375313,-0.07305445693192159
2012-08-23,3.0988158324606054,3.0540328,0.0043753254608605,0.004375321,0.044783029878818326
2012-08-24,2.6895792924579167,2.723335,0.0043752845372065,0.004375288,-0.033755735236785434
2012-08-25,2.610619661462879,2.7729518,0.0043752766412434,0.0043752925,-0.16233217989149118
2012-08-26,2.5674358224581777,2.5374084,0.0043752723228595,0.004375269,0.030027470559984337
2012-08-27,2.512471665456345,2.5336628,0.0043752668264438,0.0043752687,-0.021191130564162997
2012-08-28,2.4147517664607765,2.3438144,0.0043752570544539,0.0043752496,0.07093739344441907
2012-08-29,2.3933823064571644,2.3483233,0.0043752549175079,0.00437525,0.04505896127283826
2012-08-30,2.3384181744613706,2.3669517,0.0043752494210947,0.004375252,-0.028533529563897986
2012-08-31,2.3122494914595837,2.339099,0.0043752468042264,0.004375249,-0.026849438899303024
2012-09-01,2.2825897144553715,2.3032987,0.0043752438382487,0.004375246,-0.02070899732136189
2012-09-02,2.2520558494616703,2.2314153,0.0043752407848622,0.0043752384,0.020640577702637053
2012-09-03,2.2219609114616787,2.1876798,0.0043752377753684,0.0043752342,0.034281143853036156
2012-09-04,2.1565238654628476,2.1620617,0.0043752312316638,0.0043752315,-0.00553782582133211
2012-09-05,1.21238538295515,1.6218685,0.00437513681781555,0.0043751774,-0.40948310821764045
2012-09-06,0.2682469004561261,0.93907505,0.0043750424039673,0.0043751094,-0.6708281522820636
2012-09-07,1.9196381244573208,1.6188456,0.0043752075430897,0.0043751774,0.30079254244895903
2012-09-08,1.8574704839600247,1.2854481,0.00437520132632565,0.004375144,0.5720224096192044
2012-09-09,1.795302843462729,1.7186166,0.0043751951095616,0.004375187,0.07668623865773627
2012-09-10,1.6262504004549427,1.5907142,0.0043751782043173,0.0043751746,0.03553618422264293
2012-09-11,1.4571979574558303,1.5287428,0.004375161299073,0.004375168,-0.07154483276633772
2012-09-12,1.3586021914598068,1.4168494,0.0043751514394964,0.004375157,-0.0582471833113114
2012-09-13,1.332425273456797,1.3882611,0.0043751488218046,0.004375154,-0.05583580633141105
2012-09-14,1.1448269434614216,1.1442641,0.0043751300619716,0.00437513,0.0005628414793048542
2012-09-15,0.8926604224551715,0.99872476,0.0043751048453195,0.004375115,-0.106064336169859
2012-09-16,0.7238227604615399,0.8254055,0.0043750879615533,0.004375098,-0.1015827180159381
2012-09-17,0.5283715134602601,0.5417769,0.0043750684164286,0.0043750694,-0.013405382062811166
2012-09-18,0.35648132145835176,0.30982625,0.0043750512274094,0.0043750466,0.046655066613686236
2012-09-19,0.10562180645726227,0.22378269,0.0043750261414579,0.0043750377,-0.11816088192202545
2012-09-20,0.0052828004557664565,0.11928551,0.0043750161075573,0.0043750275,-0.11400270853452132
2012-09-21,-0.040088028539081444,-0.065578,0.0043750115704744,0.004375009,0.025489970218280922
2012-09-22,0.1532030694580827,-0.035099514,0.0043750308995842,0.0043750117,0.18830258328683713
2012-09-23,0.03999283245716134,-0.15964423,0.0043750195785605,0.0043749996,0.19963706365737954
2012-09-24,-0.07321740454376002,-0.1645068,0.0043750082575368,0.004374999,0.09128938847839574
2012-09-25,-0.4846325065387125,-0.25768688,0.0043749671160266,0.00437499,-0.22694562332757662
2012-09-26,-0.5243199975406287,-0.29651746,0.0043749631472775,0.0043749856,-0.22780253600231393
2012-09-27,-0.5186389645441686,-0.50910306,0.0043749637153808,0.0043749646,-0.009535904775491821
2012-09-28,-0.54698966754467,-0.54972416,0.0043749608803105,0.0043749604,0.0027344940802384032
2012-09-29,-0.5731592755443826,-0.54972416,0.0043749582633497,0.0043749604,-0.02343511391947417
2012-09-30,-0.5844948615385537,-0.5864087,0.0043749571297911,0.0043749567,0.0019138131783957846
2012-10-01,-0.6294251255443972,-0.5932384,0.0043749526367647,0.0043749562,-0.0361867122105044
2012-10-02,-0.6542931465375323,-0.66293335,0.0043749501499626,0.0043749493,0.008640203071842656
2012-10-03,-0.7681529295370387,-0.7419785,0.0043749387639843,0.0043749413,-0.02617440342162125
2012-10-04,-0.8322809115415136,-0.8721013,0.0043749323511861,0.0043749283,0.03982039537376958
2012-10-05,-0.9173506415431631,-1.0166286,0.0043749238442131,0.004374914,0.09927798146556488
2012-10-06,-0.9888956175371083,-1.0312837,0.0043749166897155,0.0043749125,0.042388118691834564
2012-10-07,-1.1284998445437733,-1.106904,0.0043749027292928,0.0043749046,-0.021595814697581872
2012-10-08,-1.2375661435394536,-1.1798651,0.0043748918226629,0.0043748976,-0.057701021698022936
2012-10-09,-1.3317988095413318,-1.3986995,0.0043748823993963,0.0043748757,0.06690071247710083
2012-10-10,-1.506743640541583,-1.3986995,0.0043748649049132,0.0043748757,-0.10804411852315043
2012-10-11,-1.6297713385446388,-1.4366965,0.0043748526021434,0.0043748715,-0.1930748091562111
2012-10-12,-1.7946821635403398,-1.7570456,0.0043748361110609,0.00437484,-0.03763653690002
2012-10-13,-2.086117243541366,-2.0880895,0.0043748069675529,0.004374807,0.001972222553604741
2012-10-14,-2.21917893354108,-2.108124,0.0043747936613839,0.0043748044,-0.11105491582562577
2012-10-15,-2.3819094255392996,-2.3317513,0.0043747773883347,0.004374782,-0.050158078951164864
2012-10-16,-2.6541475465439306,-2.5583541,0.0043747501645226,0.0043747597,-0.09579340721592766
2012-10-17,-2.825601590544444,-2.8529587,0.0043747330191182,0.00437473,0.02735708865477493
2012-10-18,-2.966077146540971,-3.1227517,0.0043747189715626,0.004374703,0.15667456625810106
2012-10-19,-3.056379202538706,-2.8739285,0.004374709941357,0.004374728,-0.1824506556331884
2012-10-20,-3.0803726735421226,-2.9539678,0.0043747075420099,0.00437472,-0.1264048638649986
2012-10-21,-3.170674319537964,-3.0821238,0.0043746985118453,0.004374707,-0.08855056312927267
2012-10-22,-3.2609759655424786,-3.269751,0.0043746894816807,0.0043746885,0.008775106387453047
2012-10-23,-3.345823295043335,-3.2762976,0.00437468099694775,0.0043746876,-0.06952572576843252
2012-10-24,-3.4306706245441907,-3.2853985,0.0043746725122148,0.0043746866,-0.1452721412678235
2012-10-25,-3.106495094539266,-3.0124247,0.0043747049297678,0.004374714,-0.09407038712654625
2012-10-26,-3.157539597538686,-2.7359285,0.0043746998253175,0.0043747416,-0.4216110620772602
2012-10-27,-3.2892868055429263,-2.8883457,0.0043746866505967,0.0043747267,-0.40094108715913723
2012-10-28,-3.3521041735429247,-3.2762976,0.0043746803688599,0.0043746876,-0.07580660426802233
2012-10-29,-3.4258288995371586,-3.2059877,0.0043746729963873,0.004374695,-0.21984120765788617
2012-10-30,-3.474468054038074,-2.99431,0.00437466813247185,0.004374716,-0.4801581518469118
2012-10-31,-3.523107208538989,-3.0707848,0.0043746632685564,0.0043747085,-0.452322401333789
2012-11-01,3.8524625794577467,2.3435996,0.0043754008255352,0.0043752496,1.5088630215811598
2012-11-02,4.185579641456661,2.6326573,0.0043754341372414,0.0043752785,1.552922351951656
2012-11-03,4.518696703464248,4.951705,0.0043754674489476005,0.0043755104,-0.4330082754786231
2012-11-04,4.851813765463161,4.9904385,0.0043755007606538,0.0043755146,-0.1386246958405497
2012-11-05,5.184930827462075,5.024666,0.00437553407236,0.004375518,0.1602649949425441
2012-11-06,5.204577959456308,5.561182,0.0043755360370732,0.0043755714,-0.3566040626384188
2012-11-07,5.047522220460662,5.036917,0.0043755203314993,0.004375519,0.010605010835417872
2012-11-08,4.871413107794542,5.220106,0.0043755027205880336,0.0043755374,-0.34869301708338796
2012-11-09,4.695303995128422,5.0550947,0.004375485109676767,0.004375521,-0.35979072380468313
2012-11-10,4.519194882462302,5.1249084,0.0043754674987655,0.004375528,-0.605713564803323
2012-11-11,4.285782854458048,4.550665,0.0043754441575627,0.0043754703,-0.2648820472753508
2012-11-12,4.0859694884574225,4.2182016,0.0043754241762261,0.0043754373,-0.13223214881064393
2012-11-13,3.860853033457734,4.0966325,0.0043754016645806,0.004375425,-0.23577944716360388
2012-11-14,3.746553027461283,3.8589556,0.00437539023458,0.0043754014,-0.1124025942580773
2012-11-15,3.611313694456414,3.7295353,0.0043753767106467,0.0043753884,-0.11822164680640324
2012-11-16,3.4760743614602188,3.2181463,0.0043753631867134,0.004375337,0.2579280373025039
2012-11-17,3.4263471894620254,3.4290528,0.0043753582139962,0.004375358,-0.0027056402804062074
2012-11-18,3.376620017455159,3.3252828,0.004375353241279,0.004375348,0.05133720533662878
2012-11-19,3.36005086245747,3.3252828,0.0043753515843635,0.004375348,0.034768050338939815
2012-11-20,3.2187022514559156,3.1283321,0.0043753374495024,0.0043753283,0.09037011339439216
2012-11-21,3.256886472961101,3.3232992,0.00437534126792455,0.004375348,-0.06641269657930415
2012-11-22,3.2950706944576136,3.3349845,0.0043753450863467,0.004375349,-0.039913846481717474
2012-11-23,3.237924955457397,3.1283321,0.0043753393717728,0.0043753283,0.10959281739587334
2012-11-24,3.254513012461782,3.3232992,0.0043753410305785,0.004375348,-0.06878615707862323
2012-11-25,3.1485030964600176,3.1125543,0.0043753304295869,0.0043753264,0.035948784707698245
2012-11-26,3.117315698457357,3.1283321,0.0043753273108471,0.0043753283,-0.011016439604166539
2012-11-27,3.08612830046337,3.099278,0.0043753241921073,0.0043753255,-0.013149672711678662
2012-11-28,0.8710557384584983,1.6948577,0.0043751026848511,0.004375185,-0.8238019781018655
2012-11-29,2.8963579334559397,2.9315944,0.0043753052150706,0.0043753088,-0.03523643833971457
2012-11-30,2.8043058414566753,2.0317829,0.0043752960098614,0.0043752184,0.7725229759323833
2012-12-01,2.7122537494574104,2.6203392,0.0043752868046522,0.0043752776,0.09191459426026682
2012-12-02,2.556071219458195,2.635951,0.0043752711863992,0.004375279,-0.07987982271709804
2012-12-03,2.439589886459037,2.466947,0.0043752595382659,0.004375262,-0.027357192245796913
2012-12-04,2.367387593460446,2.319859,0.0043752523180366,0.0043752473,0.0475285655978972
2012-12-05,2.295185300461855,2.357161,0.0043752450978073,0.004375251,-0.06197574461260791
2012-12-06,2.0888309504567966,2.1783512,0.0043752244623723,0.0043752333,-0.08952021340733918
2012-12-07,1.8285899609608858,2.00913,0.00437519843827335,0.004375216,-0.18054004010722946
2012-12-08,1.5683489714563015,1.6646801,0.0043751724141744,0.0043751816,-0.09633115187286112
2012-12-09,1.3159615054603169,1.4570204,0.0043751471754278,0.004375161,-0.141058896494334
2012-12-10,1.0635740394556588,1.2078294,0.0043751219366812,0.004375136,-0.14425531673788372
2012-12-11,0.8685621704588448,1.0043107,0.0043751024354943,0.004375116,-0.13574855666060104
2012-12-12,1.0299976984599195,1.0030924,0.0043751185790471,0.0043751155,0.026905290279682692
2012-12-13,0.8077184819599292,0.7392846,0.00437509635112545,0.0043750894,0.06843390697442508
2012-12-14,0.5854392654599389,0.6779167,0.0043750741232038,0.0043750834,-0.09247744014842907
2012-12-15,0.46983246545888313,0.48789784,0.0043750625625238,0.0043750643,-0.01806537766359917
2012-12-16,0.3542256654578274,0.30982625,0.0043750510018438,0.0043750466,0.04439941061316188
2012-12-17,0.35139878295370464,0.29104313,0.0043750507191555495,0.0043750447,0.06035565041014079
2012-12-18,0.3485719004582555,0.29104313,0.0043750504364673,0.0043750447,0.057528767914691636
2012-12-19,0.3311291584592174,0.29104313,0.0043750486921931,0.0043750447,0.04008602591565358
2012-12-20,0.31281589146260613,0.29104313,0.0043750468608664,0.0043750447,0.02177275891904229
2012-12-21,0.3054069089639122,0.29104313,0.0043750461199681505,0.0043750447,0.014363776420348362
2012-12-22,0.29799792645654466,0.29104313,0.0043750453790699,0.0043750447,0.006954793912980817
2012-12-23,-0.08681062254461969,0.06113284,0.004375006898215,0.0043750214,-0.14794346335682595
2012-12-24,-0.13828720004174788,0.06113284,0.00437500175055725,0.0043750214,-0.19942004085395415
2012-12-25,-0.18976377753887608,-0.17630865,0.0043749966028995,0.0043749977,-0.013455130740742227
2012-12-26,-0.2697406420362064,-0.28523237,0.0043749886052130505,0.004374987,0.015491723095171772
2012-12-27,-0.34971750654221034,-0.32322016,0.0043749806075266,0.0043749833,-0.02649734295845485
2012-12-28,-0.42969437103954067,-0.35994527,0.00437497260984015,0.0043749795,-0.06974910360065212
2012-12-29,-0.509671235536871,-0.41719383,0.0043749646121537,0.0043749735,-0.09247740552359585
2012-12-30,-0.5896481000428749,-0.52995074,0.00437495661446725,0.0043749623,-0.0596973620896889
2012-12-31,-0.6696249645402053,-0.5864087,0.0043749486167808,0.0043749567,-0.0832162898232558
2013-01-01,-0.7361507527864353,-0.63485223,0.0043749419642019755,0.004374952,-0.10129852223757663
2013-01-02,-0.8026765410413389,-0.8721013,0.00437493531162315,0.0043749283,0.0694247658739443
2013-01-03,-0.8692023292962425,-0.87933934,0.0043749286590443245,0.0043749274,0.010137008052695462
2013-01-04,-0.9357281175424725,-1.0312837,0.0043749220064655,0.0043749125,0.09555561868647033
2013-01-05,-1.3859402818710427,-1.1620495,0.004374876985249067,0.004374899,-0.22389074993439717
2013-01-06,-1.836152446208286,-1.3593444,0.004374831964032633,0.0043748794,-0.47680808299570066
2013-01-07,-2.2863646105368565,-1.9335072,0.0043747869428162,0.004374822,-0.35285740648107033
2013-01-08,-2.4181208735374327,-2.2647429,0.0043747737671899,0.004374789,-0.15337802228010844
2013-01-09,-3.905882727537127,-3.9024084,0.0043746249910045,0.004374625,-0.0034743661021905403
2013-01-10,-2.6401882375400727,-2.6234088,0.0043747515604535,0.004374753,-0.01677944313699653
2013-01-11,-2.812954280539612,-2.5208807,0.0043747342838492,0.0043747635,-0.2920735813818971
2013-01-12,-2.8845041295452734,-2.8494775,0.0043747271288643,0.0043747304,-0.03502660001951652
2013-01-13,-2.9560539785422613,-2.845015,0.0043747199738794,0.004374731,-0.11103892956154837
2013-01-14,-3.073412859540964,-2.9390244,0.0043747082379913,0.0043747216,-0.1343884111461886
2013-01-15,-3.2274185745445605,-3.1104705,0.0043746928374198,0.0043747043,-0.11694804117358881
2013-01-16,-3.353502372538744,-3.2378502,0.00437468022904,0.0043746918,-0.11565218332975968
2013-01-17,-3.4477372335382785,-3.2853985,0.0043746708055539,0.0043746866,-0.16233875026191136
2013-01-18,-3.5328104735447146,-3.394826,0.0043746622982299,0.004374676,-0.13798453818094503
2013-01-19,-3.5934529350398203,-3.1734905,0.00437465623398375,0.004374698,-0.41996241074782814
2013-01-20,-3.6540953965435996,-3.176587,0.0043746501697376,0.004374698,-0.4775082917462363
2013-01-21,-3.7588009165444305,-3.6495883,0.0043746396991856,0.0043746503,-0.10921257006310725
2013-01-22,-3.8334035042109083,-3.7791507,0.004374632238926833,0.0043746373,-0.05425277979989751
2013-01-23,-3.908006091877386,-3.8255408,0.004374624778668066,0.0043746326,-0.08246531085626785
2013-01-24,-3.982608679543864,-3.8934214,0.0043746173184093,0.004374626,-0.08918726802958199
2013-01-25,-4.065935742545227,-3.7451634,0.004374608985703,0.004374641,-0.320772301840881
2013-01-26,-4.155807971544315,-3.5457609,0.0043745999984801,0.004374661,-0.6100471015644562
2013-01-27,-4.200962326044583,-3.6186922,0.00437459548304465,0.0043746536,-0.582270166391873
2013-01-28,-4.2461166805448505,-4.040504,0.0043745909676092,0.004374611,-0.20561270181560243
2013-01-29,-4.413210316538477,-4.740043,0.0043745742582456,0.0043745413,0.32683284676108393
2013-01-30,-6.010917931540543,-4.992579,0.0043744144874841,0.004374516,-1.0183389482336587
2013-01-31,-4.354299668538064,-4.546301,0.0043745801493104,0.004374561,0.19200121952345928
2013-02-01,-4.453989065041422,-3.3321095,0.00437457018037075,0.004374682,-1.1218796137474767
2013-02-02,-4.55367846154478,-4.268105,0.0043745602114311,0.0043745884,-0.2855734314849654
2013-02-03,-4.707249813542743,-4.253278,0.0043745448542959,0.0043745902,-0.45397203491725513
2013-02-04,-4.808465637537451,-4.1360416,0.0043745347327135,0.004374602,-0.6724239963020997
2013-02-05,-4.806717144537759,-4.208184,0.0043745349075628,0.0043745944,-0.5985333791263816
2013-02-06,2.5378699914594542,1.3258451,0.0043752693662764,0.004375148,1.212024869122113
2013-02-07,2.500789691457089,1.3309206,0.0043752656582464,0.0043751486,1.1698691144078337
2013-02-08,2.364888295452311,2.263205,0.004375252068106799,0.0043752417,0.10168324403019202
2013-02-09,2.2289868994562063,2.2852776,0.0043752384779672,0.004375244,-0.05629070560055638
2013-02-10,2.1059574214620653,2.1783512,0.0043752261750194,0.0043752333,-0.07239374240207042
2013-02-11,2.0477154759595413,2.0546966,0.00437522035082485,0.0043752207,-0.006981083946464572
2013-02-12,1.9894735304570172,1.9351498,0.0043752145266303,0.004375209,0.0543237416005109
2013-02-13,1.90134780845945,1.8946921,0.0043752057140581,0.004375205,0.006655745127845947
2013-02-14,1.852921921955547,1.8636615,0.00437520087146945,0.0043752016,-0.010739605678119934
2013-02-15,1.804496035460318,1.7799141,0.0043751960288808,0.0043751933,0.024581894759023948
2013-02-16,1.7024096984549764,1.6466255,0.0043751858202471,0.00437518,0.055784179656148236
2013-02-17,1.6090476774588414,1.578871,0.004375176484045,0.0043751732,0.030176665724832574
2013-02-18,1.6518087031253819,1.5747347,0.004375180760147567,0.004375173,0.07707401532020608
2013-02-19,1.6945697287919226,1.5532323,0.004375185036250133,0.004375171,0.14133741658946897
2013-02-20,1.7373307544584633,1.5532323,0.0043751893123527,0.004375171,0.1840984422560097
2013-02-21,1.659674758458518,1.4972064,0.0043751815467531,0.0043751653,0.1624683089498511
2013-02-22,1.5584588694550483,1.5128778,0.0043751714251642,0.0043751667,0.045581047532746055
2013-02-23,1.5021792984515336,1.4353496,0.004375165797207099,0.004375159,0.06682971482574018
2013-02-24,1.4458997274566925,1.4353496,0.00437516016925,0.004375159,0.010550143830899028
2013-02-25,1.2857863214595089,1.3464375,0.0043751441579094,0.00437515,-0.06065113276412393
2013-02-26,1.1631922374605308,1.1792411,0.004375131898501,0.004375133,-0.016048823750101526
2013-02-27,1.0425615809550592,1.1544347,0.00437511983543535,0.004375131,-0.11187309998366146
2013-02-28,0.9219309244582613,0.8519698,0.0043751077723697,0.0043751006,0.06996114592051106
2013-03-01,0.8111165994591218,0.8753558,0.0043750966909372,0.004375103,-0.06423918066554246
2013-03-02,0.7079370349574038,0.73784935,0.00437508637298075,0.004375089,-0.02991231978655373
2013-03-03,0.6047574704556857,0.56657296,0.0043750760550243,0.004375072,0.03818450626424896
2013-03-04,0.47649180145818704,0.45334947,0.0043750632284574,0.0043750606,0.023142330365962915
2013-03-05,0.3456079594559014,0.30982625,0.0043750501400732,0.0043750466,0.035781704611235865
2013-03-06,0.18112899945535443,0.21033734,0.0043750336921772,0.0043750363,-0.029208341376402158
2013-03-07,0.08558503945474416,0.11928551,0.0043750241377812,0.0043750275,-0.03370046953554362
2013-03-08,-0.009958920537192495,0.012916697,0.0043750145833852,0.004375017,-0.02287561772640434
2013-03-09,-0.11771893853804172,-0.1237307,0.0043750038073834,0.004375003,0.006011758199724548
2013-03-10,-0.22962422153820217,-0.17630865,0.0043749926168551,0.0043749977,-0.05331557474006832
2013-03-11,-0.3415295045383626,-0.21513925,0.0043749814263268,0.004374994,-0.12639024961072742
2013-03-12,-0.4601968355433944,-0.42087486,0.0043749695595937,0.0043749735,-0.03932197168040308
2013-03-13,-0.5692660955385759,-0.45916682,0.0043749586526677,0.0043749693,-0.11009927072091841
2013-03-14,-0.6813892045390291,-0.52995074,0.0043749474403568,0.0043749623,-0.15143846658584303
2013-03-15,-0.7799874840452858,-0.5932384,0.00437493758052885,0.0043749562,-0.18674907071139302
2013-03-16,-0.878585763542869,-0.87933934,0.0043749277207009,0.0043749274,0.0007535738060689967
2013-03-17,-0.9828553485403263,-1.0166286,0.0043749172937424,0.004374914,0.033773274468401726
2013-03-18,-1.0349901370405172,-1.0312837,0.00437491208026355,0.0043749125,-0.003706400811574362
2013-03-19,-1.0871249255407083,-1.106904,0.0043749068667847,0.0043749046,0.01977910430548313
2013-03-20,-1.2328403725409691,-1.2280512,0.00437489229524,0.0043748925,-0.004789186933058964
2013-03-21,-1.355433247541768,-1.347148,0.0043748800359525,0.004374881,-0.008285305952412614
2013-03-22,-1.4522857885376772,-1.3986995,0.0043748703506984,0.0043748757,-0.053586266519244585
2013-03-23,-1.5013666035401663,-1.4082046,0.0043748654426169,0.0043748748,-0.09316204802869166
2013-03-24,-1.5504474185426553,-1.6637062,0.0043748605345354,0.004374849,0.11325876489087738
2013-03-25,-1.6438100135414413,-1.6637062,0.0043748511982759,0.004374849,0.01989616989209142
2013-03-26,-1.787343927540583,-1.7775606,0.0043748368448845,0.0043748375,-0.00978333584289004
2013-03-27,-1.8761256180381547,-1.8815157,0.00437482796671545,0.0043748273,0.005390123310111905
2013-03-28,-1.9649073085444002,-1.9820191,0.0043748190885464,0.004374817,0.0171117582662077
2013-03-29,-2.085755147537144,-2.0640295,0.0043748070037625,0.004374809,-0.02172569235220756
2013-03-30,-2.1797721395412637,-2.145174,0.0043747976020633,0.0043748007,-0.034598113052005885
2013-03-31,-2.2737891315367103,-2.2587965,0.0043747882003641,0.0043747895,-0.014992678060758102
2013-04-01,-2.333340144034662,-2.3692858,0.004374782245262851,0.0043747784,0.035945677880010685
2013-04-02,-2.392891156541288,-2.4343402,0.0043747762901616,0.004374772,0.04144908202987896
2013-04-03,-2.4890166742085054,-2.485618,0.004374766677609833,0.0043747667,-0.0033985597370698173
2013-04-04,-2.5851421918757223,-2.6234088,0.0043747570650580665,0.004374753,0.03826660252735392
2013-04-05,-2.681267709542939,-2.6305344,0.0043747474525063,0.0043747523,-0.05073329906625457
2013-04-06,-3.2593472255437046,-3.3533127,0.0043746896445547,0.00437468,0.09396550524547997
2013-04-07,-3.2970841095433108,-3.3533127,0.0043746858708663,0.00437468,0.0562286212458738
2013-04-08,-3.334820993542917,-3.1835308,0.0043746820971779,0.004374697,-0.15129018604779976
2013-04-09,-3.166841741541679,-3.0291097,0.0043746988951031,0.0043747127,-0.1377320251262737
2013-04-10,3.6005319834549883,2.0192316,0.0043753756324756,0.0043752175,1.581300425608919
2013-04-11,3.553853260458706,1.787058,0.0043753709646033,0.004375194,1.7667952646625023
2013-04-12,3.4980121364595886,3.3901567,0.0043753653804909,0.0043753544,0.10785539054894411
2013-04-13,3.4467501444646054,3.3857458,0.0043753602542917006,0.004375354,0.061004380685918846
2013-04-14,3.3954881524609486,3.3252828,0.0043753551280925,0.004375348,0.07020534034241832
2013-04-15,3.289040369459581,3.3232992,0.0043753444833142,0.004375348,-0.03425880008082416
2013-04-16,3.2078939644561433,3.1283321,0.0043753363686737,0.0043753283,0.07956182639461984
2013-04-17,3.1250026054623765,3.1283321,0.0043753280795378,0.0043753283,-0.0033295325991469227
2013-04-18,3.025095769455116,3.1125543,0.0043753180888542,0.0043753264,-0.0874585422972034
2013-04-19,2.9173358524585415,2.9768395,0.0043753073128625,0.004375313,-0.05950368993037447
2013-04-20,2.818737687461381,2.8556018,0.004375297453046,0.004375301,-0.03686410010575747
2013-04-21,2.7652941384653795,2.8212702,0.004375292108691101,0.0043752976,-0.05597608896687145
2013-04-22,2.7118505894607043,2.723335,0.0043752867643362,0.004375288,-0.011484438233997807
2013-04-23,2.564389667957662,2.635951,0.00437527201824405,0.004375279,-0.07156137421763109
2013-04-24,2.4169287464632925,2.4056206,0.0043752572721519,0.004375256,0.011308171512120602
2013-04-25,2.3072053354639133,2.319859,0.0043752462998108005,0.0043752473,-0.012653692398635563
2013-04-26,2.19748192445586,2.2356975,0.0043752353274697,0.004375239,-0.038215583402416264
2013-04-27,2.0827420354595922,2.1425512,0.0043752238534808,0.0043752296,-0.05980914824096928
2013-04-28,1.9839257714600322,2.0099535,0.0043752139718544,0.0043752166,-0.026027727380299792
2013-04-29,1.8851095074604722,1.9351498,0.004375204090228,0.004375209,-0.050040281396034114
2013-04-30,1.599778121459325,1.5931916,0.0043751755570894,0.0043751746,0.006586497771580824
2013-05-01,1.3144467354581773,1.4688636,0.0043751470239508,0.004375162,-0.15441687099476464
2013-05-02,1.218758035126735,1.3073076,0.004375137455080767,0.0043751462,-0.08854956584830154
2013-05-03,1.1230693347866194,1.14985,0.004375127886210733,0.0043751304,-0.026780676085267796
2013-05-04,1.0273806344551772,1.0473435,0.0043751183173407,0.00437512,-0.019962858052757326
2013-05-05,0.9412173054574452,0.9023358,0.0043751097010078,0.0043751057,0.038881482875200324
2013-05-06,0.8550539764597131,0.8840354,0.0043751010846749,0.004375104,-0.02898143203714354
2013-05-07,0.7765261604564255,0.79240304,0.0043750932318933,0.0043750945,-0.015876881860011238
2013-05-08,0.694944060457281,0.63163537,0.0043750850736833,0.0043750787,0.06330869258695015
2013-05-09,0.6491358554589627,0.56657296,0.0043750804928628,0.004375072,0.08256289126752592
2013-05-10,0.6033276504606444,0.56657296,0.0043750759120423,0.004375072,0.03675468626920764
2013-05-11,0.5208729764605985,0.46069235,0.0043750676665749,0.0043750615,0.06018063036455967
2013-05-12,0.403080490461033,0.45334947,0.0043750558873263,0.0043750606,-0.05026898063119112
2013-05-13,0.3249885464559621,0.29104313,0.0043750480781319,0.0043750447,0.03394541391239825
2013-05-14,0.22900874945518124,0.29104313,0.0043750384801522,0.0043750447,-0.062034383088382605
2013-05-15,0.14044597245604917,0.2049996,0.0043750296238745,0.004375036,-0.06455362342445925
2013-05-16,0.03137759745606983,0.022871183,0.004375018717037,0.0043750177,0.008506414224596859
2013-05-17,-0.05784005854131413,-0.036762483,0.0043750097952714,0.0043750117,-0.02107757512332631
2013-05-18,-0.1470577145386981,-0.17630865,0.0043750008735058,0.0043749977,0.029250932259435758
2013-05-19,-0.09469569853953752,-0.21513925,0.0043750061097074,0.004374994,0.12044355638809767
2013-05-20,-0.198965271541382,-0.28523237,0.0043749956827501,0.004374987,0.08626709358999618
2013-05-21,-0.25459018154067037,-0.2589524,0.0043749901202591,0.0043749893,0.00436222748833659
2013-05-22,-0.31021509153995874,-0.31282562,0.0043749845577681,0.004374984,0.0026105286344492162
2013-05-23,-1.7944881535413015,-0.9641169,0.0043748361304619,0.004374919,-0.8303712821843374
2013-05-24,-0.6435309715408649,-0.50992686,0.0043749512261801,0.004374964,-0.13360411597674748
2013-05-25,-0.7004646315408869,-1.1914792,0.0043749455328141,0.004374896,0.4910145745443182
2013-05-26,-0.7573982915409089,-0.8625616,0.0043749398394481,0.0043749292,0.10516329197807306
2013-05-27,-0.9310340075372597,-1.0166286,0.0043749224758765,0.004374914,0.0855946154714683
2013-05-28,-1.442369105542074,-1.1473944,0.0043748713423667,0.004374901,-0.2949746868256433
2013-05-29,-1.9537042035382146,-1.4725839,0.0043748202088569,0.0043748682,-0.48112031357697194
2013-05-30,-2.4650393015430287,-2.2402864,0.0043747690753471,0.0043747914,-0.2247529512927846
2013-05-31,-1.6535184835415884,-1.7387545,0.0043748502274289,0.0043748417,0.08523602733792823
2013-06-01,-1.7617139265371091,-1.9259987,0.0043748394078846,0.0043748226,0.1642847612070315
2013-06-02,-1.8437327370390832,-1.8635517,0.00437483120600355,0.004374829,0.019818998838907476
2013-06-03,-1.9257515475410574,-1.9820191,0.0043748230041225,0.004374817,0.05626751926955054
2013-06-04,-2.012132704542688,-1.9706951,0.0043748143660068,0.0043748184,-0.0414375665650879
2013-06-05,-2.0177997115365667,-2.0518396,0.0043748137993061004,0.00437481,0.03403987853606516
2013-06-06,-2.023466718539119,-2.0518396,0.0043748132326054,0.00437481,0.028372871533512978
2013-06-07,-2.119664601046151,-2.145174,0.0043748036128171495,0.0043748007,0.02550942544310697
2013-06-08,-2.215862483544509,-2.1779447,0.0043747939930289,0.0043747975,-0.0379178233577413
2013-06-09,-2.27410461654462,-2.2587965,0.0043747881688156,0.0043747895,-0.015308163068668001
2013-06-10,-2.332346749544731,-2.3692858,0.0043747823446023,0.0043747784,0.03693907236994187
2013-06-11,-2.4976938645376174,-2.485618,0.0043747658098908,0.0043747667,-0.01207575006618189
2013-06-12,-2.590183092541359,-2.6234088,0.004374756560968,0.004374753,0.03322570186171703
2013-06-13,-2.679618725538041,-2.6305344,0.0043747476174047,0.0043747523,-0.04908431506135624
2013-06-14,-2.7690543585433964,-2.8148267,0.0043747386738414,0.004374734,0.045772368370055716
2013-06-15,-2.820970554547053,-2.8600843,0.004374733482221799,0.0043747295,0.039113740725774004
2013-06-16,-2.8728867505420363,-2.7307909,0.0043747282906022,0.0043747425,-0.14209589704167014
2013-06-17,-3.006385736539774,-2.8286364,0.0043747149407036,0.0043747327,-0.17774932868760107
2013-06-18,-4.2877796775381976,-4.0954385,0.0043745868013095,0.004374606,-0.1923411971610003
2013-06-19,-3.25506168553924,-3.125414,0.0043746900731087,0.004374703,-0.1296477908859197
2013-06-20,-3.4177072619386015,-3.2357664,0.00437467380855106,0.0043746918,-0.1819408511109648
2013-06-21,-3.5803528383379635,-3.7908447,0.00437465754399342,0.0043746363,0.2104918405408207
2013-06-22,-3.742998414745999,-3.6068017,0.0043746412794357795,0.0043746545,-0.1361966664702421
2013-06-23,-3.9056439911453604,-3.5401921,0.0043746250148781396,0.0043746615,-0.3654518639175772
2013-06-24,-4.068289567544722,-3.9990146,0.0043746087503205,0.0043746154,-0.06927495153214913
2013-06-25,-1.3852185482086248,-1.4911304,0.004374877057422433,0.0043748664,0.1059118038116389
2013-06-26,1.2978524711187989,0.4064363,0.004375145364524366,0.004375056,0.8914161768015534
2013-06-27,3.980923490454896,2.5519598,0.0043754136716263,0.0043752706,1.428963737418397
2013-06-28,3.9115577424569254,3.456519,0.0043754067350515,0.004375361,0.4550388539834147
2013-06-29,3.7697692954578867,3.7560275,0.0043753925562068,0.004375391,0.013741835359620147
2013-06-30,3.714801039460605,3.8291097,0.0043753870593812,0.004375398,-0.11430862927108443
2013-07-01,3.673359135454926,4.0109205,0.0043753829151908,0.0043754163,-0.337561389142242
2013-07-02,3.636495534455053,4.0691943,0.0043753792288307,0.0043754224,-0.43269878240896054
2013-07-03,3.5996319334551803,3.933718,0.0043753755424706,0.004375409,-0.3340860326245316
2013-07-04,3.4988561864630894,3.7130456,0.0043753654648959,0.0043753865,-0.21418941061332664
2013-07-05,3.4556660824611867,3.373892,0.0043753611458855,0.004375353,0.08177401359827163
2013-07-06,3.412475978459284,3.3252828,0.0043753568268751,0.004375348,0.08719316634075369
2013-07-07,3.337874751457859,3.3252828,0.0043753493667524,0.004375348,0.012591939339328562
2013-07-08,3.267635985456513,3.3232992,0.0043753423428758,0.004375348,-0.05566318408389215
2013-07-09,3.1528973914573406,3.1283321,0.0043753308690164,0.0043753283,0.024565253395817166
2013-07-10,3.0329230274548507,3.1283321,0.00437531887158,0.0043753283,-0.09540911060667279
2013-07-11,1.6311106784596547,2.1632926,0.0043751786903451,0.004375232,-0.5321819679484263
2013-07-12,2.841835867462006,2.8556018,0.004375299762864,0.004375301,-0.013765920105132778
2013-07-13,2.78839274645698,2.3764358,0.0043752944185519,0.004375253,0.4119569897736306
2013-07-14,2.734949625460628,2.6459248,0.0043752890742398,0.00437528,0.0890248188657794
2013-07-15,2.580072228459615,2.635951,0.0043752735865001,0.004375279,-0.05587881371567782
2013-07-16,2.452243865460821,2.466947,0.0043752608036638,0.004375262,-0.014703213244013025
2013-07-17,2.3475381304583625,2.3144262,0.0043752503330903,0.004375247,0.033111946757800936
2013-07-18,0.9671042264583485,1.497592,0.0043751122896999,0.0043751653,-0.5304877458927257
2013-07-19,1.4952454574588407,1.7842256,0.004375165103823,0.0043751937,-0.2889801256176363
2013-07-20,2.0233866884593334,1.5270458,0.0043752179179461,0.004375168,0.49634084247392085
2013-07-21,1.7888088937965256,1.6319029,0.004375194460166634,0.0043751784,0.1569059606757981
2013-07-22,1.5542310991250448,1.5911677,0.004375171002387167,0.0043751746,-0.03693658924470622
2013-07-23,1.3196533044622372,1.5274321,0.0043751475446077,0.004375168,-0.20777877962131996
2013-07-24,1.1669592014582064,1.2078294,0.0043751322751974,0.004375136,-0.04087015473533606
2013-07-25,-0.049427432537510474,0.4785938,0.004375010636534,0.0043750633,-0.5280212290291334
2013-07-26,0.4771851884639855,0.6471191,0.0043750632977961005,0.00437508,-0.16993391639822764
2013-07-27,1.0037978094568079,0.5720419,0.0043751159590582,0.0043750727,0.4317558806886499
2013-07-28,0.9326875694600639,0.5970734,0.0043751088480342,0.004375075,0.33561419328132247
2013-07-29,0.859832158459084,0.77712125,0.0043751015624931,0.004375093,0.08271091259803054
2013-07-30,0.7376777374622917,0.79240304,0.004375089347051,0.0043750945,-0.05472530485414506
2013-07-31,0.6504251314626286,0.56657296,0.0043750806217904,0.004375072,0.08385216727119182
2013-08-01,0.6139978204599411,0.56657296,0.0043750769790593,0.004375072,0.047424856268504345
2013-08-02,0.5775705094572536,0.49931243,0.0043750733363282,0.004375065,0.07825807883706015
2013-08-03,0.50733214446326,0.46069235,0.0043750663124917,0.0043750615,0.04663979836722121
2013-08-04,0.43491256645523946,0.45334947,0.0043750590705339,0.0043750606,-0.018436904636984663
2013-08-05,0.3227919644598065,0.29104313,0.0043750478584737,0.0043750447,0.03174883191624267
2013-08-06,0.22506808045746896,0.29104313,0.0043750380860853,0.0043750447,-0.06597505208609489
2013-08-07,0.17118900895798927,0.21033734,0.00437503269817815,0.0043750363,-0.03914833187376732
2013-08-08,0.1173099374585096,0.10858527,0.004375027310271,0.004375026,0.008724669199461133
2013-08-09,0.027438606456375858,0.010259007,0.0043750183231379,0.0043750163,0.01717959935263469
2013-08-10,-0.11129541253873665,-0.1237307,0.004375004449736,0.004375003,0.012435284199029617
2013-08-11,-0.23912333154373078,-0.17630865,0.0043749916669441,0.0043749977,-0.06281468474559693
2013-08-12,-0.3012922370447535,-0.21513925,0.00437498545005355,0.004374994,-0.0861529821171183
2013-08-13,-0.3634611425371026,-0.34955072,0.004374979233163,0.0043749805,-0.013910418507561584
2013-08-14,-0.4690390475407119,-0.4312694,0.0043749686753725,0.004374972,-0.03776964026837304
2013-08-15,-0.5783259605408875,-0.44172916,0.0043749577466812,0.004374971,-0.1365968023778168
2013-08-16,-0.687612873541063,-0.5197124,0.0043749468179899,0.004374963,-0.16790048502559063
2013-08-17,-0.7774836455372303,-0.5932384,0.0043749378309127,0.0043749562,-0.18424523220333744
2013-08-18,-0.9024749530409798,-0.935959,0.00437492533178195,0.004374922,0.03348402847299725
2013-08-19,-1.0274662605447293,-1.0166286,0.0043749128326512,0.004374914,-0.01083763753600131
2013-08-20,-1.449796276538351,-1.1620495,0.0043748705996496,0.004374899,-0.28774674460170546
2013-08-21,-2.256718375538702,-1.7163061,0.0043747899074397,0.0043748436,-0.5404122851837827
2013-08-22,-3.0636404745390533,-3.0288687,0.0043747092152298,0.0043747127,-0.03477179930711971
2013-08-23,-1.710686462538108,-1.8664804,0.004374844510631,0.0043748287,0.1557938879562768
2013-08-24,-1.8018665865447703,-1.8489572,0.0043748353926186,0.0043748305,0.0470905944320974
2013-08-25,-1.8952279165398296,-1.9838387,0.0043748260564856,0.004374817,0.08861076086648145
2013-08-26,-2.0435587125451624,-2.0064118,0.004374811223406,0.0043748147,-0.037146921697384094
2013-08-27,-2.1255766255445785,-2.0640295,0.0043748030216147,0.004374809,-0.06154717035964197
2013-08-28,-2.068416312542634,-2.086549,0.004374808737646,0.004374807,0.01813273111276148
2013-08-29,-2.1643953765446837,-2.1554909,0.0043747991397396,0.0043748,-0.0089045013005431
2013-08-30,-2.2581934825370578,-2.2587965,0.004374789759929,0.0043747895,0.0006029709388943871
2013-08-31,-2.3096731025396693,-2.3251114,0.004374784611967,0.004374783,0.015438286620486963
2013-09-01,-2.3611527225422813,-2.3692858,0.004374779464005,0.0043747784,0.008133099372391595
2013-09-02,-2.506430428544579,-2.485618,0.0043747649362344,0.0043747667,-0.020812314073143323
2013-09-03,-2.626404348544595,-2.6234088,0.0043747529388424,0.004374753,-0.0029955541415187525
2013-09-04,-3.5472004315459382,-3.6707017,0.0043746608592340995,0.0043746484,0.12350131062630298
2013-09-05,-4.4679965145386085,-4.4776406,0.0043745687796258,0.0043745674,0.0096441142760888
2013-09-06,-2.8650435345434904,-2.910355,0.0043747290749238,0.0043747243,0.045311556551480336
2013-09-07,-2.9789103535380472,-2.790501,0.0043747176882419,0.0043747365,-0.1884092358317484
2013-09-08,-3.0646372190402253,-2.7528937,0.00437470911555535,0.00437474,-0.3117435327456697
2013-09-09,-3.1503640845424035,-3.005241,0.0043747005428688,0.004374715,-0.14512316733659292
2013-09-10,-3.2533240475370038,-3.2022967,0.0043746902468725,0.004374695,-0.0510273136808026
2013-09-11,-3.350612175542084,-3.2762976,0.0043746805180597,0.0043746876,-0.07431460626718156
2013-09-12,-3.4574974545377444,-3.385485,0.0043746698295318,0.004374677,-0.07201252068459496
2013-09-13,-3.544750262537283,-3.4975317,0.004374661104251,0.0043746657,-0.04721861008672157
2013-09-14,-3.712573713541417,-3.280111,0.0043746443219059,0.0043746876,-0.43246263909378513
2013-09-15,-3.8803971645368778,-3.6849222,0.0043746275395608,0.004374647,-0.19547494621412387
2013-09-16,-4.0482206155410125,-4.011251,0.0043746107572157,0.0043746145,-0.0369696427932098
2013-09-17,3.2684529354624208,1.2110204,0.0043753424245708,0.0043751365,2.057432585006183
2013-09-18,3.3016142604591625,1.7518088,0.0043753457407033,0.0043751905,1.5498054979088085
2013-09-19,3.3347755854559042,3.0685196,0.0043753490568358,0.0043753223,0.266255993170748
2013-09-20,3.2819892964615347,3.3232992,0.0043753437782069,0.004375348,-0.041309873078870574
2013-09-21,3.282869922459006,3.3232992,0.0043753438662695,0.004375348,-0.04042924708139939
2013-09-22,3.2327016854551136,3.1283321,0.0043753388494458,0.0043753283,0.10436954739359017
2013-09-23,3.1681354664605395,3.1283321,0.0043753323928239,0.0043753283,0.039803328399016014
2013-09-24,3.084810743462368,3.1125543,0.0043753240603516,0.0043753264,-0.02774356828995117
2013-09-25,3.024171189459218,3.099278,0.0043753179963962,0.0043753255,-0.0751067837158308
2013-09-26,2.9452075394568316,2.9315944,0.0043753101000312,0.0043753088,0.013613167661177261
2013-09-27,2.8937301824617094,2.8556018,0.0043753049522955,0.004375301,0.03812839489457076
2013-09-28,2.8531578979626437,2.8487668,0.00437530089506705,0.0043753004,0.004391094221188663
2013-09-29,2.812585613454904,2.8487668,0.0043752968378386,0.0043753004,-0.03618119028655098
2013-09-30,2.687376928454943,2.723335,0.0043752843169701,0.004375288,-0.03595809923975901
2013-10-01,2.5975056734597186,2.635951,0.0043752753298446,0.004375279,-0.03844536871557436
2013-10-02,2.4770954344579406,2.466947,0.0043752632888207,0.004375262,0.010148355753106575
2013-10-03,2.3767531234612784,2.337316,0.0043752532545896,0.004375249,0.03943708723691319
2013-10-04,2.2750145222630995,2.2852776,0.00437524308072948,0.004375244,-0.01026308279366317
2013-10-05,2.173275921064921,2.197862,0.004375232906869361,0.004375235,-0.02458598880141194
2013-10-06,2.071537319858069,2.1425512,0.00437522273300924,0.0043752296,-0.07101386384249242
2013-10-07,1.9697987186598902,2.0099535,0.00437521255914912,0.0043752166,-0.04015478018044183
2013-10-08,1.8680601174617117,1.9351498,0.004375202385289,0.004375209,-0.0670896713947946
2013-10-09,1.7729547424627512,1.8153305,0.0043751928747515,0.004375197,-0.04237576290834255
2013-10-10,1.628547816462378,1.6079037,0.0043751784340589,0.004375176,0.020644097514013637
2013-10-11,1.5279868604591018,1.5287428,0.0043751683779633,0.004375168,-0.0007559297630661543
2013-10-12,1.4274259044558257,1.4353496,0.0043751583218677,0.004375159,-0.007923679169967723
2013-10-13,0.9588543544575279,1.0948539,0.0043751114647127,0.004375125,-0.13599952356371237
2013-10-14,0.8449878064614724,1.0337018,0.0043751000780579,0.0043751188,-0.1887139709967185
2013-10-15,0.7367925454557916,0.78344035,0.0043750892585318,0.0043750936,-0.04664780603041441
2013-10-16,0.6342693954601575,0.56657296,0.0043750790062168,0.004375072,0.06769643126872071
2013-10-17,0.5816994929578462,0.49931243,0.00437507374922655,0.004375065,0.0823870623376527
2013-10-18,0.5291295904555349,0.46069235,0.0043750684922363,0.0043750615,0.06843724435949605
2013-10-19,0.37556497445821735,0.45334947,0.0043750531357747,0.0043750606,-0.07778449663400677
2013-10-20,0.32735761395889795,0.30982625,0.00437504831503865,0.0043750466,0.017531359114232425
2013-10-21,0.27915025345957856,0.29104313,0.0043750434943026,0.0043750447,-0.011892879083985286
2013-10-22,0.2678151974581239,0.29104313,0.004375042360797,0.0043750447,-0.023227935085439966
2013-10-23,-1.103448825541531,-0.4428359,0.0043749052343947,0.004374971,-0.6606129283342708
2013-10-24,0.08065623446039394,0.07574199,0.0043750236449007,0.004375023,0.0049142430596752495
2013-10-25,0.021760090960012968,-0.5894828,0.00437501775528635,0.0043749562,0.6112428752312532
2013-10-26,-0.037136052540368,-0.29176736,0.004375011865672,0.004374986,0.2546313062395392
2013-10-27,-0.12569771154491427,-0.17630865,0.0043750030095061,0.0043749977,0.05061093525321958
2013-10-28,-0.20989669654268572,-0.21513925,0.0043749945896076,0.004374994,0.0052425583849494695
2013-10-29,-0.34644850453735554,-0.28523237,0.0043749809344268,0.004374987,-0.061216139405977366
2013-10-30,-0.45682346653738715,-0.39420387,0.0043749698969306,0.004374976,-0.06261959504881598
2013-10-31,-0.5510574825444425,-0.45916682,0.004374960473529,0.0043749693,-0.09189065772678506
2013-11-01,-0.6068998175366713,-0.52995074,0.0043749548892955,0.0043749623,-0.07694907958348529
2013-11-02,-0.6627421525375737,-0.5864087,0.004374949305062,0.0043749567,-0.07633347782062427
2013-11-03,-0.7604662315401772,-0.7138974,0.0043749395326541,0.004374944,-0.046568824485276106
2013-11-04,-0.859062612539041,-0.8721013,0.004374929673016,0.0043749283,0.013038694376242166
2013-11-05,-0.9585318565437373,-1.0166286,0.0043749197260916,0.004374914,0.058096766464990734
2013-11-06,-1.0449105665444325,-1.0312837,0.0043749110882206,0.0043749125,-0.013626830315489613
2013-11-07,-1.280063725538072,-1.1620495,0.0043748875729047,0.004374899,-0.11801419360142651
2013-11-08,-1.3458297487903281,-1.2989619,0.004374880996302375,0.0043748855,-0.04686787096745215
2013-11-09,-1.4115957720425842,-1.4366965,0.00437487441970005,0.0043748715,0.025100757345843494
2013-11-10,-1.4773617952861668,-1.4082046,0.0043748678430977255,0.0043748748,-0.06915723977469224
2013-11-11,-1.543127818538423,-1.6392052,0.0043748612664954,0.0043748515,0.09607739882302724
2013-11-12,-2.0365698555433602,-1.9742401,0.0043748119222917,0.004374818,-0.06232979092238855
2013-11-13,-2.141273723541004,-2.0675745,0.0043748014519049,0.0043748086,-0.07369922250340633
2013-11-14,-2.2293986755381883,-2.1959085,0.0043747926394097,0.0043747956,-0.03349012909043436
2013-11-15,-2.129478672537391,-2.1554909,0.00437480263141,0.0043748,0.026012202706749754
2013-11-16,-2.258620147542467,-2.3029711,0.0043747897172625,0.004374785,0.04435097710658065
2013-11-17,-2.397352676540218,-2.3251114,0.0043747758440096,0.004374783,-0.07224128738006197
2013-11-18,-2.521688042544934,-2.485618,0.004374763410473,0.0043747667,-0.0360699280734984
2013-11-19,-2.581238955044751,-2.5687435,0.00437475745538175,0.0043747583,-0.012495487713818587
2013-11-20,-2.6407898675445685,-2.6305344,0.0043747515002905,0.0043747523,-0.010255457067883889
2013-11-21,-2.7603262575410374,-2.765228,0.0043747395466515,0.004374739,0.004901775524758456
2013-11-22,-2.8419070205367576,-2.8600843,0.0043747313885752,0.0043747295,0.01817727473606956
2013-11-23,4.018390133454785,2.324872,0.0043754174182906,0.0043752478,1.6935181165480468
2013-11-24,4.409320982457984,3.2039256,0.0043754565113755,0.0043753358,1.2053953728693614
2013-11-25,4.353478306956885,4.901975,0.00437545092710795,0.0043755057,-0.5484968479198242
2013-11-26,4.297635631455784,4.50771,0.0043754453428404,0.004375466,-0.21007434855520213
2013-11-27,4.120945287459238,4.4923053,0.004375427673806,0.0043754647,-0.37135999131883857
2013-11-28,3.9891904034597414,4.3241796,0.0043754144983176,0.004375448,-0.33498924589328594
2013-11-29,3.8063905114568004,3.7172518,0.0043753962183284,0.004375387,0.08913873380787463
2013-11-30,3.722625579460903,3.8491743,0.0043753878418352,0.0043754005,-0.12654868163223654
2013-12-01,3.6388606474563323,3.8920276,0.004375379465342,0.0043754047,-0.2531669690445222
2013-12-02,3.4390470284549615,3.2477863,0.0043753594839801,0.00437534,0.19126074496191947
2013-12-03,3.2924587444610465,3.3789518,0.0043753448251517,0.0043753535,-0.08649304348756193
2013-12-04,3.201280751458091,3.1164784,0.0043753357073524,0.004375327,0.08480230831233904
2013-12-05,3.0743242809567333,3.1283321,0.00437532301170535,0.0043753283,-0.05400785710479017
2013-12-06,2.9473678104553755,2.990116,0.0043753103160583,0.0043753143,-0.042748070510810976
2013-12-07,2.7876913034560746,2.8556018,0.0043752943484076,0.004375301,-0.06791048411106404
2013-12-08,2.6384858744631785,2.723335,0.0043752794278647,0.004375288,-0.08484915323152364
2013-12-09,2.5220004954557007,2.635951,0.0043752677793268,0.004375279,-0.11395054671959226
2013-12-10,2.4349648594570312,2.6186075,0.0043752590757632,0.004375277,-0.18364266160009768
2013-12-11,2.3479292234583617,2.3787746,0.0043752503721996,0.0043752533,-0.03084541948597419
2013-12-12,2.2153033084598013,2.241542,0.0043752371096081,0.0043752394,-0.02623879244657079
2013-12-13,2.1583708359647344,2.1620617,0.004375231416360851,0.0043752315,-0.003690855319445241
2013-12-14,2.1014383634609946,2.1241007,0.0043752257231136,0.0043752277,-0.022662321658634355
2013-12-15,1.9435103284625583,1.9309776,0.0043752099303101,0.0043752086,0.01253274553103978
2013-12-16,1.8913772559595032,1.9351498,0.00437520471700285,0.004375209,-0.043772532897003114
2013-12-17,1.8392441834564481,1.782679,0.0043751995036956,0.0043751937,0.05656522170260292
2013-12-18,1.7541729434560756,1.6584687,0.0043751909965716,0.004375181,0.09570422015895641
2013-12-19,1.6435799614529512,1.578871,0.004375179937273399,0.0043751732,0.06470894971894237
2013-12-20,1.5329869794585005,1.5287428,0.0043751688779752,0.004375168,0.004244189236332518
2013-12-21,1.4265394024555456,1.4353496,0.0043751582332175,0.004375159,-0.0088101811702479
2013-12-22,1.371788440462235,1.4353496,0.0043751527581213,0.004375159,-0.06356114316355854
2013-12-23,1.3170374784602505,1.3178492,0.0043751472830251,0.004375147,-0.0008116807804721127
2013-12-24,1.163036493457767,1.1792411,0.0043751318829266,0.004375133,-0.016204567752865273
2013-12-25,1.0705491884557135,1.14985,0.0043751226341961,0.0043751304,-0.07930082241617376
2013-12-26,1.0177617179585319,0.97864795,0.00437511735544905,0.004375113,0.03911377064713051
2013-12-27,0.9649742474613504,0.90791935,0.004375112076702,0.004375106,0.057054900175126044
2013-12-28,0.8218785834627346,0.8243522,0.0043750977671356,0.004375098,-0.002473621336917531
2013-12-29,0.7080122744595324,0.79240304,0.0043750863805047,0.0043750945,-0.08439076785690436
2013-12-30,0.6744219314611111,0.63163537,0.0043750830214704,0.0043750787,0.04278656359078026
2013-12-31,0.6408315884626897,0.56657296,0.0043750796624361,0.004375072,0.07425862427125296
2014-01-01,0.1185956544601241,0.22378269,0.0043750274388427,0.0043750377,-0.10518703391916362
2014-01-02,-0.0628944785401736,0.13806862,0.0043750092898294,0.0043750294,-0.20096309493040188
2014-01-03,-0.13640575504195174,-0.121073,0.00437500193870175,0.0043750033,-0.01533275490891417
2014-01-04,-0.20991703154372987,-0.17630865,0.0043749945875741,0.0043749977,-0.03360838474559602
2014-01-05,-0.33250888253726074,-0.28523237,0.004374982328389,0.004374987,-0.04727651740588257
2014-01-06,-0.45728279853690657,-0.4045984,0.0043749698509974,0.004374975,-0.052684383638987864
2014-01-07,-0.5641683325369184,-0.4732424,0.004374959162444,0.004374968,-0.09092593046019726
2014-01-08,-0.7138070985419215,-0.52995074,0.0043749441985674,0.0043749623,-0.18385636058873545
2014-01-09,-1.88481594154237,-1.1445539,0.0043748270976831,0.004374901,-0.7402620417773553
2014-01-10,-0.897910703541796,-0.9078779,0.0043749257882069,0.0043749246,0.00996721851630944
2014-01-11,-1.000868952542866,-1.4461398,0.004374915492382,0.0043748706,0.4452708599266164
2014-01-12,-0.8106423855444578,-0.97060996,0.0043749345150387,0.0043749185,0.1599675773957583
2014-01-13,-0.9471946975370127,-1.0783664,0.0043749208598075,0.0043749074,0.13117170127432765
2014-01-14,-1.0087082825439853,-1.105348,0.004374914708449,0.004374905,0.0966397084456998
2014-01-15,-1.0702218675422843,-1.106904,0.0043749085570905,0.0043749046,0.036682162303907084
2014-01-16,-1.1675094735430491,-1.1798651,0.0043748988283299,0.0043748976,0.012355648298381539
2014-01-17,-1.2639241805424695,-1.2920024,0.0043748891868592,0.0043748864,0.0280782589564319
2014-01-18,-1.3568485235371242,-1.3986995,0.0043748798944249,0.0043748757,0.041850998481308466
2014-01-19,-1.4925266755404927,-1.4366965,0.0043748663266097,0.0043748715,-0.05583014615206494
2014-01-20,-1.6085733945368774,-1.4082046,0.0043748547219378,0.0043748748,-0.2003688390254028
2014-01-21,-1.6670328905395855,-1.7369405,0.0043748488759882,0.0043748417,0.06990761258083689
2014-01-22,-1.7254923865422933,-1.7369405,0.0043748430300386,0.0043748417,0.011448116578129053
2014-01-23,-1.8895284235442151,-1.9811606,0.0043748266264349,0.0043748175,0.0916322171723376
2014-01-24,-1.94951509204129,-1.9865992,0.00437482062776805,0.0043748165,0.037084114883148445
2014-01-25,-2.0095017605383654,-1.9820191,0.0043748146291012,0.004374817,-0.027482693727757468
2014-01-26,-2.1665567575407385,-2.145174,0.0043747989236015,0.0043748007,-0.021382731051480697
2014-01-27,-2.2786773865371424,-2.3147945,0.0043747877115386,0.004374784,0.03611715386813108
2014-01-28,-2.352840370537651,-2.3692858,0.0043747802952402,0.0043747784,0.016445451377022025
2014-01-29,-2.430494323545085,-2.4746244,0.0043747725298449,0.004374768,0.04413007182539852
2014-01-30,-4.1442532045399965,-4.273073,0.0043746011539568,0.004374588,0.12881999187113635
2014-01-31,-3.6008449405371126,-3.6635764,0.0043746554947832,0.004374649,0.06273142398009934
2014-02-01,-3.0574366765429017,-2.7809458,0.0043747098356096,0.0043747374,-0.27649089864983534
2014-02-02,-3.1904994095451054,-3.6909802,0.0043746965293363,0.004374646,0.5004807864540401
2014-02-03,-3.321816637539415,-3.214952,0.0043746833976135,0.004374694,-0.10686464550450303
2014-02-04,-3.463166463541292,-3.385485,0.0043746692626309,0.004374677,-0.07768152968814279
2014-02-05,-3.5831390845370015,-3.46857,0.0043746572653688,0.0043746685,-0.11456909056422315
2014-02-06,-4.748040910544649,-4.2587657,0.0043745407751862,0.0043745893,-0.489275213065401
2014-02-07,-3.682606477539707,-3.4746308,0.0043746473186295,0.004374668,-0.20797564486758802
2014-02-08,-3.766368500543113,-3.2962878,0.0043746389424272,0.0043746857,-0.47008072550344027
2014-02-09,-3.844458379542032,-3.6695495,0.0043746311334393,0.0043746484,-0.1749089143625886
2014-02-10,-3.999768647539037,-3.9002562,0.0043746156024125,0.004374625,-0.09951249061765033
2014-02-11,-3.909012025538408,-3.8602788,0.0043746246780747,0.0043746294,-0.04873318070503396
2014-02-12,-3.818255403537779,-3.202707,0.0043746337537369,0.004374695,-0.615548351306944
2014-02-13,-3.866676903541838,-3.6083424,0.0043746289115869,0.0043746545,-0.25833449440792666
2014-02-14,-3.9569826735391667,-3.7903423,0.0043746198810099,0.0043746363,-0.16664034260654947
2014-02-15,-4.027221080036419,-3.5105715,0.0043746128571692505,0.0043746643,-0.5166496002390559
2014-02-16,-4.097459486542346,-3.669636,0.0043746058333286,0.0043746484,-0.4278234754186885
2014-02-17,-4.191256221539389,-3.5457609,0.0043745964536551,0.004374661,-0.6454953515595303
2014-02-18,-4.299014383542243,-3.7390633,0.0043745856778389,0.0043746415,-0.5599511206027898
2014-02-19,-4.376451634043043,-4.160874,0.00437457793411385,0.004374599,-0.21557774411994757
2014-02-20,-4.453888884543844,-4.6755877,0.0043745701903888,0.004374548,0.22169876956992596
2014-02-21,-0.340497941543616,-0.95960367,0.0043749815294831,0.0043749195,0.6191057257156003
2014-02-22,3.772893001456612,1.9986701,0.0043753928685774,0.004375215,1.7742229002908405
2014-02-23,3.624124766459999,2.8115456,0.0043753779917539,0.0043752966,0.8125791560321427
2014-02-24,3.4856085199576334,3.0448163,0.00437536414012925,0.00437532,0.4407922643881754
2014-02-25,3.347092273455268,3.3809354,0.0043753502885046,0.0043753535,-0.033843157071465235
2014-02-26,3.1939591934627973,3.1164784,0.0043753349751966,0.004375327,0.07748075031704538
2014-02-27,1.9370000084624472,2.4126887,0.0043752092792781,0.0043752566,-0.47568872368476955
2014-02-28,3.0604606694566163,3.099278,0.0043753216253442,0.0043753255,-0.038817303718432505
2014-03-01,2.923906825460371,2.4658072,0.0043753079699598,0.004375262,0.4580996259822214
2014-03-02,2.6913742314556983,2.6686249,0.0043752847167004,0.004375282,0.022749353526010818
2014-03-03,2.5910331704574046,2.635951,0.0043752746825943,0.004375279,-0.044917871717888413
2014-03-04,2.4959276584586574,2.466947,0.0043752651720431,0.004375262,0.0289805797538234
2014-03-05,2.4470666629573117,2.3986425,0.00437526028594355,0.004375255,0.048424122979284334
2014-03-06,2.398205667455966,2.357161,0.004375255399844,0.004375251,0.04104462238150308
2014-03-07,2.324478604459612,2.3293083,0.0043752480271377,0.004375248,-0.004829666948468869
2014-03-08,2.259477432462603,2.2672155,0.0043752415270205,0.004375242,-0.007738057878583504
2014-03-09,2.1840048759595723,2.1620617,0.00437523397976485,0.0043752315,0.02194318467539258
2014-03-10,2.1085323194565406,2.1425512,0.0043752264325092,0.0043752296,-0.0340188642440209
2014-03-11,1.9916162744600814,2.0099535,0.0043752147409047,0.0043752166,-0.01833722438025065
2014-03-12,1.9578076174576324,1.9351498,0.004375211360039,0.004375209,0.022657828601126084
2014-03-13,1.923998960455184,1.9007125,0.0043752079791733,0.0043752054,0.023286470373396817
2014-03-14,2.163102235455683,1.9710261,0.0043752318895008,0.0043752124,0.19207617249028974
2014-03-15,2.0544735854569063,1.8989093,0.0043752210266358,0.0043752054,0.1555642550888643
2014-03-16,2.0010308874642,1.8733304,0.0043752156823660005,0.0043752026,0.12770053277364823
2014-03-17,1.9475881894628206,1.9351498,0.0043752103380962,0.004375209,0.012438400606314293
2014-03-18,1.848555778458452,1.8551463,0.0043752004348551,0.0043752007,-0.006590510413313044
2014-03-19,1.6805927134568717,1.7110744,0.0043751836385486,0.0043751863,-0.03048163880753263
2014-03-20,-0.06152599154110594,0.63555247,0.0043750094266781,0.0043750787,-0.6970784574567859
2014-03-21,0.5798307239554545,0.91926783,0.00437507356234965,0.004375107,-0.3394371092774251
2014-03-22,1.2211874394606888,0.71170866,0.0043751376980212,0.0043750866,0.5094787745665847
2014-03-23,1.0863821474620812,0.72883224,0.004375124217492,0.0043750885,0.3575499025890343
2014-03-24,0.96161066745655,0.90878224,0.004375111740344,0.004375106,0.0528284237279123
2014-03-25,0.9035872269597817,0.8636167,0.00437510593799995,0.0043751015,0.039970522018985766
2014-03-26,0.8455637864630133,0.83164996,0.0043751001356559,0.0043750987,0.013913827375641508
2014-03-27,-0.8014348225424822,-0.111274414,0.004374935435795,0.004375004,-0.6901604087780054
2014-03-28,-0.6292002852938128,-0.077461995,0.004374952659248725,0.0043750075,-0.5517382901093912
2014-03-29,-0.4569657480364697,-0.6126644,0.0043749698827024504,0.004374954,0.15569865349474976
2014-03-30,-0.2847312107878003,-0.581943,0.004374987106156175,0.004374957,0.29721176473328736
2014-03-31,-0.11249667353913084,-0.39449105,0.0043750043296099,0.004374976,0.28199437312796816
2014-04-01,-0.2180727585402581,-0.34638602,0.0043749937720014,0.004374981,0.12831325687493356
2014-04-02,-0.3114322555397564,-0.2589524,0.0043749844360517,0.0043749893,-0.05247984651074944
2014-04-03,-0.35178588954180856,-0.31282562,0.0043749804006883,0.004374984,-0.0389602693674006
2014-04-04,-0.3921395235438607,-0.35994527,0.0043749763653249,0.0043749795,-0.032194256104972174
2014-04-05,-0.5330498625399221,-0.44376326,0.004374962274291,0.004374971,-0.0892866064669241
2014-04-06,-0.5764573875362278,-0.4932663,0.0043749579335385005,0.004374966,-0.08319107326811559
2014-04-07,-0.619864912541207,-0.5864087,0.004374953592786,0.0043749567,-0.03345623782425755
2014-04-08,-0.7324173965407577,-0.5932384,0.0043749423375376,0.0043749562,-0.13917898320686484
2014-04-09,-0.7764793575389811,-0.7419785,0.0043749379313415,0.0043749413,-0.03450083142356364
2014-04-10,-0.8205413185372046,-0.87933934,0.0043749335251454,0.0043749274,0.05879801881173341
2014-04-11,-0.8990674135386789,-0.935959,0.0043749256725359,0.004374922,0.036891567975298134
2014-04-12,-1.0513223235378288,-1.0312837,0.0043749104470449,0.0043749125,-0.02003858730888597
2014-04-13,-1.1038916830456713,-1.106904,0.0043749051901089495,0.0043749046,0.0030123468005200937
2014-04-14,-1.1564610425448403,-1.217938,0.004374899933173,0.0043748934,0.0614769037747398
2014-04-15,-1.3126422445438464,-1.347148,0.0043748843150528,0.004374881,0.0345056970455091
2014-04-16,-2.0942566615438087,-1.8025677,0.0043748061536111,0.004374835,-0.29168894113060073
2014-04-17,-2.8758710785437707,-2.5483334,0.0043747279921694,0.0043747607,-0.3275376720954064
2014-04-18,-2.2598173330442424,-2.2562454,0.00437478959754395,0.0043747895,-0.0035719583646769415
2014-04-19,-1.6437635875447136,-1.6831231,0.0043748512029185,0.0043748473,0.03935952418013988
2014-04-20,-1.7502114705442162,-1.8760971,0.0043748405581302,0.0043748277,0.12588561254751962
2014-04-21,-1.8304840060379135,-1.8635517,0.00437483253087665,0.004374829,0.03306772984007722
2014-04-22,-1.9107565415402843,-1.9820191,0.0043748245036231,0.004374817,0.07126252527032362
2014-04-23,-2.033782931544492,-1.9706951,0.0043748122009841,0.0043748184,-0.06308779356689209
2014-04-24,-3.599635784541297,-3.54403,0.0043746556156988,0.004374661,-0.0556058334457159
2014-04-25,-2.1755643075417606,-2.145174,0.0043747980228465,0.0043748007,-0.030390281052502743
2014-04-26,-2.6733653665442225,-2.6138005,0.0043747482427406,0.004374754,-0.05956484087893932
2014-04-27,-2.7715242605433343,-2.6289973,0.0043747384268512,0.0043747523,-0.14252693464611754
2014-04-28,-2.8607397840364754,-2.8600843,0.0043747295052988504,0.0043747295,-0.0006554887636482931
2014-04-29,-2.9499553075382905,-2.8335707,0.0043747205837465,0.004374732,-0.1163845887730317
2014-04-30,-3.0345897295436934,-2.8286364,0.0043747121203043,0.0043747327,-0.20595332169152059
2014-05-01,-4.203419527544147,-4.0954385,0.0043745952373245,0.004374606,-0.10798104716695
2014-05-02,-3.7210881215395117,-3.635488,0.0043746434704651,0.0043746517,-0.085600088244834
2014-05-03,-3.23875671554355,-3.2650986,0.0043746917036057,0.004374689,0.026341856233793592
2014-05-04,-3.311172840541124,-3.5793188,0.0043746844619932,0.0043746573,0.2681459212844377
2014-05-05,-3.395805869537555,-3.1737018,0.0043746759986903,0.004374698,-0.22210410638447886
2014-05-06,-0.3636617632897521,-1.1531137,0.004374979213100925,0.0043749,0.7894519595114564
2014-05-07,2.6684823429580504,0.8370494,0.00437528242751155,0.004375099,1.8314329183097655
2014-05-08,5.700626449214527,4.5739193,0.0043755856419221755,0.0043754727,1.1267071529498782
2014-05-09,8.732770555462329,5.5523434,0.0043758888563328,0.0043755705,3.1804271869320555
2014-05-10,7.610191777212075,5.823711,0.004375776598454975,0.004375598,1.786480858785561
2014-05-11,6.487612998961819,5.7625484,0.00437566434057715,0.0043755914,0.725064552306546
2014-05-12,5.365034220711565,5.7625484,0.004375552082699325,0.0043755914,-0.39751422594370833
2014-05-13,4.24245544246131,4.7520313,0.0043754398248215,0.0043754904,-0.5095758838326354
2014-05-14,4.0814702374596115,4.47249,0.004375423726301,0.0043754624,-0.39101959637217565
2014-05-15,2.4636910004628696,2.4111173,0.0043752619483773,0.0043752566,0.0525736851705112
2014-05-16,3.831923047455457,3.7172518,0.004375398771582,0.004375387,0.1146712698065313
2014-05-17,3.7032233054547223,3.8036413,0.0043753859016078,0.004375396,-0.10041801382018001
2014-05-18,3.5575084404628616,3.635425,0.0043753713301213,0.004375379,-0.07791665032693329
2014-05-19,3.4586937029592453,3.2725372,0.00437536144864755,0.0043753427,0.18615647151393278
2014-05-20,3.359878965455629,3.4384663,0.0043753515671738,0.004375359,-0.07858734504546971
2014-05-21,3.204567351460658,3.1283321,0.0043753360360124,0.0043753283,0.07623521339913442
2014-05-22,3.092010204455015,3.1283321,0.0043753247802977,0.0043753283,-0.036321933606508594
2014-05-23,2.9720367464552284,3.1125543,0.0043753127829519,0.0043753264,-0.14051756529709092
2014-05-24,2.8588250104537307,2.9315944,0.0043753014617782995,0.0043753088,-0.07276936134192358
2014-05-25,2.745613274460906,2.8212702,0.0043752901406047,0.0043752976,-0.07565695297134489
2014-05-26,2.629130535459698,2.6901245,0.0043752784923308,0.0043752845,-0.06099397625905212
2014-05-27,2.576560830455654,2.635951,0.0043752732353603,0.004375279,-0.059390211719638764
2014-05-28,2.5239911254602845,2.510773,0.0043752679783898,0.0043752664,0.013218181963580378
2014-05-29,0.917564503457452,1.4516815,0.0043751073357276,0.0043751607,-0.5341169912553776
2014-05-30,2.262235086454914,2.27644,0.0043752418027859,0.004375243,-0.014204818711712086
2014-05-31,2.211847043957771,1.6050099,0.00437523676398165,0.004375176,0.6068371305132518
2014-06-01,2.161459001460628,2.062963,0.0043752317251774,0.0043752217,0.09849599258001263
2014-06-02,2.077260726459154,2.0978084,0.0043752233053499,0.0043752254,-0.020547634594312747
2014-06-03,1.950745346455257,1.9309776,0.0043752106538119,0.0043752086,0.019767763523738546
2014-06-04,1.8464796114597144,1.8895836,0.0043752002272384,0.0043752044,-0.04310397618676998
2014-06-05,1.7526828694630625,1.7110744,0.0043751908475642,0.0043751863,0.04160851719865821
2014-06-06,1.668047973461817,1.5905997,0.0043751823840746,0.0043751746,0.07744831735677549
2014-06-07,1.5834130774605715,1.5287428,0.004375173920585,0.004375168,0.0546702872384035
2014-06-08,1.4961614634625282,1.4353496,0.0043751651954236,0.004375159,0.06081187983673475
2014-06-09,1.4128368554591764,1.4353496,0.0043751568629628,0.004375159,-0.02251272816661709
2014-06-10,1.3120604724567442,1.3464375,0.0043751467853245,0.00437515,-0.03437698176688864
2014-06-11,1.264071729459998,1.3178492,0.0043751419864502,0.004375147,-0.05377742978072475
2014-06-12,1.2160829864632516,1.2334633,0.0043751371875759,0.004375139,-0.01738030089026399
2014-06-13,1.054229919455335,1.0473435,0.0043751210022692,0.00437512,0.0068864269474004924
2014-06-14,0.9508350984604313,0.94043136,0.0043751106627871,0.0043751094,0.010403742030377638
2014-06-15,0.8452591584561658,0.8753558,0.0043751001051931,0.004375103,-0.03009662166849847
2014-06-16,0.765425299462108,0.80508566,0.0043750921218072,0.004375096,-0.03966035956499159
2014-06-17,0.6858076754580333,0.63163537,0.0043750841600448,0.0043750787,0.05417230758770253
2014-06-18,0.6061900514626323,0.56657296,0.0043750761982824,0.004375072,0.039617087271195506
2014-06-19,0.49123398645697924,0.46069235,0.0043750647026759,0.0043750615,0.030541640360940425
2014-06-20,0.37627792145999983,0.45334947,0.0043750532070694,0.0043750606,-0.07707154963222429
2014-06-21,0.2580491309609606,0.29104313,0.00437504138419035,0.0043750447,-0.03299400158260324
2014-06-22,0.13982034046192138,0.2049996,0.0043750295613113,0.004375036,-0.06517925541858705
2014-06-23,0.022464487457740656,0.10188063,0.004375017825726,0.0043750256,-0.0794161448831674
2014-06-24,-0.0761315600405349,-0.0922575,0.00437500796612125,0.004375006,0.016125939654289323
2014-06-25,-0.17472760753881045,-0.17630865,0.0043749981065165,0.0043749977,0.0015810392593234024
2014-06-26,-0.2872841875414117,-0.21513925,0.0043749868508585,0.004374994,-0.07214493261377652
2014-06-27,-0.41641995754404526,-0.29528648,0.0043749739372815,0.004374986,-0.1211334809319542
2014-06-28,-0.5246132285443433,-0.4312694,0.0043749631179544,0.004374972,-0.09334382127200447
2014-06-29,-0.6310616695436727,-0.52995074,0.0043749524731103,0.0043749623,-0.10111093159048667
2014-06-30,-0.722459002041112,-0.5864087,0.00437494333337705,0.0043749567,-0.13605032732416256
2014-07-01,-0.8138563345385513,-0.84402025,0.0043749341936438,0.004374931,0.030163912920860292
2014-07-02,-0.9150692215423306,-1.0166286,0.0043749240723551,0.004374914,0.10155940146639741
2014-07-03,-0.9696021360458551,-1.0312837,0.0043749186190636495,0.0043749125,0.06168160018308777
2014-07-04,-1.024135050540706,-1.0312837,0.0043749131657722,0.0043749125,0.007148685688236789
2014-07-05,-1.1619938255439526,-1.1327822,0.0043748993798947,0.004374902,-0.029211604703498484
2014-07-06,-1.2793488825442456,-1.2280512,0.004374887644389,0.0043748925,-0.05129769693633546
2014-07-07,-1.3744546905388595,-1.3986995,0.0043748781338082,0.0043748757,0.024244831479573126
2014-07-08,-1.474794962541548,-1.4366965,0.004374868099781,0.0043748715,-0.038098433153120226
2014-07-09,-1.5794978135402067,-1.4082046,0.0043748576294959,0.0043748748,-0.17129325802873208
2014-07-10,-3.4930826905369554,-3.3637247,0.0043746662710082,0.004374679,-0.1293579819798265
2014-07-11,-1.7073239035395038,-1.7369405,0.0043748448468869,0.0043748417,0.029616599580918557
2014-07-12,-1.8067912125382253,-1.8377733,0.004374834900156,0.0043748314,0.030982110520856754
2014-07-13,-1.9507580435382255,-1.8549857,0.0043748205034729,0.00437483,-0.09577232957948523
2014-07-14,-2.033210562543339,-1.9820191,0.004374812258221,0.004374817,-0.051191495732731074
2014-07-15,-2.1475111315442943,-2.151814,0.0043748008281641,0.0043748002,0.004302852372942034
2014-07-16,-2.257232126542247,-2.2484796,0.0043747898560646,0.0043747905,-0.008752521821177695
2014-07-17,-2.3669531215401998,-2.3251114,0.0043747788839651,0.004374783,-0.04184173238004352
2014-07-18,-2.476674116546826,-2.4205635,0.004374767911865599,0.0043747732,-0.056110657150463705
2014-07-19,-2.5863951115447787,-2.6234088,0.0043747569397661,0.004374753,0.037013682858297425
2014-07-20,-2.7015700405398633,-2.6153216,0.0043747454222732,0.0043747537,-0.0862484043399121
2014-07-21,-3.071977339539483,-3.2331398,0.0043747083815433,0.004374692,0.16116241380219165
2014-07-22,-3.167080183542198,-3.2331398,0.0043746988712589,0.004374692,0.06605956979947702
2014-07-23,-3.2403708155430424,-3.1769843,0.0043746915421957,0.004374698,-0.06338650539289592
2014-07-24,-3.1731745525447055,-3.222265,0.004374698261822,0.004374693,0.04909045256698885
2014-07-25,-3.2209451935466538,-3.2472765,0.004374693484757899,0.004374691,0.02633135102426909
2014-07-26,-3.2687158345399285,-3.2286935,0.0043746887076938,0.0043746927,-0.04002234927991877
2014-07-27,-3.3642571085380766,-3.2762976,0.0043746791535664,0.0043746876,-0.08795953926317424
2014-07-28,-3.4580531985389102,-3.287491,0.0043746697739574,0.0043746866,-0.17056211539376864
2014-07-29,-3.5967836355382117,-3.1734905,0.0043746559009137,0.004374698,-0.4232931112462195
2014-07-30,-3.7586402125422413,-3.3608406,0.004374639715256,0.004374679,-0.39779965353650404
2014-07-31,-3.808155284541412,-3.6085057,0.0043746347637488,0.0043746545,-0.19964955868081624
2014-08-01,-3.8576703565405825,-3.7669141,0.0043746298122416,0.0043746387,-0.0907562272833804
2014-08-02,-3.9820037655430296,-3.8934214,0.0043746173789007,0.004374626,-0.08858235402874737
2014-08-03,-4.098921247541049,-4.2309437,0.0043746056871525,0.004374592,0.1320224322685215
2014-08-04,5.66927938746263,4.0006166,0.004375582507216,0.0043754154,1.6686628370170737
2014-08-05,4.345999029455733,3.171864,0.0043754501791802,0.0043753325,1.1741349967103716
2014-08-06,-6.161270880537806,-3.048,0.0043743994521892,0.0043747104,-3.113270783263026
2014-08-07,3.8189767104582217,3.6614692,0.0043753974769483,0.0043753814,0.15750748934310943
2014-08-08,3.6719542054631376,2.7465045,0.0043753827746978,0.00437529,0.9254496602513456
2014-08-09,3.6032420149597484,3.7142372,0.00437537590347875,0.004375387,-0.11099519817501724
2014-08-10,3.5345298244563588,3.5665998,0.0043753690322597,0.004375372,-0.0320700214298717
2014-08-11,3.384455847460846,3.4384663,0.004375354024862,0.004375359,-0.0540104630402527
2014-08-12,3.2413607614547453,3.1283321,0.0043753397153534,0.0043753283,0.11302862339322184
2014-08-13,3.130550011460481,3.1283321,0.0043753286342784,0.0043753283,0.002217873398957515
2014-08-14,3.0681646614582476,3.1283321,0.0043753223957434,0.0043753283,-0.060167476603275816
2014-08-15,3.005779311456014,3.099278,0.0043753161572084,0.0043753255,-0.09349866171903498
2014-08-16,2.9159099834610154,2.8556018,0.0043753071702756,0.004375301,0.060308195893876704
2014-08-17,2.7937585464574837,2.8556018,0.0043752949551319,0.004375301,-0.061843241109655
2014-08-18,2.7134899214555084,2.723335,0.0043752869282694,0.004375288,-0.009845106239193768
2014-08-19,2.6668110159576432,2.723335,0.00437528226037885,0.004375288,-0.0565240117370589
2014-08-20,2.6201321104597772,2.5915818,0.0043752775924883,0.0043752748,0.02855028901812684
2014-08-21,1.039878666456856,1.8106873,0.0043751195671439,0.0043751965,-0.7708086370862348
2014-08-22,2.4072384574580497,2.4333918,0.004375256303123,0.004375259,-0.026153352005451325
2014-08-23,2.2859563364625854,1.8558856,0.0043752441749109,0.004375201,0.43007071157702637
2014-08-24,2.206339428960022,2.143295,0.00437523621322015,0.0043752296,0.0630443792926636
2014-08-25,2.126722521457458,2.1425512,0.0043752282515294,0.0043752296,-0.01582866224310342
2014-08-26,0.5604275464619196,1.1689162,0.0043750716220319,0.0043751323,-0.60848867897143
2014-08-27,1.0063275474644224,1.4182992,0.0043751162120320005,0.0043751574,-0.41197165068621233
2014-08-28,1.4522275484582514,1.1303569,0.0043751608020321,0.0043751285,0.32187064061370796
2014-08-29,1.8981275494607541,1.4206505,0.0043752053920322,0.0043751574,0.47747706728301975
2014-08-30,1.7737940014549147,1.6378629,0.0043751929586774,0.0043751793,0.13593108069380633
2014-08-31,1.6830521734623183,1.6426038,0.0043751838844946,0.0043751798,0.04044841846506486
2014-09-01,1.58925591546219,1.5287428,0.0043751745048688,0.004375168,0.06051312524002195
2014-09-02,1.4928422684568758,1.4353496,0.0043751648635041,0.004375159,0.057492684831082386
2014-09-03,1.3772327854631032,1.4353496,0.0043751533025558,0.004375159,-0.05811679816269022
2014-09-04,1.2734021424560398,1.3464375,0.0043751429194915,0.00437515,-0.07303531176759304
2014-09-05,1.1660815224610181,1.1792411,0.0043751321874295,0.004375133,-0.013159538749614175
2014-09-06,1.0735967964550093,1.1544347,0.0043751229389569,0.004375131,-0.08083788448371143
2014-09-07,0.05660233695810313,0.3318386,0.00437502123951095,0.0043750484,-0.2752362708299828
2014-09-08,-0.9603921225388029,-0.09039069,0.004374919540065,0.0043750065,-0.8700014328677633
2014-09-09,-0.5684478938689647,-0.2394408,0.004374958734487867,0.0043749916,-0.3290070951095042
2014-09-10,-0.17650366520780003,-0.5339439,0.004374997928910733,0.004374962,0.3574402263174685
2014-09-11,0.21544056346203821,-0.25307977,0.0043750371233336,0.0043749902,0.46852033545758265
2014-09-12,0.10550409745499478,-0.23662679,0.004375026129687,0.0043749916,0.34213088642880307
2014-09-13,0.049226794958043274,-0.07238476,0.00437502050195675,0.004375008,0.12161155474178809
2014-09-14,-0.007050507538908235,-0.06823568,0.0043750148742265,0.0043750084,0.061185172922021636
2014-09-15,-0.141851226537551,-0.16597825,0.0043750013941546,0.0043749986,0.02412702635017483
2014-09-16,-0.18547634754451092,-0.17630865,0.0043749970316425,0.0043749977,-0.009167700746377072
2014-09-17,-0.22910146854279723,-0.25181386,0.0043749926691304,0.0043749902,0.022712390204685073
2014-09-18,-0.36608664553787473,-0.30568102,0.0043749789706127,0.0043749847,-0.060405625516436134
2014-09-19,-0.44635728187365775,-0.35994527,0.004374970943549067,0.0043749795,-0.0864120144347692
2014-09-20,-0.5266279182094408,-0.4263256,0.004374962916485433,0.0043749725,-0.10030232879102952
2014-09-21,-0.6068985545452238,-0.5197124,0.0043749548894218,0.004374963,-0.08718616602975138
2014-09-22,-0.6985132225412194,-0.5864087,0.004374945727955,0.0043749567,-0.11210454782426993
2014-09-23,-0.8014704045399001,-0.7276476,0.0043749354322368,0.0043749427,-0.07382280198176416
2014-09-24,-0.8485858580403738,-0.87933934,0.00437493072069145,0.0043749274,0.030753479308564202
2014-09-25,-0.8957013115408474,-0.95061415,0.0043749260091461,0.0043749204,0.05491284279798925
2014-09-26,-0.9860070705400292,-1.0312837,0.0043749169785702,0.0043749125,0.04527666568891364
2014-09-27,-1.1127400020415763,-1.106904,0.00437490430527705,0.0043749046,-0.0058359721953848975
2014-09-28,-1.2394729335431232,-1.1539867,0.0043748916319839,0.0043749,-0.08548624111453429
2014-09-29,-1.3332682755398673,-1.347148,0.0043748822524497,0.004374881,0.013879666049488204
2014-09-30,-1.431862850544141,-1.3986995,0.0043748723929922,0.0043748757,-0.03316332852570847
2014-10-01,-3.2210951995438606,-2.922032,0.0043746934697573,0.004374723,-0.29906308170023266
2014-10-02,-2.4512493560467643,-2.252978,0.004374770454341649,0.00437479,-0.1982712695752067
2014-10-03,-1.6814035125409936,-1.8038265,0.004374847438926,0.004374835,0.12242293876058108
2014-10-04,-1.7586185075378624,-1.9442999,0.0043748397174265,0.0043748207,0.18568142875669325
2014-10-05,-1.8563408665447922,-1.8635517,0.0043748299451906,0.004374829,0.0072108693331984774
2014-10-06,-1.9475187765412294,-1.9820191,0.0043748208273996,0.004374817,0.03450029026937851
2014-10-07,-2.0386966865376666,-1.9706951,0.0043748117096086,0.0043748184,-0.06800154856006646
2014-10-08,-3.8733020475429507,-3.782862,0.0043746282490725,0.0043746373,-0.09044009952964505
2014-10-09,-2.306126488538923,-2.3147945,0.0043747849666284,0.004374784,0.008668051866350446
2014-10-10,-2.4300257095433153,-2.129471,0.0043747725767063,0.0043748026,-0.3005546459294237
2014-10-11,-2.4906664325419214,-2.307565,0.004374766512634,0.0043747844,-0.18310145871074468
2014-10-12,-2.5513071555405276,-2.485618,0.0043747604485617,0.0043747667,-0.06568904106909201
2014-10-13,-2.657755345542717,-2.6305344,0.0043747498037427,0.0043747523,-0.027220935066032403
2014-10-14,-2.7567865195417958,-2.765228,0.0043747399006253,0.004374739,0.008441513524000133
2014-10-15,-2.9225649715407256,-3.082394,0.0043747233227801,0.004374707,0.1598289131180879
2014-10-16,-3.029884567537153,-2.8739285,0.0043747125908205,0.004374728,-0.15595602063163527
2014-10-17,-3.1271705375375545,-2.886731,0.0043747028622235,0.0043747267,-0.2404396281900203
2014-10-18,-3.212676739040507,-3.1838176,0.00437469431160335,0.004374697,-0.028859113994730734
2014-10-19,-3.2981829405434593,-3.269751,0.0043746857609832,0.0043746885,-0.028431868613527644
2014-10-20,-3.3937229375422677,-3.2853985,0.0043746762069835,0.0043746866,-0.10832445426590054
2014-10-21,-3.4853370525431138,-3.382549,0.004374667045572,0.0043746773,-0.102788005073021
2014-10-22,-3.5370336955425214,-3.1734905,0.0043746618759077,0.004374698,-0.36354317125052926
2014-10-23,-3.5887303385419287,-3.176587,0.0043746567062434,0.004374698,-0.4121432337445654
2014-10-24,-3.7239704045368556,-3.6495883,0.0043746431822368,0.0043746503,-0.07438205805553233
2014-10-25,-0.9703624525344429,-1.6068271,0.004374918543032001,0.0043748547,0.6364646873199883
2014-10-26,1.7832454994592961,-0.03364587,0.0043751939038272,0.004375012,1.8168913677606877
2014-10-27,4.536853451461709,3.4817362,0.0043754692646224,0.0043753637,1.0551172682952048
2014-10-28,4.386339992456384,4.5245676,0.0043754542132765,0.004375468,-0.13822761160855723
2014-10-29,4.318064369453895,5.037729,0.0043754473857141995,0.004375519,-0.7196644170146111
2014-10-30,4.249788746460078,4.4942203,0.0043754405581519,0.0043754647,-0.2444315103453416
2014-10-31,4.087500031458788,4.240419,0.0043754243292804,0.0043754396,-0.15291887952143668
2014-11-01,3.9195367674584034,4.122373,0.004375407532954,0.0043754275,-0.20283633663705558
2014-11-02,3.800436943462299,3.7172518,0.0043753956229716,0.004375387,0.0831851658133731
2014-11-03,3.6678108174606483,3.86113,0.004375382360359,0.0043754014,-0.1933191817001183
2014-11-04,3.6082613064612747,3.760433,0.0043753764054079,0.0043753916,-0.15217165214163053
2014-11-05,3.5487117954619007,3.7976408,0.0043753704504568,0.0043753954,-0.24892900501417348
2014-11-06,3.4152174084589593,3.4384663,0.0043753571010181,0.004375359,-0.023248902042139363
2014-11-07,3.306590648458757,3.4112253,0.0043753462383421,0.0043753567,-0.10463467044993457
2014-11-08,3.249877065462231,3.3232992,0.0043753405669838,0.004375348,-0.0734221040781744
2014-11-09,3.1931634824570314,3.1283321,0.0043753348956255,0.0043753283,0.06483134439550797
2014-11-10,3.041347513459483,3.1283321,0.0043753197140286,0.0043753283,-0.08698462460204048
2014-11-11,2.947552050457103,3.099278,0.0043753103344823,0.0043753255,-0.15172592271794594
2014-11-12,1.5313504114593257,1.9919269,0.0043751687143184,0.0043752147,-0.4605764970337163
2014-11-13,2.1513281959605752,2.3629262,0.00437523071209685,0.0043752515,-0.21159804877514254
2014-11-14,2.7713059804618245,2.3489392,0.0043752927098753,0.00437525,0.422366800087679
2014-11-15,2.6927812374604594,2.3294122,0.004375284857401,0.004375248,0.36336901555189005
2014-11-16,2.586339171457147,2.6320536,0.0043752742131944,0.0043752785,-0.04571444220557286
2014-11-17,2.491670167952681,2.466947,0.004375264746294049,0.004375262,0.024723089247847163
2014-11-18,2.3970011644568885,2.3144262,0.0043752552793937,0.004375247,0.08257498075632697
2014-11-19,2.3258942544613497,2.357161,0.0043752481687027,0.004375251,-0.031266790613113216
2014-11-20,2.2307907494596018,2.2672155,0.0043752386583522,0.004375242,-0.03642474088158476
2014-11-21,2.1396131104616662,2.1425512,0.0043752295405883,0.0043752296,-0.002938073238895278
2014-11-22,2.0479991824553374,2.0546966,0.0043752203791955,0.0043752207,-0.006697377450668451
2014-11-23,1.955512273455959,1.9351498,0.0043752111305046,0.004375209,0.020362484599452557
2014-11-24,1.899889481953021,1.9351498,0.004375205568225449,0.004375209,-0.03526030690348536
2014-11-25,1.8442666904587568,1.8180953,0.0043752000059463,0.004375197,0.026171364035111777
2014-11-26,1.6911396214566028,1.6584687,0.0043751846932394,0.004375181,0.03267089815948365
2014-11-27,1.586873577454767,1.5287428,0.004375174266635,0.004375168,0.058130787232599124
2014-11-28,1.486973276463091,1.4512146,0.0043751642766049,0.0043751607,0.035758724537431785
2014-11-29,1.3960130369576607,1.4353496,0.00437515518058095,0.004375159,-0.0393365466681328
2014-11-30,1.3050527974609039,1.3178492,0.004375146084557,0.004375147,-0.012796361779818799
2014-12-01,1.2219448679642864,1.3178492,0.0043751377737640505,0.004375147,-0.0959042912764363
2014-12-02,1.1388369384589954,1.14985,0.0043751294629711,0.0043751304,-0.011013072412891844
2014-12-03,-0.5875636135445339,0.16614251,0.0043749568229159,0.004375032,-0.7537061219320995
2014-12-04,0.8666099214627021,0.8580332,0.0043751022402694,0.004375101,0.008576741225885698
2014-12-05,0.7337674324571497,0.20327283,0.0043750889560205,0.004375036,0.5304945980369455
2014-12-06,0.6009249434602709,0.4566957,0.0043750756717716,0.004375061,0.14422923780803398
2014-12-07,0.4652461514566969,0.45334947,0.0043750621038924,0.0043750606,0.011896680364472778
2014-12-08,0.3457094664618271,0.30982625,0.0043750501502239,0.0043750466,0.03588321161716157
2014-12-09,0.2652177369562303,0.29104313,0.00437504210105095,0.0043750447,-0.025825395587333544
2014-12-10,0.18472600745930712,0.21033734,0.004375034051878,0.0043750363,-0.025611333372449474
2014-12-11,0.02243769546030061,0.10188063,0.0043750178230468,0.0043750256,-0.07944293688060744
2014-12-12,-0.08226495254101684,-0.045236014,0.004375007352782,0.0043750107,-0.037028938711308745
2014-12-13,-0.13701508753960479,-0.17630865,0.0043750018777685,0.0043749977,0.039293559258529065
2014-12-14,-0.19176522253819273,-0.21513925,0.004374996402755,0.004374994,0.023374032389442467
2014-12-15,-0.3165362005407707,-0.28523237,0.0043749839256572,0.004374987,-0.03130383540939252
2014-12-16,-0.47882527054454727,-0.4045984,0.0043749676967502,0.004374975,-0.07422685564662856
2014-12-17,-1.935162936544249,-1.1813114,0.0043748220629836,0.004374897,-0.7538515676019883
2014-12-18,-0.6742678605384245,-0.59815514,0.0043749481524912,0.004374956,-0.07611271966165445
2014-12-19,-0.7591192635429678,-1.2757583,0.0043749396673509,0.004374888,0.5166390029060068
2014-12-20,-0.8439706665388375,-0.9559548,0.0043749311822106,0.00437492,0.11198412357651899
2014-12-21,-0.9447466105434732,-1.0166286,0.0043749211046162,0.004374914,0.07188201246525483
2014-12-22,-1.044213665543983,-1.0312837,0.0043749111579107,0.0043749125,-0.012929929315040223
2014-12-23,-1.1423718305429014,-1.106904,0.0043749013420942,0.0043749046,-0.03546780069670996
2014-12-24,-1.2466373015395522,-1.2438164,0.0043748909155471,0.004374891,-0.0028209258071303367
2014-12-25,-1.3098898555413685,-1.3986995,0.0043748845902917,0.0043748757,0.08880966647706412
2014-12-26,-1.4685465645446205,-1.3986995,0.0043748687246208,0.0043748757,-0.0698470425261879
2014-12-27,-1.627203273539199,-1.4366965,0.0043748528589499,0.0043748715,-0.1905067441507713
2014-12-28,-1.7858599825424508,-1.7570456,0.004374836993279,0.00437484,-0.028814355902130995
2014-12-29,-1.8715851380409627,-1.8610008,0.00437482842076345,0.004374829,-0.01058436175006916
2014-12-30,-1.9573102935394742,-1.9820191,0.0043748198482479,0.004374817,0.024708773271133744
2014-12-31,-2.059394653541186,-1.995088,0.0043748096398119,0.004374816,-0.06430667231712572
2015-01-01,-3.4734173295393465,-3.3648493,0.0043746682375443,0.0043746787,-0.10856800054459548
2015-01-02,-2.2068450485426827,-2.1882615,0.0043747948947724,0.0043747965,-0.018583539601032317
2015-01-03,-2.326380355542612,-2.3361614,0.0043747829412417,0.0043747816,0.009781019503164234
2015-01-04,-2.394001307037125,-2.161408,0.00437477617914655,0.0043747993,-0.23259335949684168
2015-01-05,-2.4616222585403107,-2.485618,0.0043747694170514,0.0043747667,0.023995855931124854
2015-01-06,-3.8944006625421523,-3.9024084,0.004374626139211,0.004374625,0.008007698892784187
2015-01-07,-2.704181958539456,-2.6153216,0.0043747451610814,0.0043747537,-0.0888603223395048
2015-01-08,-2.7766004955399186,-2.4625478,0.0043747379192277,0.004374769,-0.31405271645666666
2015-01-09,-2.8490190325403812,-2.6820312,0.004374730677374,0.004374747,-0.1669878779078129
2015-01-10,-2.942814148537351,-2.8335707,0.0043747212978624,0.004374732,-0.10924342977209234
2015-01-11,-3.078053129540806,-2.9390244,0.0043747077739643,0.0043747216,-0.1390286811460304
2015-01-12,-3.1692308755451593,-2.9390244,0.0043746986561897,0.0043747216,-0.23020642715038386
2015-01-13,-3.258663025538025,-3.2088292,0.0043746897129747,0.0043746945,-0.04983386103302001
2015-01-14,-4.754708617538822,-4.748578,0.0043745401084155,0.0043745404,-0.00613054594458351
2015-01-15,-3.459777919538609,-3.385485,0.0043746696014853,0.004374677,-0.07429298568545972
2015-01-16,-3.560552883537238,-2.8307765,0.0043746595239889,0.0043747323,-0.7297764305190495
2015-01-17,-3.6137760705406974,-3.3370717,0.0043746542016702,0.0043746815,-0.27670441335991125
2015-01-18,-3.666999257544157,-3.4746308,0.0043746488793515,0.004374668,-0.19236842487203765
2015-01-19,-3.762102792539274,-3.7027342,0.004374639368998,0.004374645,-0.05936856059042128
2015-01-20,-3.8589527425435257,-3.8377774,0.004374629684003,0.0043746317,-0.021175366368598958
2015-01-21,-3.959293045537049,-3.9002562,0.0043746196499727,0.004374625,-0.05903688861566225
2015-01-22,-4.066609915536964,-4.0923796,0.0043746089182857,0.004374606,0.02576965447036006
2015-01-23,-4.2115617377921915,-3.682727,0.004374594423103475,0.004374647,-0.5288346393272256
2015-01-24,-4.356513560038744,-3.7390633,0.00437457992792125,0.0043746415,-0.6174502970992908
2015-01-25,-4.501465382285296,-4.3533845,0.004374565432739026,0.00437458,-0.14808088750380222
2015-01-26,-4.646417204540524,-4.7514076,0.0043745509375568,0.0043745404,0.10499041875049198
2015-01-27,-4.979736721536648,-4.4299936,0.0043745176056051,0.0043745725,-0.5497430920810817
2015-01-28,3.6327411234628877,2.3246434,0.0043753788533896,0.0043752478,1.3080977499735078
2015-01-29,3.5884616084603387,2.4117875,0.0043753744254381,0.0043752566,1.1766740985421258
2015-01-30,3.54418209345779,3.8302033,0.0043753699974866,0.0043753986,-0.2860212012962382
2015-01-31,3.4874717334560517,3.4025261,0.0043753643264506,0.004375356,0.08494559324303896
2015-02-01,3.430765564459495,3.3857458,0.0043753586558337,0.004375354,0.045019800680808686
2015-02-02,3.3714387054611246,3.3252828,0.0043753527231478,0.004375348,0.04615589334259429
2015-02-03,3.3208339769545683,3.3507624,0.0043753476626749496,0.0043753507,-0.029928390293966878
2015-02-04,3.270229248456685,3.3232992,0.0043753426022021,0.004375348,-0.05306992108372022
2015-02-05,3.1650960854567174,3.1283321,0.0043753320888858,0.0043753283,0.03676394739519395
2015-02-06,3.075664922460794,3.1283321,0.0043753231457695,0.0043753283,-0.05266721560072929
2015-02-07,3.004337053962025,3.099278,0.00437531601298265,0.0043753255,-0.09494091921302372
2015-02-08,2.933009185463256,2.8556018,0.0043753088801958,0.004375301,0.07740739789611739
2015-02-09,2.827435978455112,2.8487668,0.0043752983228751,0.0043753004,-0.021330825286343114
2015-02-10,2.7414920419563393,2.8212702,0.00437528972848145,0.0043752976,-0.07977818547591164
2015-02-11,2.6555481054575667,2.723335,0.0043752811340878,0.004375288,-0.06778692223713545
2015-02-12,2.536884815456178,2.635951,0.0043752692677588,0.004375279,-0.09906622671911514
2015-02-13,2.0949261742876644,2.3965333,0.004375225071894683,0.004375255,-0.30160707652105145
2015-02-14,1.6529675331278249,1.9215584,0.004375180876030567,0.0043752077,-0.2685908469991283
2015-02-15,1.2110088919593114,1.5486262,0.00437513668016645,0.0043751705,-0.3376172925041896
2015-02-16,0.7690502507907981,1.0687805,0.004375092484302333,0.0043751225,-0.29973029062918477
2015-02-17,0.3270916096309584,0.55343044,0.004375048288438217,0.004375071,-0.2263388284107286
2015-02-18,-0.11486703153755495,0.12596172,0.0043750040925741,0.004375028,-0.24082875248100588
2015-02-19,-0.21869711253758028,0.06379052,0.004374993709566,0.004375022,-0.28248763505335406
2015-02-20,1.2258764854611304,0.69607747,0.0043751381669258,0.004375085,0.529799019450083
2015-02-21,1.0177779274575527,0.40834013,0.00437511735707,0.0043750564,0.6094378011815365
2015-02-22,0.9100224824566683,0.7909173,0.0043751065815255,0.0043750945,0.11910520512054767
2015-02-23,0.8101199244596458,0.8684535,0.0043750965912697,0.004375102,-0.05833357819538354
2015-02-24,0.7001847224588631,0.72516674,0.0043750855977495,0.004375088,-0.024982015574431582
2015-02-25,-0.07226852754248225,0.08257363,0.0043750083524245,0.004375024,-0.15484215745819652
2015-02-26,-0.8447217775438276,-0.17025739,0.0043749311070995,0.004374998,-0.6744643879983869
2015-02-27,0.48991367945956654,0.20446765,0.0043750645706452,0.004375036,0.2854460252313561
2015-02-28,0.402230807454787,-0.23541717,0.004375055802358,0.0043749916,0.6376479797675235
2015-03-01,0.4299423404623137,0.32468885,0.0043750585735113,0.004375048,0.10525348862897022
2015-03-02,0.4576538734611668,0.43456635,0.0043750613446646,0.0043750587,0.02308752467004438
2015-03-03,0.3560070404619309,0.29104313,0.0043750511799813,0.0043750447,0.06496390791836704
2015-03-04,0.30452854495911785,0.29104313,0.00437504603213175,0.0043750447,0.01348541241555401
2015-03-05,0.2530500494563048,0.29104313,0.0043750408842822,0.0043750447,-0.037993083087259016
2015-03-06,0.15881853195412465,0.2049996,0.0043750314611304495,0.004375036,-0.04618106392638377
2015-03-07,0.0645870144606181,0.09922294,0.0043750220379787,0.004375025,-0.03463592872614185
2015-03-08,-0.06628939053926475,-0.0922575,0.0043750089503382,0.004375006,0.02596810915555947
2015-03-09,-0.030066006038997894,-0.1104832,0.00437501257267665,0.004375004,0.08041719331898856
2015-03-10,0.006157378461268959,-0.12081356,0.0043750161950151,0.0043750033,0.12697094192734104
2015-03-11,-0.12821106854139785,-0.24855788,0.0043750027581704,0.0043749907,0.12034681197942276
2015-03-12,-2.2311464615426546,-1.2766179,0.0043747924646311,0.004374888,-0.9545285769067293
2015-03-13,-0.3123140905440802,-0.25181386,0.0043749843478682,0.0043749902,-0.060500231796597914
2015-03-14,-0.4239973485416909,-1.173379,0.0043749731795424,0.004374898,0.7493815958552817
2015-03-15,-0.5365531895434178,-0.55903053,0.0043749619239583,0.0043749595,0.022477343293496266
2015-03-16,-0.6539102045434453,-0.52995074,0.0043749501882568,0.0043749623,-0.12395946659025925
2015-03-17,-0.7712672195434728,-0.5864087,0.0043749384525553,0.0043749567,-0.1848585448265233
2015-03-18,-0.9693290385377057,-0.98130953,0.0043749186463734,0.004374917,0.01198049458149597
2015-03-19,-1.1828146325408573,-1.0922489,0.004374897297814,0.004374906,-0.09056571591488072
2015-03-20,-1.3963002265353353,-1.1620495,0.0043748759492546006,0.004374899,-0.23425069459868975
2015-03-21,-1.609785820538487,-1.3986995,0.0043748546006952,0.0043748757,-0.21108629852005434
2015-03-22,-1.676534362041529,-1.7124395,0.00437484792584105,0.004374844,0.0359051750068109
2015-03-23,-1.7432829035445714,-1.7369405,0.0043748412509869,0.0043748417,-0.0063424004241490195
2015-03-24,-1.8523474805409723,-1.8815157,0.0043748303445292,0.0043748273,0.02916826080729429
2015-03-25,-2.04299178354142,-2.0064118,0.0043748112800989,0.0043748147,-0.03657999269364165
2015-03-26,-2.1012317000419776,-2.0640295,0.00437480545610725,0.004374809,-0.037202244857041045
2015-03-27,-2.159471616542535,-2.1554909,0.0043747996321156,0.0043748,-0.003980741298394541
2015-03-28,-2.2851114555438867,-2.3251114,0.0043747870681317,0.004374783,0.03999993361626952
2015-03-29,-2.385884227537258,-2.3251114,0.0043747769908545,0.004374783,-0.06077283837710157
2015-03-30,-2.4492835408711917,-2.4746244,0.004374770650923167,0.004374768,0.025340854499291687
2015-03-31,-2.5126828542051256,-2.485618,0.004374764310991834,0.0043747667,-0.027064739733690057
2015-04-01,-2.5760821675390595,-2.5687435,0.0043747579710605,0.0043747583,-0.00733870020812688
2015-04-02,-4.18643826253888,-4.280198,0.004374596935451,0.0043745874,0.09375983469012361
2015-04-03,-2.712632808541879,-2.7337577,0.0043747443159964,0.004374742,0.021124925756827118
2015-04-04,-2.496646031536695,-2.150938,0.0043747659146741,0.0043748002,-0.345707997479078
2015-04-05,-2.5544504890333277,-2.855821,0.004374760134228351,0.00437473,0.3013704052080053
2015-04-06,-2.6122549465386333,-2.4831417,0.0043747543537826,0.004374767,-0.1291132858483257
2015-04-07,-4.726963695545275,-4.677897,0.0043745428829077,0.0043745474,-0.049066719074327914
2015-04-08,-4.840391559539012,-4.854613,0.0043745315401213,0.0043745297,0.01422126776201349
2015-04-09,-2.8962587195376086,-2.5892375,0.0043747259534053,0.0043747565,-0.3070212679842639
2015-04-10,-3.0066329505425147,-2.0493617,0.0043747149159822,0.0043748105,-0.9572712447624854
2015-04-11,-0.798099748875597,-1.0939467,0.0043749357693023665,0.004374906,0.2958469464521618
2015-04-12,1.410433452791321,-0.1705058,0.004375156622622533,0.004374998,1.5809392595950242
2015-04-13,3.618966654458239,2.2886941,0.0043753774759427,0.004375244,1.330272511162951
2015-04-14,3.506414933459462,2.7770605,0.0043753662207706,0.004375293,0.7293544247314347
2015-04-15,3.348485054458644,3.2602184,0.0043753504277827,0.0043753413,0.0882666725769301
2015-04-16,1.8132047784578942,2.3525038,0.0043751968997551,0.0043752505,-0.5392989980923988
