date,actual,pred,residual
2016/3/4,0.062290137,0.062290211,-7.39E-08
2016/3/5,0.062290125,0.062290152,-2.76E-08
2016/3/6,0.062290085,0.06229014,-5.55E-08
2016/3/7,0.062290072,0.062290103,-3.13E-08
2016/3/8,0.062290071,0.062290091,-2.05E-08
2016/3/9,0.062290162,0.062290092,7.00E-08
2016/3/10,0.062290162,0.062290181,-1.87E-08
2016/3/11,0.062290191,0.062290178,1.35E-08
2016/3/12,0.062290239,0.0622902,3.94E-08
2016/3/13,0.062290255,0.062290247,7.88E-09
2016/3/14,0.062290267,0.062290262,4.45E-09
2016/3/15,0.0622903,0.06229027,3.04E-08
2016/3/16,0.062290334,0.062290303,3.11E-08
2016/3/17,0.06229039,0.062290335,5.48E-08
2016/3/18,0.062290408,0.062290387,2.09E-08
2016/3/19,0.062290416,0.062290402,1.46E-08
2016/3/20,0.06229042,0.062290408,1.27E-08
2016/3/21,0.062290427,0.062290412,1.52E-08
2016/3/22,0.062290426,0.062290419,6.58E-09
2016/3/23,0.062290418,0.062290418,4.04E-10
2016/3/24,0.062290401,0.062290411,-9.89E-09
2016/3/25,0.062290385,0.062290394,-9.19E-09
2016/3/26,0.062290365,0.06229038,-1.53E-08
2016/3/27,0.062290349,0.062290362,-1.24E-08
2016/3/28,0.062290337,0.062290347,-1.10E-08
2016/3/29,0.062290327,0.062290336,-9.24E-09
2016/3/30,0.062290318,0.062290328,-9.59E-09
2016/3/31,0.062290314,0.062290319,-5.12E-09
2016/4/1,0.062290314,0.062290315,-1.24E-09
2016/4/2,0.06229032,0.062290316,3.68E-09
2016/4/3,0.062290331,0.062290321,9.74E-09
2016/4/4,0.062290339,0.062290332,7.13E-09
2016/4/5,0.062290344,0.062290338,5.93E-09
2016/4/6,0.062290348,0.062290343,4.93E-09
2016/4/7,0.062290353,0.062290347,6.61E-09
2016/4/8,0.062290362,0.062290351,1.04E-08
2016/4/9,0.062290366,0.062290359,6.76E-09
2016/4/10,0.06229037,0.062290364,6.67E-09
2016/4/11,0.062290376,0.062290367,8.61E-09
2016/4/12,0.062290381,0.062290372,9.37E-09
2016/4/13,0.062290387,0.062290378,9.17E-09
2016/4/14,0.062290392,0.062290382,9.68E-09
2016/4/15,0.062290408,0.062290387,2.07E-08
2016/4/16,0.062290424,0.062290403,2.17E-08
2016/4/17,0.062290442,0.062290418,2.42E-08
2016/4/18,0.062290456,0.062290434,2.27E-08
2016/4/19,0.062290471,0.062290447,2.44E-08
2016/4/20,0.062290491,0.06229046,3.06E-08
2016/4/21,0.062290487,0.062290479,8.40E-09
2016/4/22,0.06229047,0.062290474,-4.68E-09
2016/4/23,0.062290437,0.062290457,-2.02E-08
2016/4/24,0.062290394,0.062290426,-3.19E-08
2016/4/25,0.062290349,0.062290387,-3.83E-08
2016/4/26,0.062290309,0.062290346,-3.68E-08
2016/4/27,0.062290266,0.06229031,-4.46E-08
2016/4/28,0.062290162,0.06229027,-1.08E-07
2016/4/29,0.062290161,0.062290172,-1.12E-08
2016/4/30,0.062290197,0.062290174,2.26E-08
2016/5/1,0.06229021,0.062290214,-3.29E-09
2016/5/2,0.062290203,0.062290224,-2.06E-08
2016/5/3,0.062290164,0.062290211,-4.78E-08
2016/5/4,0.062290198,0.062290173,2.48E-08
2016/5/5,0.062290231,0.062290209,2.13E-08
2016/5/6,0.062290223,0.062290242,-1.95E-08
2016/5/7,0.062290227,0.062290231,-4.59E-09
2016/5/8,0.062290255,0.062290232,2.22E-08
2016/5/9,0.062290253,0.062290262,-8.90E-09
2016/5/10,0.062290244,0.06229026,-1.52E-08
2016/5/11,0.062290262,0.062290249,1.27E-08
2016/5/12,0.062290277,0.062290267,9.30E-09
2016/5/13,0.062290305,0.062290282,2.24E-08
2016/5/14,0.062290268,0.062290308,-3.98E-08
2016/5/15,0.062290271,0.062290271,3.61E-10
2016/5/16,0.062290271,0.062290274,-2.54E-09
2016/5/17,0.062290291,0.062290277,1.48E-08
2016/5/18,0.062290296,0.062290296,-7.23E-10
2016/5/19,0.062290313,0.062290299,1.40E-08
2016/5/20,0.062290341,0.062290314,2.65E-08
2016/5/21,0.06229035,0.062290341,9.41E-09
2016/5/22,0.062290296,0.062290349,-5.33E-08
2016/5/23,0.062290342,0.062290295,4.68E-08
2016/5/24,0.06229039,0.062290341,4.90E-08
2016/5/25,0.062290377,0.06229039,-1.36E-08
2016/5/26,0.062290342,0.062290373,-3.06E-08
2016/5/27,0.062290375,0.062290336,3.85E-08
2016/5/28,0.062290403,0.062290372,3.10E-08
2016/5/29,0.062290389,0.062290401,-1.24E-08
2016/5/30,0.06229036,0.062290384,-2.37E-08
2016/5/31,0.062290394,0.062290354,4.03E-08
2016/6/1,0.062290431,0.06229039,4.08E-08
2016/6/2,0.062290389,0.062290427,-3.78E-08
2016/6/3,0.062290306,0.062290383,-7.65E-08
2016/6/4,0.062290217,0.062290301,-8.38E-08
2016/6/5,0.062290198,0.062290221,-2.33E-08
2016/6/6,0.062290177,0.062290209,-3.18E-08
2016/6/7,0.062290178,0.062290193,-1.51E-08
2016/6/8,0.06229023,0.062290192,3.77E-08
2016/6/9,0.062290238,0.062290241,-2.33E-09
2016/6/10,0.062290219,0.062290248,-2.91E-08
2016/6/11,0.062290236,0.062290225,1.13E-08
2016/6/12,0.062290272,0.062290242,2.95E-08
2016/6/13,0.062290273,0.062290279,-6.59E-09
2016/6/14,0.062290234,0.062290278,-4.37E-08
2016/6/15,0.062290247,0.062290238,8.66E-09
2016/6/16,0.06229027,0.062290252,1.75E-08
2016/6/17,0.06229025,0.062290277,-2.68E-08
2016/6/18,0.062290241,0.062290257,-1.54E-08
2016/6/19,0.062290283,0.062290246,3.70E-08
2016/6/20,0.062290282,0.062290289,-6.28E-09
2016/6/21,0.06229027,0.062290288,-1.84E-08
2016/6/22,0.062290256,0.062290272,-1.65E-08
2016/6/23,0.062290298,0.06229026,3.82E-08
2016/6/24,0.062290337,0.062290303,3.42E-08
2016/6/25,0.062290329,0.06229034,-1.08E-08
2016/6/26,0.062290301,0.062290328,-2.72E-08
2016/6/27,0.062290328,0.062290299,2.82E-08
2016/6/28,0.062290327,0.062290328,-8.84E-10
2016/6/29,0.062290328,0.062290329,-9.60E-10
2016/6/30,0.062290314,0.062290328,-1.40E-08
2016/7/1,0.062290336,0.062290314,2.23E-08
2016/7/2,0.062290341,0.062290336,4.47E-09
2016/7/3,0.062290308,0.062290341,-3.33E-08
2016/7/4,0.062290314,0.062290308,6.21E-09
2016/7/5,0.062290347,0.062290314,3.29E-08
2016/7/6,0.062290352,0.062290349,3.14E-09
2016/7/7,0.062290344,0.062290352,-7.86E-09
2016/7/8,0.062290362,0.062290341,2.08E-08
2016/7/9,0.062290381,0.062290359,2.20E-08
2016/7/10,0.062290367,0.062290379,-1.14E-08
2016/7/11,0.062290357,0.062290364,-6.92E-09
2016/7/12,0.062290388,0.062290353,3.53E-08
2016/7/13,0.062290391,0.062290385,6.74E-09
2016/7/14,0.062290406,0.062290388,1.76E-08
2016/7/15,0.062290413,0.0622904,1.31E-08
2016/7/16,0.062290415,0.062290406,9.21E-09
2016/7/17,0.062290421,0.062290409,1.26E-08
2016/7/18,0.062290425,0.062290414,1.08E-08
2016/7/19,0.062290429,0.062290417,1.17E-08
2016/7/20,0.062290435,0.062290421,1.39E-08
2016/7/21,0.062290442,0.062290427,1.43E-08
2016/7/22,0.06229031,0.062290433,-1.23E-07
2016/7/23,0.062290309,0.062290306,2.98E-09
2016/7/24,0.06229031,0.062290307,3.55E-09
2016/7/25,0.062290318,0.062290317,1.66E-09
2016/7/26,0.062290323,0.062290323,-2.94E-10
2016/7/27,0.062290326,0.062290323,3.26E-09
2016/7/28,0.06229033,0.062290327,3.85E-09
2016/7/29,0.062290334,0.062290331,3.31E-09
2016/7/30,0.062290335,0.062290334,1.40E-09
2016/7/31,0.062290338,0.062290335,3.22E-09
2016/8/1,0.062290342,0.062290337,4.31E-09
2016/8/2,0.062290347,0.062290341,6.13E-09
2016/8/3,0.06229035,0.062290346,3.90E-09
2016/8/4,0.062290356,0.062290348,7.91E-09
2016/8/5,0.062290358,0.062290354,4.12E-09
2016/8/6,0.062290365,0.062290356,8.42E-09
2016/8/7,0.06229037,0.062290362,8.24E-09
2016/8/8,0.062290374,0.062290367,6.43E-09
2016/8/9,0.062290378,0.06229037,7.49E-09
2016/8/10,0.062290385,0.062290374,1.09E-08
2016/8/11,0.06229039,0.062290381,9.13E-09
2016/8/12,0.062290393,0.062290386,7.24E-09
2016/8/13,0.062290396,0.062290388,8.39E-09
2016/8/14,0.062290402,0.062290391,1.06E-08
2016/8/15,0.062290406,0.062290396,9.99E-09
2016/8/16,0.062290411,0.0622904,1.04E-08
2016/8/17,0.062290414,0.062290404,9.81E-09
2016/8/18,0.062290417,0.062290408,8.86E-09
2016/8/19,0.062290423,0.06229041,1.36E-08
2016/8/20,0.062290429,0.062290416,1.27E-08
2016/8/21,0.062290434,0.062290422,1.21E-08
2016/8/22,0.062290437,0.062290426,1.12E-08
2016/8/23,0.062290441,0.062290428,1.25E-08
2016/8/24,0.062290445,0.062290432,1.29E-08
2016/8/25,0.06229045,0.062290436,1.36E-08
2016/8/26,0.062290452,0.062290441,1.16E-08
2016/8/27,0.062290455,0.062290443,1.26E-08
2016/8/28,0.06229046,0.062290446,1.44E-08
2016/8/29,0.062290465,0.06229045,1.51E-08
2016/8/30,0.06229047,0.062290455,1.51E-08
2016/8/31,0.062290472,0.062290459,1.28E-08
2016/9/1,0.062290068,0.062290461,-3.93E-07
2016/9/2,0.062290072,0.06229007,2.56E-09
2016/9/3,0.062290082,0.062290083,-2.67E-10
2016/9/4,0.062290087,0.062290117,-3.01E-08
2016/9/5,0.062290093,0.062290116,-2.36E-08
2016/9/6,0.0622901,0.062290109,-9.53E-09
2016/9/7,0.062290105,0.062290118,-1.28E-08
2016/9/8,0.06229011,0.062290124,-1.40E-08
2016/9/9,0.062290114,0.062290127,-1.32E-08
2016/9/10,0.062290121,0.062290131,-1.00E-08
2016/9/11,0.062290123,0.062290137,-1.37E-08
2016/9/12,0.06229013,0.06229014,-1.01E-08
2016/9/13,0.062290132,0.062290145,-1.28E-08
2016/9/14,0.062290136,0.062290148,-1.18E-08
2016/9/15,0.062290142,0.062290151,-8.88E-09
2016/9/16,0.062290149,0.062290157,-7.70E-09
2016/9/17,0.062290154,0.062290164,-9.83E-09
2016/9/18,0.062290158,0.062290168,-9.45E-09
2016/9/19,0.062290165,0.062290171,-6.70E-09
2016/9/20,0.062290173,0.062290178,-4.21E-09
2016/9/21,0.062290178,0.062290186,-8.06E-09
2016/9/22,0.062290181,0.06229019,-9.28E-09
2016/9/23,0.062290231,0.062290192,3.88E-08
2016/9/24,0.062290281,0.06229024,4.05E-08
2016/9/25,0.062290285,0.062290288,-2.68E-09
2016/9/26,0.062290289,0.062290288,7.15E-10
2016/9/27,0.062290293,0.062290289,3.77E-09
2016/9/28,0.062290297,0.062290295,2.15E-09
2016/9/29,0.062290305,0.0622903,5.00E-09
2016/9/30,0.062290312,0.062290307,5.26E-09
2016/10/1,0.062290317,0.062290314,2.65E-09
2016/10/2,0.062290322,0.062290318,4.82E-09
2016/10/3,0.06229033,0.062290323,7.34E-09
2016/10/4,0.062290337,0.06229033,6.51E-09
2016/10/5,0.062290341,0.062290337,4.77E-09
2016/10/6,0.062290347,0.06229034,6.40E-09
2016/10/7,0.062290354,0.062290345,8.47E-09
2016/10/8,0.062290362,0.062290352,9.67E-09
2016/10/9,0.062290367,0.06229036,7.06E-09
2016/10/10,0.06229037,0.062290364,6.39E-09
2016/10/11,0.062290377,0.062290367,9.70E-09
2016/10/12,0.062290383,0.062290373,9.47E-09
2016/10/13,0.06229039,0.062290379,1.13E-08
2016/10/14,0.062290399,0.062290386,1.33E-08
2016/10/15,0.062290407,0.062290394,1.32E-08
2016/10/16,0.062290415,0.062290401,1.38E-08
2016/10/17,0.062290423,0.062290408,1.48E-08
2016/10/18,0.062290433,0.062290416,1.69E-08
2016/10/19,0.062290437,0.062290425,1.22E-08
2016/10/20,0.062290442,0.062290429,1.34E-08
2016/10/21,0.062290448,0.062290433,1.48E-08
2016/10/22,0.062290457,0.062290439,1.80E-08
2016/10/23,0.062290461,0.062290447,1.33E-08
2016/10/24,0.062290464,0.06229045,1.32E-08
2016/10/25,0.06229047,0.062290453,1.71E-08
2016/10/26,0.062290479,0.062290459,2.00E-08
2016/10/27,0.062290483,0.062290468,1.49E-08
2016/10/28,0.062290488,0.062290471,1.65E-08
2016/10/29,0.062290493,0.062290475,1.80E-08
2016/10/30,0.062290501,0.06229048,2.06E-08
2016/10/31,0.06229051,0.062290488,2.16E-08
2016/11/1,0.062290516,0.062290496,1.99E-08
2016/11/2,0.062290316,0.062290501,-1.85E-07
2016/11/3,0.062290326,0.062290308,1.77E-08
2016/11/4,0.062290331,0.062290321,9.66E-09
2016/11/5,0.062290337,0.062290339,-2.22E-09
2016/11/6,0.062290341,0.062290341,-4.94E-10
2016/11/7,0.062290345,0.062290339,5.90E-09
2016/11/8,0.062290351,0.062290344,7.02E-09
2016/11/9,0.062290356,0.06229035,6.52E-09
2016/11/10,0.062290361,0.062290354,6.69E-09
2016/11/11,0.062290369,0.062290359,1.02E-08
2016/11/12,0.062290372,0.062290366,5.98E-09
2016/11/13,0.062290381,0.062290369,1.25E-08
2016/11/14,0.062290388,0.062290377,1.04E-08
2016/11/15,0.062290392,0.062290383,8.92E-09
2016/11/16,0.062290398,0.062290388,1.09E-08
2016/11/17,0.062290405,0.062290393,1.23E-08
2016/11/18,0.062290413,0.0622904,1.29E-08
2016/11/19,0.062290418,0.062290406,1.15E-08
2016/11/20,0.062290422,0.062290411,1.08E-08
2016/11/21,0.062290428,0.062290415,1.33E-08
2016/11/22,0.062290433,0.06229042,1.32E-08
2016/11/23,0.062290439,0.062290426,1.36E-08
2016/11/24,0.062290441,0.062290431,1.07E-08
2016/11/25,0.062290448,0.062290433,1.52E-08
2016/11/26,0.062290456,0.062290439,1.71E-08
2016/11/27,0.062290461,0.062290446,1.44E-08
2016/11/28,0.062290466,0.062290451,1.56E-08
2016/11/29,0.062290472,0.062290456,1.66E-08
2016/11/30,0.062290479,0.062290461,1.75E-08
2016/12/1,0.062290487,0.062290467,1.99E-08
2016/12/2,0.062290389,0.062290475,-8.63E-08
2016/12/3,0.062290389,0.06229038,9.27E-09
2016/12/4,0.062290391,0.062290382,9.02E-09
2016/12/5,0.062290403,0.062290389,1.31E-08
2016/12/6,0.062290409,0.0622904,8.85E-09
2016/12/7,0.062290413,0.062290403,1.04E-08
2016/12/8,0.062290416,0.062290407,9.73E-09
2016/12/9,0.062290422,0.06229041,1.24E-08
2016/12/10,0.062290428,0.062290415,1.35E-08
2016/12/11,0.062290434,0.062290421,1.28E-08
2016/12/12,0.062290437,0.062290426,1.16E-08
2016/12/13,0.062290441,0.062290429,1.15E-08
2016/12/14,0.062290447,0.062290432,1.55E-08
2016/12/15,0.062290149,0.062290438,-2.90E-07
2016/12/16,0.062290149,0.062290149,7.72E-11
2016/12/17,0.062290151,0.062290156,-5.01E-09
2016/12/18,0.06229016,0.062290176,-1.65E-08
2016/12/19,0.062290166,0.062290181,-1.45E-08
2016/12/20,0.06229017,0.062290178,-8.09E-09
2016/12/21,0.062290173,0.062290183,-9.58E-09
2016/12/22,0.062290179,0.062290186,-7.19E-09
2016/12/23,0.062290184,0.062290191,-6.78E-09
2016/12/24,0.062290188,0.062290195,-7.72E-09
2016/12/25,0.062290191,0.062290199,-7.29E-09
2016/12/26,0.062290196,0.062290202,-5.79E-09
2016/12/27,0.062290201,0.062290207,-5.83E-09
2016/12/28,0.062290207,0.062290211,-4.45E-09
2016/12/29,0.062290212,0.062290216,-4.08E-09
2016/12/30,0.062290216,0.062290222,-5.87E-09
2016/12/31,0.06229022,0.062290225,-5.09E-09
2017/1/1,0.062290227,0.062290228,-8.90E-10
2017/1/2,0.062290232,0.062290235,-2.99E-09
2017/1/3,0.062290236,0.06229024,-4.74E-09
2017/1/4,0.062290239,0.062290243,-3.38E-09
2017/1/5,0.062290242,0.062290246,-3.91E-09
2017/1/6,0.062290248,0.062290249,-8.89E-10
2017/1/7,0.062290251,0.062290255,-3.47E-09
2017/1/8,0.062290254,0.062290258,-3.55E-09
2017/1/9,0.062290257,0.06229026,-2.65E-09
2017/1/10,0.062290263,0.062290263,-2.71E-10
2017/1/11,0.062290267,0.062290268,-1.20E-09
2017/1/12,0.06229027,0.062290272,-1.72E-09
2017/1/13,0.062290273,0.062290275,-1.70E-09
2017/1/14,0.062290276,0.062290278,-1.59E-09
2017/1/15,0.062290283,0.06229028,2.59E-09
2017/1/16,0.062290287,0.062290287,6.01E-10
2017/1/17,0.062290289,0.062290291,-1.64E-09
2017/1/18,0.062290291,0.062290292,-8.96E-10
2017/1/19,0.062290297,0.062290294,2.59E-09
2017/1/20,0.062290301,0.0622903,1.33E-09
2017/1/21,0.062290303,0.062290303,-7.23E-10
2017/1/22,0.062290305,0.062290305,6.68E-11
2017/1/23,0.062290309,0.062290307,2.20E-09
2017/1/24,0.062290314,0.062290311,3.91E-09
2017/1/25,0.062290318,0.062290316,2.36E-09
2017/1/26,0.062290321,0.062290319,1.27E-09
2017/1/27,0.062290326,0.062290321,4.34E-09
2017/1/28,0.062290334,0.062290326,8.05E-09
2017/1/29,0.062290337,0.062290334,3.13E-09
2017/1/30,0.06229034,0.062290337,3.35E-09
2017/1/31,0.062290343,0.062290339,4.34E-09
2017/2/1,0.062290348,0.062290342,5.52E-09
2017/2/2,0.062290354,0.062290347,7.44E-09
2017/2/3,0.062290357,0.062290352,4.95E-09
2017/2/4,0.062290359,0.062290355,3.93E-09
2017/2/5,0.062290361,0.062290357,4.32E-09
2017/2/6,0.062290365,0.062290359,6.59E-09
2017/2/7,0.06229037,0.062290363,7.59E-09
2017/2/8,0.062290372,0.062290367,5.05E-09
2017/2/9,0.062290374,0.062290369,4.72E-09
2017/2/10,0.062290378,0.06229037,8.09E-09
2017/2/11,0.062290384,0.062290375,9.22E-09
2017/2/12,0.062290388,0.06229038,8.22E-09
2017/2/13,0.062290391,0.062290384,6.78E-09
2017/2/14,0.062290393,0.062290386,7.72E-09
2017/2/15,0.062290399,0.062290388,1.05E-08
2017/2/16,0.062290403,0.062290394,9.17E-09
2017/2/17,0.062290405,0.062290397,8.01E-09
2017/2/18,0.062290409,0.0622904,9.63E-09
2017/2/19,0.062290412,0.062290403,9.18E-09
2017/2/20,0.062290416,0.062290406,1.02E-08
2017/2/21,0.06229042,0.062290409,1.11E-08
2017/2/22,0.062290423,0.062290414,9.26E-09
2017/2/23,0.062290427,0.062290416,1.12E-08
2017/2/24,0.062290333,0.062290419,-8.60E-08
2017/2/25,0.062290335,0.062290329,5.82E-09
2017/2/26,0.062290338,0.062290332,5.99E-09
2017/2/27,0.062290345,0.062290341,4.10E-09
2017/2/28,0.06229035,0.062290346,3.91E-09
2017/3/1,0.062290356,0.062290349,7.38E-09
2017/3/2,0.062290364,0.062290354,9.60E-09
2017/3/3,0.062290366,0.062290361,4.78E-09
2017/3/4,0.06229037,0.062290363,6.35E-09
2017/3/5,0.062290374,0.062290367,7.78E-09
2017/3/6,0.06229038,0.062290371,9.06E-09
2017/3/7,0.062290383,0.062290376,6.63E-09
2017/3/8,0.062290384,0.062290379,5.56E-09
2017/3/9,0.062290388,0.06229038,8.32E-09
2017/3/10,0.062290395,0.062290384,1.09E-08
2017/3/11,0.062290399,0.06229039,9.32E-09
2017/3/12,0.062290401,0.062290394,7.19E-09
2017/3/13,0.062290406,0.062290396,1.08E-08
2017/3/14,0.062290411,0.0622904,1.04E-08
2017/3/15,0.062290136,0.062290405,-2.69E-07
2017/3/16,0.062290139,0.062290139,-1.25E-10
2017/3/17,0.062290141,0.062290147,-6.37E-09
2017/3/18,0.062290149,0.062290166,-1.71E-08
2017/3/19,0.062290152,0.06229017,-1.73E-08
2017/3/20,0.062290155,0.062290165,-1.06E-08
2017/3/21,0.062290157,0.062290168,-1.15E-08
2017/3/22,0.062290162,0.062290171,-8.87E-09
2017/3/23,0.062290167,0.062290175,-8.68E-09
2017/3/24,0.06229017,0.06229018,-9.27E-09
2017/3/25,0.062290174,0.062290183,-9.25E-09
2017/3/26,0.062290177,0.062290186,-8.45E-09
2017/3/27,0.062290185,0.062290189,-3.72E-09
2017/3/28,0.062290191,0.062290197,-5.53E-09
2017/3/29,0.062290195,0.062290203,-7.05E-09
2017/3/30,0.062290199,0.062290206,-6.95E-09
2017/3/31,0.062290205,0.062290209,-3.99E-09
2017/4/1,0.062290211,0.062290215,-4.01E-09
2017/4/2,0.062290215,0.06229022,-5.23E-09
2017/4/3,0.062290218,0.062290224,-6.15E-09
2017/4/4,0.062290223,0.062290227,-3.15E-09
2017/4/5,0.062290229,0.062290232,-2.94E-09
2017/4/6,0.062290232,0.062290237,-4.39E-09
2017/4/7,0.062290236,0.06229024,-4.41E-09
2017/4/8,0.062290239,0.062290243,-3.61E-09
2017/4/9,0.062290245,0.062290246,-1.21E-09
2017/4/10,0.062290251,0.062290252,-1.25E-09
2017/4/11,0.062290255,0.062290257,-1.96E-09
2017/4/12,0.062290259,0.062290261,-1.53E-09
2017/4/13,0.062290264,0.062290265,-1.06E-09
2017/4/14,0.06229027,0.062290269,1.12E-09
2017/4/15,0.062290275,0.062290275,7.50E-11
2017/4/16,0.062290278,0.062290279,-1.19E-09
2017/4/17,0.062290283,0.062290282,1.16E-09
2017/4/18,0.062290288,0.062290287,7.60E-10
2017/4/19,0.062290293,0.062290291,1.77E-09
2017/4/20,0.062290299,0.062290296,2.76E-09
2017/4/21,0.062290302,0.062290301,5.28E-10
2017/4/22,0.062290309,0.062290304,5.09E-09
2017/4/23,0.062290318,0.062290311,6.95E-09
2017/4/24,0.062290324,0.062290319,5.32E-09
2017/4/25,0.062290329,0.062290325,4.02E-09
2017/4/26,0.062290333,0.062290329,4.12E-09
2017/4/27,0.062290136,0.062290333,-1.97E-07
2017/4/28,0.062290144,0.062290142,2.15E-09
2017/4/29,0.062290149,0.062290154,-4.94E-09
2017/4/30,0.062290153,0.062290171,-1.82E-08
2017/5/1,0.062290157,0.062290171,-1.43E-08
2017/5/2,0.062290161,0.06229017,-8.49E-09
2017/5/3,0.062290167,0.062290174,-7.27E-09
2017/5/4,0.062290171,0.06229018,-9.62E-09
2017/5/5,0.062290172,0.062290183,-1.17E-08
2017/5/6,0.062290175,0.062290184,-8.86E-09
2017/5/7,0.062290181,0.062290187,-6.35E-09
2017/5/8,0.062290184,0.062290192,-8.08E-09
2017/5/9,0.062290187,0.062290196,-9.15E-09
2017/5/10,0.062290189,0.062290198,-8.64E-09
2017/5/11,0.062290194,0.0622902,-5.92E-09
2017/5/12,0.062290201,0.062290205,-4.15E-09
2017/5/13,0.062290205,0.062290211,-6.52E-09
2017/5/14,0.062290209,0.062290214,-5.54E-09
2017/5/15,0.062290212,0.062290218,-6.25E-09
2017/5/16,0.062290216,0.062290221,-4.69E-09
2017/5/17,0.062290223,0.062290225,-2.77E-09
2017/5/18,0.062290225,0.062290231,-6.14E-09
2017/5/19,0.062290227,0.062290233,-6.57E-09
2017/5/20,0.062290235,0.062290235,1.09E-10
2017/5/21,0.062290239,0.062290242,-3.38E-09
2017/5/22,0.062290242,0.062290246,-4.58E-09
2017/5/23,0.062290245,0.062290248,-2.97E-09
2017/5/24,0.062290261,0.062290252,8.64E-09
2017/5/25,0.062290297,0.062290267,3.05E-08
2017/5/26,0.062290298,0.062290301,-3.24E-09
2017/5/27,0.062290297,0.062290301,-4.44E-09
2017/5/28,0.062290304,0.062290297,6.97E-09
2017/5/29,0.062290309,0.062290306,2.87E-09
2017/5/30,0.062290315,0.062290311,4.33E-09
2017/5/31,0.062290319,0.062290317,2.59E-09
2017/6/1,0.062290323,0.06229032,3.37E-09
2017/6/2,0.062290325,0.062290324,1.69E-09
2017/6/3,0.062290332,0.062290326,5.95E-09
2017/6/4,0.062290336,0.062290332,4.01E-09
2017/6/5,0.062290338,0.062290335,2.15E-09
2017/6/6,0.062290341,0.062290337,4.16E-09
2017/6/7,0.062290347,0.06229034,6.64E-09
2017/6/8,0.06229035,0.062290346,4.67E-09
2017/6/9,0.062290354,0.062290349,5.53E-09
2017/6/10,0.062290358,0.062290353,5.06E-09
2017/6/11,0.062290362,0.062290355,6.54E-09
2017/6/12,0.062290367,0.06229036,7.59E-09
2017/6/13,0.062290373,0.062290364,8.46E-09
2017/6/14,0.062290376,0.06229037,6.16E-09
2017/6/15,0.062290371,0.062290372,-8.19E-10
2017/6/16,0.062290382,0.062290368,1.47E-08
2017/6/17,0.062290387,0.062290379,7.97E-09
2017/6/18,0.062290391,0.062290383,7.82E-09
2017/6/19,0.062290391,0.062290386,5.20E-09
2017/6/20,0.062290395,0.062290386,9.01E-09
2017/6/21,0.0622904,0.06229039,9.90E-09
2017/6/22,0.062290405,0.062290395,1.02E-08
2017/6/23,0.062290407,0.062290399,7.30E-09
2017/6/24,0.06229041,0.0622904,9.22E-09
2017/6/25,0.062290413,0.062290403,9.92E-09
2017/6/26,0.062290419,0.062290407,1.25E-08
2017/6/27,0.062290423,0.062290413,1.05E-08
2017/6/28,0.062290426,0.062290416,1.04E-08
2017/6/29,0.06229043,0.062290419,1.12E-08
2017/6/30,0.062290435,0.062290422,1.25E-08
2017/7/1,0.062290438,0.062290427,1.16E-08
2017/7/2,0.062290441,0.06229043,1.07E-08
2017/7/3,0.062290442,0.062290432,1.00E-08
2017/7/4,0.062290444,0.062290433,1.11E-08
2017/7/5,0.062290449,0.062290435,1.32E-08
2017/7/6,0.062290453,0.06229044,1.29E-08
2017/7/7,0.062290454,0.062290443,1.08E-08
2017/7/8,0.062290458,0.062290444,1.34E-08
2017/7/9,0.062290464,0.062290448,1.65E-08
2017/7/10,0.062290468,0.062290454,1.39E-08
2017/7/11,0.06229047,0.062290457,1.28E-08
2017/7/12,0.062290473,0.062290459,1.35E-08
2017/7/13,0.062290338,0.062290461,-1.23E-07
2017/7/14,0.062290339,0.062290331,7.77E-09
2017/7/15,0.062290346,0.062290335,1.04E-08
2017/7/16,0.062290348,0.06229035,-1.28E-09
2017/7/17,0.062290351,0.06229035,1.68E-10
2017/7/18,0.062290356,0.062290348,7.86E-09
2017/7/19,0.06229036,0.062290354,5.23E-09
2017/7/20,0.062290361,0.062290358,3.01E-09
2017/7/21,0.062290362,0.062290358,3.63E-09
2017/7/22,0.062290367,0.062290359,8.13E-09
2017/7/23,0.062290373,0.062290365,8.36E-09
2017/7/24,0.062290376,0.06229037,5.59E-09
2017/7/25,0.062290378,0.062290372,5.36E-09
2017/7/26,0.062290381,0.062290374,7.44E-09
2017/7/27,0.062290388,0.062290377,1.06E-08
2017/7/28,0.062290391,0.062290384,7.49E-09
2017/7/29,0.062290393,0.062290386,6.93E-09
2017/7/30,0.062290395,0.062290388,7.05E-09
2017/7/31,0.062290399,0.06229039,8.38E-09
2017/8/1,0.062290402,0.062290393,9.17E-09
2017/8/2,0.062290403,0.062290397,6.19E-09
2017/8/3,0.062290405,0.062290397,7.64E-09
2017/8/4,0.062290409,0.062290399,9.76E-09
2017/8/5,0.062290414,0.062290403,1.09E-08
2017/8/6,0.062290416,0.062290407,8.57E-09
2017/8/7,0.062290419,0.062290409,9.86E-09
2017/8/8,0.062290422,0.062290412,9.70E-09
2017/8/9,0.062290425,0.062290415,1.06E-08
2017/8/10,0.062290431,0.062290418,1.32E-08
2017/8/11,0.062290435,0.062290424,1.17E-08
2017/8/12,0.062290436,0.062290427,9.21E-09
2017/8/13,0.062290439,0.062290428,1.11E-08
2017/8/14,0.062290443,0.062290431,1.29E-08
2017/8/15,0.062290446,0.062290435,1.15E-08
2017/8/16,0.062290449,0.062290437,1.13E-08
2017/8/17,0.062290451,0.062290439,1.11E-08
2017/8/18,0.062290453,0.062290441,1.15E-08
2017/8/19,0.062290459,0.062290443,1.60E-08
2017/8/20,0.062290462,0.062290449,1.24E-08
2017/8/21,0.062290464,0.062290452,1.25E-08
2017/8/22,0.062290469,0.062290454,1.54E-08
2017/8/23,0.062290474,0.062290458,1.57E-08
2017/8/24,0.062290479,0.062290463,1.63E-08
2017/8/25,0.062290484,0.062290468,1.62E-08
2017/8/26,0.062290487,0.062290472,1.47E-08
2017/8/27,0.062290491,0.062290474,1.65E-08
2017/8/28,0.062290495,0.062290478,1.67E-08
2017/8/29,0.0622905,0.062290482,1.75E-08
2017/8/30,0.062290502,0.062290487,1.51E-08
2017/8/31,0.062290505,0.062290489,1.63E-08
2017/9/1,0.06229051,0.062290491,1.86E-08
2017/9/2,0.062290514,0.062290496,1.78E-08
2017/9/3,0.062290517,0.0622905,1.73E-08
2017/9/4,0.06229052,0.062290502,1.78E-08
2017/9/5,0.062290526,0.062290505,2.09E-08
2017/9/6,0.062290534,0.062290511,2.26E-08
2017/9/7,0.062290185,0.062290518,-3.33E-07
2017/9/8,0.062290182,0.06229018,2.24E-09
2017/9/9,0.062290187,0.062290185,1.76E-09
2017/9/10,0.062290203,0.062290211,-8.19E-09
2017/9/11,0.062290207,0.062290222,-1.58E-08
2017/9/12,0.062290212,0.062290215,-3.35E-09
2017/9/13,0.062290215,0.062290221,-5.55E-09
2017/9/14,0.062290219,0.062290225,-5.28E-09
2017/9/15,0.062290224,0.062290228,-4.59E-09
2017/9/16,0.062290228,0.062290232,-4.01E-09
2017/9/17,0.06229023,0.062290236,-5.53E-09
2017/9/18,0.062290233,0.062290238,-4.80E-09
2017/9/19,0.062290238,0.062290241,-3.00E-09
2017/9/20,0.062290244,0.062290245,-9.87E-10
2017/9/21,0.062290248,0.062290251,-3.09E-09
2017/9/22,0.062290251,0.062290255,-3.76E-09
2017/9/23,0.062290256,0.062290257,-6.08E-10
2017/9/24,0.062290263,0.062290262,6.22E-10
2017/9/25,0.062290268,0.062290268,-9.93E-11
2017/9/26,0.062290271,0.062290273,-2.12E-09
2017/9/27,0.062290276,0.062290275,8.89E-10
2017/9/28,0.062290174,0.06229028,-1.07E-07
2017/9/29,0.062290176,0.062290181,-4.81E-09
2017/9/30,0.06229018,0.062290186,-5.86E-09
2017/10/1,0.062290188,0.062290196,-7.64E-09
2017/10/2,0.062290194,0.062290202,-8.29E-09
2017/10/3,0.062290199,0.062290204,-4.62E-09
2017/10/4,0.062290207,0.06229021,-2.26E-09
2017/10/5,0.062290213,0.062290217,-4.73E-09
2017/10/6,0.062290217,0.062290222,-4.85E-09
2017/10/7,0.062290222,0.062290226,-3.55E-09
2017/10/8,0.062290229,0.062290231,-1.64E-09
2017/10/9,0.062290233,0.062290237,-3.95E-09
2017/10/10,0.062290236,0.062290241,-4.40E-09
2017/10/11,0.062290243,0.062290243,-1.33E-10
2017/10/12,0.06229025,0.06229025,-3.31E-10
2017/10/13,0.062290252,0.062290256,-3.89E-09
2017/10/14,0.062290255,0.062290258,-3.16E-09
2017/10/15,0.062290259,0.062290261,-1.81E-09
2017/10/16,0.062290264,0.062290265,-8.51E-10
2017/10/17,0.06229027,0.062290269,7.80E-10
2017/10/18,0.062290274,0.062290275,-1.05E-09
2017/10/19,0.062290277,0.062290278,-7.19E-10
2017/10/20,0.062290282,0.062290281,4.96E-10
2017/10/21,0.062290291,0.062290286,5.08E-09
2017/10/22,0.062290296,0.062290294,2.05E-09
2017/10/23,0.062290301,0.062290299,1.73E-09
2017/10/24,0.062290307,0.062290303,3.79E-09
2017/10/25,0.062290315,0.062290309,6.87E-09
2017/10/26,0.062290321,0.062290317,4.15E-09
2017/10/27,0.062290325,0.062290322,3.14E-09
2017/10/28,0.062290328,0.062290325,3.18E-09
2017/10/29,0.062290333,0.062290328,4.97E-09
2017/10/30,0.062290339,0.062290333,5.81E-09
2017/10/31,0.062290345,0.062290338,6.40E-09
2017/11/1,0.062290348,0.062290344,3.69E-09
2017/11/2,0.062290352,0.062290346,5.82E-09
2017/11/3,0.062290359,0.06229035,8.78E-09
2017/11/4,0.062290366,0.062290357,9.42E-09
2017/11/5,0.062290372,0.062290364,8.24E-09
2017/11/6,0.062290376,0.062290369,6.79E-09
2017/11/7,0.062290381,0.062290372,8.87E-09
2017/11/8,0.062290392,0.062290377,1.51E-08
2017/11/9,0.062290398,0.062290388,1.05E-08
2017/11/10,0.0622904,0.062290393,7.13E-09
2017/11/11,0.062290404,0.062290394,1.00E-08
2017/11/12,0.062290412,0.062290398,1.35E-08
2017/11/13,0.062290415,0.062290406,9.49E-09
2017/11/14,0.062290419,0.062290409,9.87E-09
2017/11/15,0.062290422,0.062290412,1.05E-08
2017/11/16,0.06229043,0.062290415,1.46E-08
2017/11/17,0.062290436,0.062290422,1.35E-08
2017/11/18,0.062290442,0.062290428,1.40E-08
2017/11/19,0.062290446,0.062290433,1.34E-08
2017/11/20,0.062290451,0.062290437,1.41E-08
2017/11/21,0.06229046,0.062290442,1.77E-08
2017/11/22,0.062290468,0.06229045,1.83E-08
2017/11/23,0.062290473,0.062290458,1.57E-08
2017/11/24,0.062290478,0.062290462,1.53E-08
2017/11/25,0.062290482,0.062290466,1.64E-08
2017/11/26,0.062290489,0.06229047,1.87E-08
2017/11/27,0.062290495,0.062290477,1.80E-08
2017/11/28,0.062290497,0.062290482,1.50E-08
2017/11/29,0.062290502,0.062290484,1.76E-08
2017/11/30,0.062290379,0.062290488,-1.09E-07
2017/12/1,0.062290381,0.062290369,1.16E-08
2017/12/2,0.062290384,0.062290374,1.00E-08
2017/12/3,0.062290392,0.062290385,7.79E-09
2017/12/4,0.062290397,0.062290391,6.41E-09
2017/12/5,0.062290405,0.062290392,1.29E-08
2017/12/6,0.06229041,0.062290399,1.14E-08
2017/12/7,0.062290414,0.062290405,9.92E-09
2017/12/8,0.06229042,0.062290408,1.21E-08
2017/12/9,0.062290424,0.062290413,1.08E-08
2017/12/10,0.062290429,0.062290417,1.23E-08
2017/12/11,0.062290433,0.062290421,1.15E-08
2017/12/12,0.062290437,0.062290425,1.24E-08
2017/12/13,0.06229044,0.062290429,1.15E-08
2017/12/14,0.062290138,0.062290432,-2.93E-07
2017/12/15,0.062290138,0.062290139,-1.18E-09
2017/12/16,0.062290141,0.062290146,-4.95E-09
2017/12/17,0.06229015,0.062290167,-1.69E-08
2017/12/18,0.062290158,0.062290172,-1.45E-08
2017/12/19,0.062290164,0.06229017,-6.02E-09
2017/12/20,0.062290169,0.062290177,-8.73E-09
2017/12/21,0.062290172,0.062290182,-9.27E-09
2017/12/22,0.062290177,0.062290185,-7.92E-09
2017/12/23,0.062290183,0.062290189,-5.51E-09
2017/12/24,0.062290188,0.062290195,-7.20E-09
2017/12/25,0.062290191,0.062290199,-8.07E-09
2017/12/26,0.062290195,0.062290202,-7.03E-09
2017/12/27,0.062290199,0.062290205,-5.65E-09
2017/12/28,0.062290205,0.06229021,-4.90E-09
2017/12/29,0.062290206,0.062290215,-8.20E-09
2017/12/30,0.062290209,0.062290216,-6.69E-09
2017/12/31,0.062290214,0.062290219,-4.34E-09
2018/1/1,0.06229022,0.062290223,-3.13E-09
2018/1/2,0.062290226,0.062290229,-3.54E-09
2018/1/3,0.062290228,0.062290234,-5.57E-09
2018/1/4,0.062290231,0.062290236,-5.03E-09
2018/1/5,0.062290237,0.062290239,-1.65E-09
2018/1/6,0.062290242,0.062290244,-2.65E-09
2018/1/7,0.062290245,0.062290249,-4.17E-09
2018/1/8,0.062290247,0.062290251,-4.67E-09
2018/1/9,0.06229025,0.062290253,-2.97E-09
2018/1/10,0.062290255,0.062290256,-1.46E-09
2018/1/11,0.062290257,0.062290261,-3.93E-09
2018/1/12,0.062290259,0.062290263,-3.83E-09
2018/1/13,0.062290261,0.062290264,-3.36E-09
2018/1/14,0.062290266,0.062290266,-5.13E-10
2018/1/15,0.062290272,0.062290271,1.10E-09
2018/1/16,0.062290274,0.062290277,-2.99E-09
2018/1/17,0.062290276,0.062290278,-2.08E-09
2018/1/18,0.062290281,0.06229028,5.67E-10
2018/1/19,0.062290286,0.062290285,1.01E-09
2018/1/20,0.062290291,0.062290289,1.67E-09
2018/1/21,0.062290293,0.062290294,-1.38E-09
2018/1/22,0.062290296,0.062290296,5.15E-11
2018/1/23,0.0622903,0.062290298,1.83E-09
2018/1/24,0.062290304,0.062290303,1.82E-09
2018/1/25,0.062290306,0.062290307,-8.65E-11
2018/1/26,0.062290307,0.062290308,-1.27E-09
2018/1/27,0.062290311,0.062290309,2.35E-09
2018/1/28,0.062290316,0.062290312,3.09E-09
2018/1/29,0.062290319,0.062290317,1.97E-09
2018/1/30,0.062290321,0.06229032,1.11E-09
2018/1/31,0.062290323,0.062290322,1.82E-09
2018/2/1,0.062290328,0.062290324,4.20E-09
2018/2/2,0.062290334,0.062290328,5.16E-09
2018/2/3,0.062290336,0.062290334,2.56E-09
2018/2/4,0.062290338,0.062290336,2.52E-09
2018/2/5,0.062290342,0.062290337,4.61E-09
2018/2/6,0.062290347,0.062290341,5.57E-09
2018/2/7,0.062290349,0.062290346,3.56E-09
2018/2/8,0.06229035,0.062290348,2.57E-09
2018/2/9,0.062290352,0.062290349,3.44E-09
2018/2/10,0.062290356,0.06229035,5.79E-09
2018/2/11,0.062290359,0.062290354,4.87E-09
2018/2/12,0.062290362,0.062290357,4.60E-09
2018/2/13,0.062290363,0.062290359,4.10E-09
2018/2/14,0.062290367,0.062290361,6.05E-09
2018/2/15,0.062290373,0.062290364,9.68E-09
2018/2/16,0.062290378,0.06229037,7.44E-09
2018/2/17,0.06229038,0.062290374,5.82E-09
2018/2/18,0.062290384,0.062290376,8.29E-09
2018/2/19,0.062290388,0.06229038,7.47E-09
2018/2/20,0.062290393,0.062290383,9.34E-09
2018/2/21,0.062290395,0.062290388,7.06E-09
2018/2/22,0.062290396,0.06229039,5.84E-09
2018/2/23,0.062290399,0.06229039,8.79E-09
2018/2/24,0.062290403,0.062290394,9.66E-09
2018/2/25,0.062290406,0.062290398,7.98E-09
2018/2/26,0.062290407,0.0622904,7.22E-09
2018/2/27,0.062290411,0.062290401,9.71E-09
2018/2/28,0.062290415,0.062290405,9.98E-09
2018/3/1,0.062290498,0.062290408,9.02E-08
2018/3/2,0.062290503,0.062290489,1.43E-08
2018/3/3,0.062290508,0.062290492,1.59E-08
2018/3/4,0.06229051,0.062290491,1.88E-08
2018/3/5,0.062290515,0.062290494,2.08E-08
2018/3/6,0.062290519,0.062290501,1.83E-08
2018/3/7,0.062290521,0.062290504,1.61E-08
2018/3/8,0.062290522,0.062290505,1.67E-08
2018/3/9,0.062290526,0.062290507,1.90E-08
2018/3/10,0.06229053,0.062290511,1.90E-08
2018/3/11,0.062290532,0.062290514,1.74E-08
2018/3/12,0.062290533,0.062290516,1.66E-08
2018/3/13,0.062290536,0.062290517,1.94E-08
2018/3/14,0.062290541,0.06229052,2.12E-08
2018/3/15,0.062290143,0.062290525,-3.83E-07
2018/3/16,0.06229014,0.062290139,5.43E-10
2018/3/17,0.062290147,0.062290145,2.72E-09
2018/3/18,0.062290151,0.062290177,-2.58E-08
2018/3/19,0.062290157,0.062290175,-1.78E-08
2018/3/20,0.062290161,0.062290169,-8.49E-09
2018/3/21,0.062290163,0.062290174,-1.11E-08
2018/3/22,0.062290168,0.062290177,-9.17E-09
2018/3/23,0.062290172,0.062290181,-8.43E-09
2018/3/24,0.062290177,0.062290184,-7.70E-09
2018/3/25,0.062290177,0.062290189,-1.16E-08
2018/3/26,0.06229018,0.062290189,-9.18E-09
2018/3/27,0.062290185,0.062290191,-6.72E-09
2018/3/28,0.062290189,0.062290196,-7.17E-09
2018/3/29,0.062290192,0.0622902,-8.15E-09
2018/3/30,0.062290194,0.062290203,-8.58E-09
2018/3/31,0.062290197,0.062290205,-7.56E-09
2018/4/1,0.062290203,0.062290208,-4.49E-09
2018/4/2,0.062290207,0.062290213,-5.73E-09
2018/4/3,0.06229021,0.062290217,-7.10E-09
2018/4/4,0.062290214,0.062290219,-5.36E-09
2018/4/5,0.062290217,0.062290223,-5.55E-09
2018/4/6,0.062290223,0.062290226,-3.24E-09
2018/4/7,0.062290225,0.062290232,-6.15E-09
2018/4/8,0.062290225,0.062290234,-8.40E-09
2018/4/9,0.062290231,0.062290233,-1.89E-09
2018/4/10,0.062290235,0.062290239,-3.95E-09
2018/4/11,0.062290238,0.062290243,-4.43E-09
2018/4/12,0.06229024,0.062290245,-5.15E-09
2018/4/13,0.062290244,0.062290247,-3.03E-09
2018/4/14,0.062290249,0.062290251,-1.82E-09
2018/4/15,0.062290255,0.062290256,-8.67E-10
2018/4/16,0.062290258,0.062290261,-2.68E-09
2018/4/17,0.062290261,0.062290264,-2.68E-09
2018/4/18,0.062290266,0.062290266,1.08E-10
2018/4/19,0.062290271,0.062290271,-5.88E-10
2018/4/20,0.062290276,0.062290276,2.66E-10
2018/4/21,0.062290279,0.06229028,-1.52E-09
2018/4/22,0.062290283,0.062290283,-1.26E-10
2018/4/23,0.062290288,0.062290286,1.50E-09
2018/4/24,0.062290292,0.062290291,7.87E-10
2018/4/25,0.062290295,0.062290295,6.55E-11
2018/4/26,0.062290298,0.062290298,1.36E-10
2018/4/27,0.062290302,0.0622903,1.42E-09
2018/4/28,0.062290307,0.062290304,2.66E-09
2018/4/29,0.062290311,0.062290309,2.50E-09
2018/4/30,0.062290313,0.062290313,7.38E-10
2018/5/1,0.062290317,0.062290315,2.11E-09
2018/5/2,0.062290322,0.062290318,4.42E-09
2018/5/3,0.062290326,0.062290323,3.05E-09
2018/5/4,0.06229033,0.062290327,3.14E-09
2018/5/5,0.062290332,0.06229033,2.14E-09
2018/5/6,0.062290335,0.062290332,3.54E-09
2018/5/7,0.062290341,0.062290335,6.35E-09
2018/5/8,0.062290345,0.06229034,4.56E-09
2018/5/9,0.062290348,0.062290344,3.67E-09
2018/5/10,0.06229035,0.062290346,4.22E-09
2018/5/11,0.062290355,0.062290349,6.45E-09
2018/5/12,0.062290363,0.062290353,9.24E-09
2018/5/13,0.062290366,0.06229036,5.22E-09
2018/5/14,0.062290369,0.062290363,6.55E-09
2018/5/15,0.062290373,0.062290366,6.91E-09
2018/5/16,0.06229038,0.06229037,1.00E-08
2018/5/17,0.062290387,0.062290376,1.03E-08
2018/5/18,0.062290388,0.062290382,5.96E-09
2018/5/19,0.062290392,0.062290384,8.48E-09
2018/5/20,0.062290398,0.062290387,1.04E-08
2018/5/21,0.062290402,0.062290393,9.31E-09
2018/5/22,0.062290404,0.062290396,7.75E-09
2018/5/23,0.062290407,0.062290398,8.36E-09
2018/5/24,0.06229041,0.062290401,9.66E-09
2018/5/25,0.062290244,0.062290404,-1.60E-07
2018/5/26,0.062290249,0.062290243,6.25E-09
2018/5/27,0.06229025,0.062290251,-1.24E-09
2018/5/28,0.062290253,0.062290263,-1.01E-08
2018/5/29,0.062290257,0.062290263,-5.46E-09
2018/5/30,0.062290262,0.062290262,-2.13E-11
2018/5/31,0.062290266,0.062290268,-1.98E-09
2018/6/1,0.06229027,0.062290271,-1.57E-09
2018/6/2,0.062290275,0.062290275,2.55E-10
2018/6/3,0.06229028,0.062290279,8.95E-10
2018/6/4,0.062290285,0.062290284,1.06E-09
2018/6/5,0.062290287,0.062290289,-2.16E-09
2018/6/6,0.06229029,0.06229029,2.39E-11
2018/6/7,0.062290292,0.062290293,-1.36E-09
2018/6/8,0.062290299,0.062290295,4.79E-09
2018/6/9,0.062290301,0.062290302,-1.08E-09
2018/6/10,0.062290302,0.062290303,-8.43E-10
2018/6/11,0.062290307,0.062290304,2.21E-09
2018/6/12,0.062290311,0.062290308,2.24E-09
2018/6/13,0.062290315,0.062290312,2.54E-09
2018/6/14,0.062290317,0.062290316,5.21E-10
2018/6/15,0.06229032,0.062290318,2.61E-09
2018/6/16,0.062290326,0.062290321,5.30E-09
2018/6/17,0.062290331,0.062290327,4.23E-09
2018/6/18,0.062290333,0.062290331,1.43E-09
2018/6/19,0.062290336,0.062290332,3.47E-09
2018/6/20,0.06229034,0.062290335,4.87E-09
2018/6/21,0.062290344,0.062290339,4.80E-09
2018/6/22,0.062290348,0.062290343,4.79E-09
2018/6/23,0.06229035,0.062290347,3.48E-09
2018/6/24,0.062290352,0.062290349,3.50E-09
2018/6/25,0.062290357,0.06229035,6.71E-09
2018/6/26,0.062290361,0.062290355,6.21E-09
2018/6/27,0.062290366,0.062290359,6.81E-09
2018/6/28,0.062290368,0.062290363,4.72E-09
2018/6/29,0.062290372,0.062290365,7.17E-09
2018/6/30,0.062290377,0.062290369,8.56E-09
2018/7/1,0.062290382,0.062290374,7.84E-09
2018/7/2,0.062290384,0.062290378,6.21E-09
2018/7/3,0.062290386,0.06229038,5.95E-09
2018/7/4,0.062290389,0.062290381,8.15E-09
2018/7/5,0.062290395,0.062290385,1.02E-08
2018/7/6,0.062290395,0.06229039,4.91E-09
2018/7/7,0.062290396,0.06229039,5.92E-09
2018/7/8,0.0622904,0.062290391,9.10E-09
2018/7/9,0.062290404,0.062290394,9.66E-09
2018/7/10,0.062290408,0.062290399,9.13E-09
2018/7/11,0.062290408,0.062290402,6.55E-09
2018/7/12,0.062290412,0.062290402,9.49E-09
2018/7/13,0.062290416,0.062290405,1.07E-08
2018/7/14,0.062290421,0.062290409,1.16E-08
2018/7/15,0.062290424,0.062290414,1.02E-08
2018/7/16,0.062290426,0.062290417,9.06E-09
2018/7/17,0.062290431,0.062290419,1.20E-08
2018/7/18,0.062290435,0.062290423,1.26E-08
2018/7/19,0.062290439,0.062290427,1.13E-08
2018/7/20,0.062290441,0.06229043,1.11E-08
2018/7/21,0.062290443,0.062290433,1.06E-08
2018/7/22,0.062290446,0.062290434,1.19E-08
2018/7/23,0.06229045,0.062290437,1.28E-08
2018/7/24,0.062290452,0.062290441,1.15E-08
2018/7/25,0.062290454,0.062290443,1.08E-08
2018/7/26,0.062290458,0.062290444,1.40E-08
2018/7/27,0.062290462,0.062290448,1.34E-08
2018/7/28,0.062290463,0.062290451,1.17E-08
2018/7/29,0.062290466,0.062290453,1.29E-08
2018/7/30,0.062290468,0.062290455,1.32E-08
2018/7/31,0.062290473,0.062290458,1.50E-08
2018/8/1,0.062290478,0.062290462,1.62E-08
2018/8/2,0.062290395,0.062290466,-7.12E-08
2018/8/3,0.062290394,0.062290386,8.07E-09
2018/8/4,0.062290396,0.062290387,8.55E-09
2018/8/5,0.062290404,0.062290394,1.08E-08
2018/8/6,0.062290407,0.062290401,5.36E-09
2018/8/7,0.062290407,0.062290401,6.48E-09
2018/8/8,0.062290409,0.062290401,8.64E-09
2018/8/9,0.062290412,0.062290403,9.04E-09
2018/8/10,0.062290417,0.062290406,1.06E-08
2018/8/11,0.06229042,0.06229041,9.60E-09
2018/8/12,0.062290421,0.062290413,8.30E-09
2018/8/13,0.062290427,0.062290414,1.26E-08
2018/8/14,0.06229043,0.062290419,1.10E-08
2018/8/15,0.062290432,0.062290423,9.73E-09
2018/8/16,0.062290435,0.062290424,1.05E-08
2018/8/17,0.062290437,0.062290427,1.08E-08
2018/8/18,0.062290441,0.062290429,1.18E-08
2018/8/19,0.062290445,0.062290432,1.22E-08
2018/8/20,0.062290446,0.062290436,1.06E-08
2018/8/21,0.062290446,0.062290437,8.83E-09
2018/8/22,0.062290451,0.062290437,1.38E-08
2018/8/23,0.062290453,0.062290441,1.16E-08
2018/8/24,0.062290456,0.062290444,1.29E-08
2018/8/25,0.062290458,0.062290447,1.16E-08
2018/8/26,0.06229046,0.062290448,1.22E-08
2018/8/27,0.062290467,0.06229045,1.66E-08
2018/8/28,0.062290472,0.062290457,1.53E-08
2018/8/29,0.062290476,0.062290461,1.53E-08
2018/8/30,0.062290153,0.062290465,-3.12E-07
2018/8/31,0.062290153,0.062290152,1.41E-09
2018/9/1,0.062290155,0.062290159,-4.05E-09
2018/9/2,0.062290163,0.062290181,-1.82E-08
2018/9/3,0.062290164,0.062290184,-2.03E-08
2018/9/4,0.062290166,0.062290175,-9.66E-09
2018/9/5,0.06229017,0.062290179,-8.75E-09
2018/9/6,0.062290173,0.062290183,-1.03E-08
2018/9/7,0.062290174,0.062290185,-1.11E-08
2018/9/8,0.062290176,0.062290186,-1.03E-08
2018/9/9,0.062290179,0.062290188,-8.83E-09
2018/9/10,0.062290184,0.062290191,-7.07E-09
2018/9/11,0.062290187,0.062290195,-8.22E-09
2018/9/12,0.06229019,0.062290198,-8.19E-09
2018/9/13,0.062290194,0.062290201,-7.57E-09
2018/9/14,0.062290199,0.062290204,-5.66E-09
2018/9/15,0.062290202,0.062290209,-6.76E-09
2018/9/16,0.062290205,0.062290212,-7.34E-09
2018/9/17,0.062290206,0.062290215,-8.64E-09
2018/9/18,0.062290209,0.062290216,-6.72E-09
2018/9/19,0.062290212,0.062290218,-6.62E-09
2018/9/20,0.062290215,0.062290221,-5.86E-09
2018/9/21,0.062290215,0.062290224,-8.96E-09
2018/9/22,0.062290219,0.062290224,-5.36E-09
2018/9/23,0.062290224,0.062290227,-3.61E-09
2018/9/24,0.062290228,0.062290232,-4.03E-09
2018/9/25,0.062290231,0.062290236,-5.70E-09
2018/9/26,0.062290232,0.062290238,-5.97E-09
2018/9/27,0.062290237,0.06229024,-3.16E-09
2018/9/28,0.062290243,0.062290244,-1.45E-09
2018/9/29,0.062290246,0.06229025,-3.57E-09
2018/9/30,0.062290248,0.062290253,-5.08E-09
2018/10/1,0.062290251,0.062290254,-3.09E-09
2018/10/2,0.062290255,0.062290257,-1.85E-09
2018/10/3,0.062290259,0.062290261,-2.48E-09
2018/10/4,0.06229026,0.062290264,-4.08E-09
2018/10/5,0.062290262,0.062290266,-3.82E-09
2018/10/6,0.062290266,0.062290267,-1.35E-09
2018/10/7,0.062290271,0.062290271,7.34E-10
2018/10/8,0.062290275,0.062290276,-1.42E-09
2018/10/9,0.062290277,0.062290279,-2.52E-09
2018/10/10,0.06229028,0.062290281,-3.28E-10
2018/10/11,0.062290285,0.062290284,8.80E-10
2018/10/12,0.062290291,0.062290289,1.65E-09
2018/10/13,0.062290295,0.062290294,1.31E-09
2018/10/14,0.062290299,0.062290298,8.63E-10
2018/10/15,0.062290302,0.062290301,9.61E-10
2018/10/16,0.062290307,0.062290304,3.09E-09
2018/10/17,0.062290311,0.062290309,2.24E-09
2018/10/18,0.062290313,0.062290313,-4.54E-10
2018/10/19,0.062290315,0.062290314,6.92E-10
2018/10/20,0.062290318,0.062290316,2.89E-09
2018/10/21,0.062290323,0.06229032,3.81E-09
2018/10/22,0.062290326,0.062290324,1.88E-09
2018/10/23,0.062290329,0.062290326,2.25E-09
2018/10/24,0.062290335,0.062290329,6.47E-09
2018/10/25,0.062290342,0.062290335,7.22E-09
2018/10/26,0.062290345,0.062290341,3.17E-09
2018/10/27,0.062290347,0.062290344,3.32E-09
2018/10/28,0.06229035,0.062290345,4.77E-09
2018/10/29,0.062290355,0.062290348,6.72E-09
2018/10/30,0.06229036,0.062290353,6.94E-09
2018/10/31,0.062290363,0.062290358,4.41E-09
2018/11/1,0.062290364,0.06229036,3.86E-09
2018/11/2,0.062290368,0.062290361,6.90E-09
2018/11/3,0.062290372,0.062290365,7.17E-09
2018/11/4,0.062290375,0.062290369,6.23E-09
2018/11/5,0.062290379,0.062290372,6.88E-09
2018/11/6,0.062290382,0.062290375,6.76E-09
2018/11/7,0.062290388,0.062290378,9.89E-09
2018/11/8,0.062290394,0.062290383,1.03E-08
2018/11/9,0.062290398,0.062290389,8.92E-09
2018/11/10,0.062290401,0.062290393,8.35E-09
2018/11/11,0.062290406,0.062290395,1.09E-08
2018/11/12,0.062290413,0.0622904,1.23E-08
2018/11/13,0.062290417,0.062290406,1.08E-08
2018/11/14,0.062290419,0.062290411,8.75E-09
2018/11/15,0.062290423,0.062290412,1.04E-08
2018/11/16,0.062290426,0.062290415,1.10E-08
2018/11/17,0.062290431,0.062290419,1.19E-08
2018/11/18,0.062290433,0.062290423,9.84E-09
2018/11/19,0.062290435,0.062290425,9.99E-09
2018/11/20,0.062290439,0.062290427,1.25E-08
2018/11/21,0.062290445,0.062290431,1.41E-08
2018/11/22,0.06229045,0.062290436,1.40E-08
2018/11/23,0.062290453,0.062290441,1.23E-08
2018/11/24,0.062290456,0.062290444,1.25E-08
2018/11/25,0.062290463,0.062290446,1.65E-08
2018/11/26,0.062290469,0.062290453,1.61E-08
2018/11/27,0.062290472,0.062290458,1.39E-08
2018/11/28,0.062290474,0.062290461,1.25E-08
2018/11/29,0.062290461,0.062290462,-1.27E-09
2018/11/30,0.062290417,0.06229045,-3.29E-08
2018/12/1,0.062290419,0.062290408,1.08E-08
2018/12/2,0.062290439,0.062290411,2.82E-08
2018/12/3,0.062290441,0.062290434,7.59E-09
2018/12/4,0.062290446,0.062290434,1.17E-08
2018/12/5,0.062290451,0.062290436,1.45E-08
2018/12/6,0.062290454,0.062290441,1.26E-08
2018/12/7,0.062290458,0.062290444,1.38E-08
2018/12/8,0.062290462,0.062290448,1.34E-08
2018/12/9,0.062290468,0.062290451,1.63E-08
2018/12/10,0.062290473,0.062290457,1.62E-08
2018/12/11,0.062290476,0.062290462,1.38E-08
2018/12/12,0.06229048,0.062290465,1.48E-08
2018/12/13,0.062290484,0.062290468,1.63E-08
2018/12/14,0.062290489,0.062290472,1.64E-08
2018/12/15,0.062290491,0.062290476,1.45E-08
2018/12/16,0.062290493,0.062290478,1.44E-08
2018/12/17,0.062290495,0.06229048,1.50E-08
2018/12/18,0.0622905,0.062290482,1.78E-08
2018/12/19,0.062290504,0.062290487,1.70E-08
2018/12/20,0.062290176,0.062290491,-3.14E-07
2018/12/21,0.062290178,0.062290173,4.37E-09
2018/12/22,0.062290187,0.062290182,5.06E-09
2018/12/23,0.062290191,0.062290211,-2.01E-08
2018/12/24,0.062290194,0.06229021,-1.57E-08
2018/12/25,0.062290197,0.062290203,-6.64E-09
2018/12/26,0.062290201,0.062290207,-6.32E-09
2018/12/27,0.062290206,0.062290212,-5.38E-09
2018/12/28,0.062290209,0.062290216,-6.85E-09
2018/12/29,0.062290211,0.062290219,-7.52E-09
2018/12/30,0.062290214,0.06229022,-6.43E-09
2018/12/31,0.062290218,0.062290223,-5.06E-09
2019/1/1,0.062290221,0.062290227,-5.74E-09
2019/1/2,0.062290223,0.06229023,-6.22E-09
2019/1/3,0.062290225,0.062290232,-6.46E-09
2019/1/4,0.062290228,0.062290233,-5.03E-09
2019/1/5,0.062290232,0.062290236,-4.13E-09
2019/1/6,0.062290237,0.06229024,-2.58E-09
2019/1/7,0.06229024,0.062290245,-5.18E-09
2019/1/8,0.062290243,0.062290247,-4.06E-09
2019/1/9,0.062290247,0.062290249,-2.20E-09
2019/1/10,0.062290252,0.062290254,-1.23E-09
2019/1/11,0.062290255,0.062290259,-3.97E-09
2019/1/12,0.062290256,0.062290261,-4.89E-09
2019/1/13,0.062290258,0.062290261,-3.27E-09
2019/1/14,0.062290262,0.062290264,-1.47E-09
2019/1/15,0.062290264,0.062290268,-3.25E-09
2019/1/16,0.062290265,0.06229027,-4.59E-09
2019/1/17,0.062290267,0.06229027,-2.88E-09
2019/1/18,0.062290271,0.062290272,-8.89E-10
2019/1/19,0.062290275,0.062290276,-3.36E-10
2019/1/20,0.062290277,0.06229028,-2.48E-09
2019/1/21,0.062290281,0.062290282,-6.87E-10
2019/1/22,0.062290284,0.062290285,-8.91E-10
2019/1/23,0.062290289,0.062290287,1.30E-09
2019/1/24,0.062290292,0.062290292,1.89E-10
2019/1/25,0.062290295,0.062290295,-8.06E-10
2019/1/26,0.062290296,0.062290297,-1.06E-09
2019/1/27,0.0622903,0.062290299,1.39E-09
2019/1/28,0.062290304,0.062290303,1.29E-09
2019/1/29,0.062290305,0.062290306,-1.15E-09
2019/1/30,0.062290305,0.062290307,-1.60E-09
2019/1/31,0.062290308,0.062290307,1.12E-09
2019/2/1,0.062290312,0.06229031,2.48E-09
2019/2/2,0.062290316,0.062290314,1.92E-09
2019/2/3,0.062290317,0.062290317,2.13E-10
2019/2/4,0.06229032,0.062290318,1.66E-09
2019/2/5,0.062290324,0.062290321,3.76E-09
2019/2/6,0.06229033,0.062290325,4.81E-09
2019/2/7,0.062290332,0.06229033,1.70E-09
2019/2/8,0.062290334,0.062290332,2.49E-09
2019/2/9,0.062290338,0.062290334,4.25E-09
2019/2/10,0.062290342,0.062290337,4.94E-09
2019/2/11,0.062290345,0.062290342,3.51E-09
2019/2/12,0.062290345,0.062290344,1.32E-09
2019/2/13,0.062290347,0.062290344,3.53E-09
2019/2/14,0.062290352,0.062290346,5.77E-09
2019/2/15,0.062290355,0.06229035,4.49E-09
2019/2/16,0.062290356,0.062290353,2.70E-09
2019/2/17,0.062290359,0.062290354,5.42E-09
2019/2/18,0.062290363,0.062290357,5.72E-09
2019/2/19,0.062290366,0.06229036,5.89E-09
2019/2/20,0.06229037,0.062290363,6.21E-09
2019/2/21,0.062290372,0.062290367,5.56E-09
2019/2/22,0.062290375,0.062290369,6.21E-09
2019/2/23,0.062290378,0.062290372,6.55E-09
2019/2/24,0.062290381,0.062290374,6.78E-09
2019/2/25,0.062290384,0.062290377,6.27E-09
2019/2/26,0.062290384,0.062290379,4.93E-09
2019/2/27,0.062290386,0.06229038,5.72E-09
2019/2/28,0.062290471,0.062290381,8.95E-08
2019/3/1,0.06229047,0.062290464,5.81E-09
2019/3/2,0.062290468,0.062290461,7.58E-09
2019/3/3,0.062290473,0.062290454,1.85E-08
2019/3/4,0.062290476,0.06229046,1.68E-08
2019/3/5,0.062290481,0.062290466,1.55E-08
2019/3/6,0.062290484,0.06229047,1.42E-08
2019/3/7,0.062290486,0.062290472,1.47E-08
2019/3/8,0.062290489,0.062290474,1.53E-08
2019/3/9,0.062290495,0.062290477,1.84E-08
2019/3/10,0.062290499,0.062290483,1.63E-08
2019/3/11,0.0622905,0.062290486,1.36E-08
2019/3/12,0.062290501,0.062290486,1.48E-08
2019/3/13,0.062290506,0.062290488,1.83E-08
2019/3/14,0.062290127,0.062290492,-3.65E-07
2019/3/15,0.062290125,0.062290126,-9.44E-10
2019/3/16,0.062290125,0.062290132,-6.41E-09
2019/3/17,0.062290133,0.062290155,-2.25E-08
2019/3/18,0.062290137,0.062290158,-2.06E-08
2019/3/19,0.06229014,0.062290151,-1.10E-08
2019/3/20,0.062290143,0.062290155,-1.18E-08
2019/3/21,0.062290146,0.062290159,-1.24E-08
2019/3/22,0.06229015,0.062290161,-1.06E-08
2019/3/23,0.062290154,0.062290164,-9.81E-09
2019/3/24,0.062290158,0.062290168,-1.01E-08
2019/3/25,0.062290158,0.062290171,-1.32E-08
2019/3/26,0.062290162,0.062290172,-9.36E-09
2019/3/27,0.062290166,0.062290175,-9.65E-09
2019/3/28,0.062290169,0.062290179,-9.84E-09
2019/3/29,0.062290169,0.062290181,-1.20E-08
2019/3/30,0.062290171,0.062290182,-1.08E-08
2019/3/31,0.062290173,0.062290183,-9.88E-09
2019/4/1,0.062290177,0.062290186,-8.36E-09
2019/4/2,0.06229018,0.062290189,-9.54E-09
2019/4/3,0.062290181,0.062290192,-1.05E-08
2019/4/4,0.062290185,0.062290193,-8.08E-09
2019/4/5,0.06229019,0.062290196,-5.54E-09
2019/4/6,0.062290195,0.062290202,-6.43E-09
2019/4/7,0.062290197,0.062290206,-8.99E-09
2019/4/8,0.062290201,0.062290207,-6.37E-09
2019/4/9,0.062290206,0.062290211,-4.36E-09
2019/4/10,0.062290211,0.062290216,-4.92E-09
2019/4/11,0.062290214,0.062290221,-6.61E-09
2019/4/12,0.062290217,0.062290223,-6.33E-09
2019/4/13,0.062290221,0.062290225,-4.58E-09
2019/4/14,0.062290225,0.062290229,-3.93E-09
2019/4/15,0.062290228,0.062290234,-5.80E-09
2019/4/16,0.062290231,0.062290236,-4.61E-09
2019/4/17,0.062290234,0.062290239,-4.92E-09
2019/4/18,0.062290238,0.062290242,-3.15E-09
2019/4/19,0.062290242,0.062290246,-3.96E-09
2019/4/20,0.062290247,0.062290249,-1.48E-09
2019/4/21,0.062290248,0.062290254,-6.10E-09
2019/4/22,0.062290251,0.062290254,-3.02E-09
2019/4/23,0.062290256,0.062290257,-1.09E-09
2019/4/24,0.062290261,0.062290262,-6.83E-10
2019/4/25,0.062290262,0.062290267,-5.02E-09
2019/4/26,0.062290264,0.062290267,-3.22E-09
2019/4/27,0.062290269,0.062290269,2.29E-10
2019/4/28,0.062290272,0.062290274,-2.24E-09
2019/4/29,0.062290273,0.062290276,-3.54E-09
2019/4/30,0.062290275,0.062290277,-2.09E-09
2019/5/1,0.062290278,0.062290279,-1.25E-09
2019/5/2,0.062290284,0.062290282,1.75E-09
2019/5/3,0.062290287,0.062290288,-8.47E-10
2019/5/4,0.062290289,0.06229029,-1.45E-09
2019/5/5,0.062290293,0.062290292,8.65E-10
2019/5/6,0.062290298,0.062290296,2.59E-09
2019/5/7,0.062290303,0.062290301,1.65E-09
2019/5/8,0.062290306,0.062290305,1.24E-09
2019/5/9,0.062290311,0.062290308,2.39E-09
2019/5/10,0.062290313,0.062290312,5.88E-10
2019/5/11,0.062290317,0.062290314,2.77E-09
2019/5/12,0.062290323,0.062290318,4.95E-09
2019/5/13,0.062290325,0.062290324,1.30E-09
2019/5/14,0.062290328,0.062290325,2.66E-09
2019/5/15,0.062290333,0.062290328,5.19E-09
2019/5/16,0.062290337,0.062290333,3.99E-09
2019/5/17,0.062290341,0.062290337,4.24E-09
2019/5/18,0.062290343,0.06229034,2.82E-09
2019/5/19,0.062290347,0.062290342,5.42E-09
2019/5/20,0.062290352,0.062290346,6.38E-09
2019/5/21,0.062290357,0.062290351,5.82E-09
2019/5/22,0.062290359,0.062290355,4.27E-09
2019/5/23,0.062290361,0.062290357,4.70E-09
2019/5/24,0.062290365,0.062290359,6.26E-09
2019/5/25,0.06229037,0.062290362,7.68E-09
2019/5/26,0.062290372,0.062290367,4.82E-09
2019/5/27,0.062290373,0.062290369,4.09E-09
2019/5/28,0.062290375,0.062290369,5.86E-09
2019/5/29,0.06229038,0.062290372,8.16E-09
2019/5/30,0.062290384,0.062290376,7.97E-09
2019/5/31,0.062290385,0.06229038,5.15E-09
2019/6/1,0.062290388,0.062290381,6.78E-09
2019/6/2,0.062290394,0.062290383,1.08E-08
2019/6/3,0.062290398,0.062290389,8.38E-09
2019/6/4,0.0622904,0.062290392,8.00E-09
2019/6/5,0.062290406,0.062290395,1.08E-08
2019/6/6,0.06229041,0.0622904,1.04E-08
2019/6/7,0.062290413,0.062290404,8.69E-09
2019/6/8,0.062290417,0.062290406,1.02E-08
2019/6/9,0.062290419,0.06229041,8.76E-09
2019/6/10,0.062290421,0.062290412,9.49E-09
2019/6/11,0.062290423,0.062290414,8.85E-09
2019/6/12,0.062290427,0.062290416,1.15E-08
2019/6/13,0.062290431,0.06229042,1.16E-08
2019/6/14,0.062290292,0.062290424,-1.32E-07
2019/6/15,0.062290291,0.062290288,3.28E-09
2019/6/16,0.062290296,0.062290291,5.34E-09
2019/6/17,0.0622903,0.062290304,-4.05E-09
2019/6/18,0.062290301,0.062290306,-5.11E-09
2019/6/19,0.062290303,0.062290303,4.43E-10
2019/6/20,0.062290308,0.062290305,2.94E-09
2019/6/21,0.062290312,0.06229031,2.05E-09
2019/6/22,0.062290314,0.062290314,3.47E-10
2019/6/23,0.062290316,0.062290316,6.49E-10
2019/6/24,0.062290318,0.062290317,1.23E-09
2019/6/25,0.062290324,0.062290319,4.21E-09
2019/6/26,0.062290326,0.062290324,1.35E-09
2019/6/27,0.062290326,0.062290326,-5.72E-11
2019/6/28,0.062290327,0.062290326,1.24E-09
2019/6/29,0.062290332,0.062290328,4.50E-09
2019/6/30,0.062290336,0.062290332,3.83E-09
2019/7/1,0.062290337,0.062290336,1.08E-09
2019/7/2,0.06229034,0.062290336,3.38E-09
2019/7/3,0.062290344,0.062290339,5.17E-09
2019/7/4,0.062290349,0.062290343,5.93E-09
2019/7/5,0.062290353,0.062290348,4.92E-09
2019/7/6,0.062290355,0.062290351,4.09E-09
2019/7/7,0.062290357,0.062290353,3.90E-09
2019/7/8,0.062290361,0.062290355,6.17E-09
2019/7/9,0.062290363,0.062290359,4.87E-09
2019/7/10,0.062290366,0.062290361,5.05E-09
2019/7/11,0.062290369,0.062290363,5.47E-09
2019/7/12,0.062290371,0.062290366,5.67E-09
2019/7/13,0.062290373,0.062290368,4.69E-09
2019/7/14,0.062290375,0.06229037,5.92E-09
2019/7/15,0.062290377,0.062290372,5.32E-09
2019/7/16,0.062290379,0.062290374,5.35E-09
2019/7/17,0.062290382,0.062290375,7.03E-09
2019/7/18,0.062290388,0.062290378,9.85E-09
2019/7/19,0.06229039,0.062290384,5.85E-09
2019/7/20,0.062290391,0.062290385,6.29E-09
2019/7/21,0.062290395,0.062290386,8.10E-09
2019/7/22,0.062290399,0.06229039,9.61E-09
2019/7/23,0.062290404,0.062290394,1.00E-08
2019/7/24,0.062290403,0.062290398,4.89E-09
2019/7/25,0.062290405,0.062290397,7.43E-09
2019/7/26,0.062290409,0.062290399,9.88E-09
2019/7/27,0.062290411,0.062290403,8.65E-09
2019/7/28,0.062290413,0.062290405,8.14E-09
2019/7/29,0.062290414,0.062290407,7.32E-09
2019/7/30,0.062290419,0.062290408,1.15E-08
2019/7/31,0.062290421,0.062290412,8.89E-09
2019/8/1,0.062290424,0.062290414,9.88E-09
2019/8/2,0.062290427,0.062290417,9.68E-09
2019/8/3,0.062290429,0.062290419,1.01E-08
2019/8/4,0.062290433,0.062290421,1.14E-08
2019/8/5,0.062290437,0.062290425,1.20E-08
2019/8/6,0.06229044,0.062290429,1.11E-08
2019/8/7,0.062290441,0.062290431,9.69E-09
2019/8/8,0.062290444,0.062290432,1.12E-08
2019/8/9,0.062290447,0.062290435,1.22E-08
2019/8/10,0.062290449,0.062290438,1.14E-08
2019/8/11,0.062290451,0.06229044,1.10E-08
2019/8/12,0.062290453,0.062290442,1.12E-08
2019/8/13,0.062290454,0.062290443,1.09E-08
2019/8/14,0.062290458,0.062290444,1.36E-08
2019/8/15,0.06229046,0.062290448,1.20E-08
2019/8/16,0.062290462,0.06229045,1.16E-08
2019/8/17,0.062290465,0.062290452,1.38E-08
2019/8/18,0.062290472,0.062290455,1.74E-08
2019/8/19,0.062290474,0.062290462,1.29E-08
2019/8/20,0.062290475,0.062290463,1.22E-08
2019/8/21,0.062290477,0.062290464,1.29E-08
2019/8/22,0.062290482,0.062290465,1.66E-08
2019/8/23,0.062290484,0.06229047,1.40E-08
2019/8/24,0.062290485,0.062290472,1.24E-08
2019/8/25,0.062290486,0.062290473,1.31E-08
2019/8/26,0.062290487,0.062290473,1.40E-08
2019/8/27,0.062290492,0.062290475,1.67E-08
2019/8/28,0.062290494,0.06229048,1.48E-08
2019/8/29,0.0622902,0.062290482,-2.82E-07
2019/8/30,0.062290193,0.062290197,-3.57E-09
2019/8/31,0.062290195,0.062290196,-1.51E-09
2019/9/1,0.062290203,0.062290216,-1.28E-08
2019/9/2,0.062290206,0.062290221,-1.47E-08
2019/9/3,0.062290208,0.062290215,-6.87E-09
2019/9/4,0.062290212,0.062290218,-6.23E-09
2019/9/5,0.062290216,0.062290221,-5.80E-09
2019/9/6,0.062290218,0.062290225,-6.89E-09
2019/9/7,0.062290219,0.062290227,-7.77E-09
2019/9/8,0.06229022,0.062290227,-7.02E-09
2019/9/9,0.062290223,0.062290229,-6.12E-09
2019/9/10,0.062290226,0.062290231,-4.94E-09
2019/9/11,0.062290228,0.062290234,-6.14E-09
2019/9/12,0.06229023,0.062290236,-6.41E-09
2019/9/13,0.062290232,0.062290238,-5.22E-09
2019/9/14,0.062290237,0.06229024,-3.01E-09
2019/9/15,0.062290241,0.062290244,-3.90E-09
2019/9/16,0.062290243,0.062290248,-4.64E-09
2019/9/17,0.062290246,0.06229025,-3.87E-09
2019/9/18,0.06229025,0.062290252,-2.94E-09
2019/9/19,0.062290254,0.062290256,-1.40E-09
2019/9/20,0.062290256,0.062290261,-4.31E-09
2019/9/21,0.062290257,0.062290262,-5.17E-09
2019/9/22,0.06229026,0.062290262,-2.22E-09
2019/9/23,0.062290264,0.062290266,-1.37E-09
2019/9/24,0.062290267,0.06229027,-2.94E-09
2019/9/25,0.062290267,0.062290272,-4.46E-09
2019/9/26,0.062290269,0.062290272,-3.03E-09
2019/9/27,0.062290275,0.062290274,9.62E-10
2019/9/28,0.062290278,0.062290279,-8.42E-10
2019/9/29,0.062290281,0.062290283,-1.53E-09
2019/9/30,0.062290283,0.062290285,-1.76E-09
2019/10/1,0.062290287,0.062290287,2.33E-10
2019/10/2,0.062290292,0.06229029,2.02E-09
2019/10/3,0.062290298,0.062290295,2.38E-09
2019/10/4,0.062290299,0.062290301,-1.39E-09
2019/10/5,0.062290301,0.062290301,-5.77E-10
2019/10/6,0.062290304,0.062290303,9.20E-10
2019/10/7,0.062290309,0.062290306,2.85E-09
2019/10/8,0.06229031,0.062290311,-6.86E-10
2019/10/9,0.062290311,0.062290312,-8.71E-10
2019/10/10,0.062290314,0.062290312,1.91E-09
2019/10/11,0.062290318,0.062290315,3.02E-09
2019/10/12,0.062290323,0.062290319,3.37E-09
2019/10/13,0.062290325,0.062290324,1.47E-09
2019/10/14,0.062290329,0.062290325,3.27E-09
2019/10/15,0.062290333,0.062290329,4.08E-09
2019/10/16,0.06229034,0.062290333,7.26E-09
2019/10/17,0.062290343,0.062290339,3.89E-09
2019/10/18,0.062290344,0.062290342,1.89E-09
2019/10/19,0.062290349,0.062290343,6.04E-09
2019/10/20,0.062290354,0.062290348,6.25E-09
2019/10/21,0.062290357,0.062290352,4.85E-09
2019/10/22,0.062290359,0.062290355,3.70E-09
2019/10/23,0.062290361,0.062290356,4.96E-09
2019/10/24,0.062290365,0.062290359,6.54E-09
2019/10/25,0.06229037,0.062290363,6.86E-09
2019/10/26,0.062290373,0.062290367,6.46E-09
2019/10/27,0.062290375,0.06229037,4.80E-09
2019/10/28,0.06229038,0.062290371,9.05E-09
2019/10/29,0.062290386,0.062290376,9.71E-09
2019/10/30,0.062290391,0.062290382,8.77E-09
2019/10/31,0.062290395,0.062290386,8.51E-09
2019/11/1,0.062290401,0.06229039,1.15E-08
2019/11/2,0.062290403,0.062290396,7.57E-09
2019/11/3,0.062290408,0.062290398,1.08E-08
2019/11/4,0.062290411,0.062290402,8.67E-09
2019/11/5,0.062290413,0.062290405,8.08E-09
2019/11/6,0.062290416,0.062290406,9.73E-09
2019/11/7,0.062290421,0.062290409,1.13E-08
2019/11/8,0.062290423,0.062290414,9.46E-09
2019/11/9,0.062290426,0.062290416,9.76E-09
2019/11/10,0.062290429,0.062290418,1.03E-08
2019/11/11,0.062290433,0.062290421,1.24E-08
2019/11/12,0.06229044,0.062290425,1.50E-08
2019/11/13,0.062290444,0.062290432,1.21E-08
2019/11/14,0.062290447,0.062290436,1.14E-08
2019/11/15,0.062290453,0.062290438,1.53E-08
2019/11/16,0.062290459,0.062290443,1.55E-08
2019/11/17,0.062290462,0.062290449,1.32E-08
2019/11/18,0.062290464,0.062290452,1.20E-08
2019/11/19,0.062290467,0.062290454,1.36E-08
2019/11/20,0.062290472,0.062290456,1.56E-08
2019/11/21,0.062290476,0.062290461,1.49E-08
2019/11/22,0.062290478,0.062290465,1.34E-08
2019/11/23,0.062290481,0.062290467,1.39E-08
2019/11/24,0.062290486,0.062290469,1.77E-08
2019/11/25,0.062290491,0.062290474,1.68E-08
2019/11/26,0.062290495,0.062290479,1.64E-08
2019/11/27,0.062290498,0.062290483,1.55E-08
2019/11/28,0.062290424,0.062290485,-6.11E-08
2019/11/29,0.062290425,0.062290413,1.24E-08
2019/11/30,0.062290432,0.062290416,1.54E-08
2019/12/1,0.062290436,0.062290427,9.20E-09
2019/12/2,0.062290438,0.06229043,8.64E-09
2019/12/3,0.062290444,0.06229043,1.43E-08
2019/12/4,0.062290448,0.062290435,1.26E-08
2019/12/5,0.062290449,0.062290439,9.72E-09
2019/12/6,0.06229045,0.062290439,1.05E-08
2019/12/7,0.062290452,0.06229044,1.12E-08
2019/12/8,0.062290456,0.062290442,1.34E-08
2019/12/9,0.062290461,0.062290446,1.53E-08
2019/12/10,0.062290463,0.062290451,1.21E-08
2019/12/11,0.062290465,0.062290453,1.23E-08
2019/12/12,0.062290186,0.062290455,-2.68E-07
2019/12/13,0.062290187,0.062290185,2.46E-09
2019/12/14,0.06229019,0.062290192,-1.79E-09
2019/12/15,0.062290196,0.062290211,-1.51E-08
2019/12/16,0.062290198,0.062290214,-1.55E-08
2019/12/17,0.062290204,0.062290208,-3.66E-09
2019/12/18,0.062290208,0.062290214,-6.06E-09
2019/12/19,0.06229021,0.062290218,-7.81E-09
2019/12/20,0.062290211,0.06229022,-9.00E-09
2019/12/21,0.062290214,0.06229022,-5.87E-09
2019/12/22,0.062290218,0.062290223,-5.03E-09
2019/12/23,0.062290221,0.062290227,-6.10E-09
2019/12/24,0.062290223,0.062290229,-6.50E-09
2019/12/25,0.062290226,0.062290231,-5.63E-09
2019/12/26,0.062290229,0.062290234,-4.95E-09
2019/12/27,0.062290234,0.062290237,-3.05E-09
2019/12/28,0.062290237,0.062290241,-4.73E-09
2019/12/29,0.062290239,0.062290244,-4.61E-09
2019/12/30,0.062290243,0.062290246,-3.53E-09
2019/12/31,0.062290248,0.06229025,-1.94E-09
2020/1/1,0.06229025,0.062290254,-4.15E-09
2020/1/2,0.062290251,0.062290256,-5.73E-09
2020/1/3,0.062290252,0.062290257,-4.77E-09
2020/1/4,0.062290255,0.062290258,-2.72E-09
2020/1/5,0.062290259,0.062290261,-2.27E-09
2020/1/6,0.062290261,0.062290265,-4.07E-09
2020/1/7,0.062290263,0.062290266,-3.47E-09
2020/1/8,0.062290266,0.062290268,-1.74E-09
2020/1/9,0.062290271,0.062290271,-3.17E-10
2020/1/10,0.062290274,0.062290276,-1.50E-09
2020/1/11,0.062290277,0.062290279,-1.72E-09
2020/1/12,0.06229028,0.062290281,-7.06E-10
2020/1/13,0.062290285,0.062290284,1.22E-09
2020/1/14,0.062290289,0.062290289,4.17E-11
2020/1/15,0.062290291,0.062290292,-1.29E-09
2020/1/16,0.062290291,0.062290294,-2.58E-09
2020/1/17,0.062290294,0.062290294,-6.78E-10
2020/1/18,0.062290297,0.062290296,4.78E-10
2020/1/19,0.062290299,0.0622903,-3.08E-10
2020/1/20,0.062290299,0.062290302,-2.60E-09
2020/1/21,0.0622903,0.062290301,-1.14E-09
2020/1/22,0.062290304,0.062290303,1.36E-09
2020/1/23,0.062290307,0.062290306,1.33E-09
2020/1/24,0.062290309,0.062290309,-2.91E-11
2020/1/25,0.062290311,0.062290311,4.18E-10
2020/1/26,0.062290315,0.062290313,2.19E-09
2020/1/27,0.062290319,0.062290316,2.76E-09
2020/1/28,0.062290323,0.06229032,2.68E-09
2020/1/29,0.062290324,0.062290323,5.06E-10
2020/1/30,0.062290326,0.062290324,1.89E-09
2020/1/31,0.062290331,0.062290326,4.82E-09
2020/2/1,0.062290334,0.062290331,3.10E-09
2020/2/2,0.062290335,0.062290334,1.10E-09
2020/2/3,0.062290335,0.062290335,5.02E-10
2020/2/4,0.062290339,0.062290335,4.23E-09
2020/2/5,0.062290342,0.062290338,3.87E-09
2020/2/6,0.062290346,0.062290342,4.11E-09
2020/2/7,0.062290348,0.062290345,3.24E-09
2020/2/8,0.062290349,0.062290346,2.79E-09
2020/2/9,0.062290355,0.062290348,7.35E-09
2020/2/10,0.062290359,0.062290353,5.61E-09
2020/2/11,0.062290362,0.062290357,4.71E-09
2020/2/12,0.062290363,0.062290359,3.94E-09
2020/2/13,0.062290365,0.06229036,5.12E-09
2020/2/14,0.062290369,0.062290363,5.90E-09
2020/2/15,0.062290372,0.062290366,6.46E-09
2020/2/16,0.062290372,0.062290369,3.45E-09
2020/2/17,0.062290372,0.062290369,3.22E-09
2020/2/18,0.062290374,0.062290369,5.37E-09
2020/2/19,0.062290382,0.062290371,1.08E-08
2020/2/20,0.062290381,0.062290378,3.33E-09
2020/2/21,0.062290383,0.062290377,6.01E-09
2020/2/22,0.062290387,0.062290379,7.90E-09
2020/2/23,0.062290391,0.062290383,8.52E-09
2020/2/24,0.062290395,0.062290387,8.34E-09
2020/2/25,0.062290398,0.06229039,8.22E-09
2020/2/26,0.062290401,0.062290393,8.21E-09
2020/2/27,0.062290404,0.062290396,8.50E-09
2020/2/28,0.062290409,0.062290398,1.11E-08
2020/2/29,0.062290411,0.062290403,7.14E-09
2020/3/1,0.062290411,0.062290404,6.81E-09
2020/3/2,0.062290415,0.062290405,9.94E-09
2020/3/3,0.062290418,0.062290408,1.00E-08
2020/3/4,0.06229042,0.062290411,8.56E-09
2020/3/5,0.062290423,0.062290413,9.53E-09
2020/3/6,0.062290424,0.062290415,8.28E-09
2020/3/7,0.062290427,0.062290416,1.03E-08
2020/3/8,0.06229043,0.062290419,1.07E-08
2020/3/9,0.062290434,0.062290422,1.17E-08
2020/3/10,0.062290436,0.062290426,9.93E-09
2020/3/11,0.062290335,0.062290428,-9.29E-08
2020/3/12,0.062290234,0.06229033,-9.60E-08
2020/3/13,0.062290133,0.062290234,-1.02E-07
2020/3/14,0.062290134,0.062290145,-1.07E-08
2020/3/15,0.062290136,0.062290153,-1.74E-08
2020/3/16,0.062290138,0.062290157,-1.88E-08
2020/3/17,0.062290141,0.062290155,-1.46E-08
2020/3/18,0.062290143,0.062290155,-1.27E-08
2020/3/19,0.062290144,0.062290158,-1.33E-08
2020/3/20,0.062290147,0.062290159,-1.22E-08
2020/3/21,0.06229015,0.062290161,-1.07E-08
2020/3/22,0.062290155,0.062290165,-9.72E-09
2020/3/23,0.062290158,0.062290169,-1.09E-08
2020/3/24,0.062290161,0.062290171,-1.02E-08
2020/3/25,0.062290166,0.062290174,-8.48E-09
2020/3/26,0.062290168,0.062290179,-1.07E-08
2020/3/27,0.062290169,0.062290181,-1.13E-08
2020/3/28,0.062290175,0.062290182,-6.77E-09
2020/3/29,0.062290178,0.062290187,-9.25E-09
2020/3/30,0.06229018,0.06229019,-9.51E-09
2020/3/31,0.062290184,0.062290192,-8.47E-09
2020/4/1,0.062290186,0.062290195,-9.13E-09
2020/4/2,0.062290188,0.062290197,-8.71E-09
2020/4/3,0.062290193,0.062290199,-6.82E-09
2020/4/4,0.062290195,0.062290203,-8.83E-09
2020/4/5,0.062290198,0.062290205,-7.34E-09
2020/4/6,0.062290203,0.062290208,-5.36E-09
2020/4/7,0.062290205,0.062290213,-8.29E-09
2020/4/8,0.062290207,0.062290214,-7.04E-09
2020/4/9,0.062290212,0.062290217,-4.42E-09
2020/4/10,0.062290216,0.062290222,-5.61E-09
2020/4/11,0.062290219,0.062290225,-6.30E-09
2020/4/12,0.062290222,0.062290227,-5.12E-09
2020/4/13,0.062290227,0.062290231,-3.74E-09
2020/4/14,0.06229023,0.062290235,-5.09E-09
2020/4/15,0.062290231,0.062290238,-6.47E-09
2020/4/16,0.062290236,0.062290239,-3.32E-09
2020/4/17,0.062290239,0.062290243,-4.32E-09
2020/4/18,0.062290241,0.062290246,-4.92E-09
2020/4/19,0.062290243,0.062290248,-5.21E-09
2020/4/20,0.062290247,0.062290249,-2.23E-09
2020/4/21,0.062290252,0.062290254,-2.08E-09
2020/4/22,0.062290255,0.062290258,-3.13E-09
2020/4/23,0.062290258,0.062290261,-2.92E-09
2020/4/24,0.062290263,0.062290263,-3.50E-10
2020/4/25,0.062290266,0.062290268,-2.16E-09
2020/4/26,0.06229027,0.062290271,-1.37E-09
2020/4/27,0.062290274,0.062290275,-7.21E-10
2020/4/28,0.062290278,0.062290278,-6.34E-10
2020/4/29,0.062290281,0.062290282,-4.24E-10
2020/4/30,0.062290283,0.062290285,-2.15E-09
2020/5/1,0.062290287,0.062290287,-4.47E-11
2020/5/2,0.062290291,0.06229029,9.28E-10
2020/5/3,0.062290295,0.062290294,1.28E-09
2020/5/4,0.062290297,0.062290298,-9.08E-10
2020/5/5,0.0622903,0.0622903,9.16E-11
2020/5/6,0.062290303,0.062290302,1.21E-09
2020/5/7,0.062290307,0.062290306,1.42E-09
2020/5/8,0.062290312,0.062290309,3.34E-09
2020/5/9,0.062290315,0.062290314,7.61E-10
2020/5/10,0.062290318,0.062290316,2.06E-09
2020/5/11,0.062290321,0.062290319,2.53E-09
2020/5/12,0.062290324,0.062290322,2.22E-09
2020/5/13,0.062290328,0.062290325,3.60E-09
2020/5/14,0.062290332,0.062290329,3.34E-09
2020/5/15,0.062290334,0.062290332,2.04E-09
2020/5/16,0.062290335,0.062290334,1.87E-09
2020/5/17,0.062290337,0.062290335,2.54E-09
2020/5/18,0.062290342,0.062290337,5.47E-09
2020/5/19,0.062290344,0.062290342,2.03E-09
2020/5/20,0.062290347,0.062290343,4.47E-09
2020/5/21,0.062290352,0.062290346,6.60E-09
2020/5/22,0.062290355,0.062290351,4.50E-09
2020/5/23,0.062290357,0.062290353,3.12E-09
2020/5/24,0.062290362,0.062290354,7.29E-09
2020/5/25,0.062290366,0.062290359,6.56E-09
2020/5/26,0.062290371,0.062290363,7.91E-09
2020/5/27,0.062290372,0.062290368,3.76E-09
2020/5/28,0.062290375,0.062290369,6.40E-09
2020/5/29,0.06229038,0.062290371,8.80E-09
2020/5/30,0.062290381,0.062290376,4.60E-09
2020/5/31,0.062290384,0.062290377,7.37E-09
2020/6/1,0.062290386,0.06229038,5.63E-09
2020/6/2,0.062290391,0.062290381,9.77E-09
2020/6/3,0.062290393,0.062290387,6.21E-09
2020/6/4,0.062290394,0.062290388,5.74E-09
2020/6/5,0.062290401,0.062290389,1.20E-08
2020/6/6,0.062290405,0.062290395,9.70E-09
2020/6/7,0.062290408,0.0622904,8.44E-09
2020/6/8,0.062290412,0.062290402,1.05E-08
2020/6/9,0.062290416,0.062290406,1.03E-08
2020/6/10,0.062290419,0.06229041,9.06E-09
2020/6/11,0.062290422,0.062290412,9.91E-09
2020/6/12,0.062290423,0.062290415,8.68E-09
2020/6/13,0.062290427,0.062290416,1.11E-08
2020/6/14,0.062290431,0.06229042,1.19E-08
2020/6/15,0.062290431,0.062290424,7.58E-09
2020/6/16,0.062290434,0.062290423,1.07E-08
2020/6/17,0.062290438,0.062290426,1.21E-08
2020/6/18,0.062290282,0.06229043,-1.48E-07
2020/6/19,0.06229028,0.062290279,1.29E-09
2020/6/20,0.062290282,0.06229028,1.85E-09
2020/6/21,0.062290289,0.062290291,-2.67E-09
2020/6/22,0.062290293,0.062290296,-3.45E-09
2020/6/23,0.062290294,0.062290295,-1.49E-09
2020/6/24,0.062290298,0.062290297,1.43E-09
2020/6/25,0.062290302,0.062290301,8.68E-10
2020/6/26,0.062290304,0.062290304,2.50E-10
2020/6/27,0.062290306,0.062290306,-5.45E-10
2020/6/28,0.062290308,0.062290308,7.50E-10
2020/6/29,0.062290312,0.06229031,1.68E-09
2020/6/30,0.062290314,0.062290313,4.37E-10
2020/7/1,0.062290315,0.062290315,-1.49E-10
2020/7/2,0.062290317,0.062290316,9.21E-10
2020/7/3,0.06229032,0.062290318,1.66E-09
2020/7/4,0.062290323,0.062290321,2.36E-09
2020/7/5,0.062290325,0.062290324,1.37E-09
2020/7/6,0.062290328,0.062290325,2.42E-09
2020/7/7,0.062290332,0.062290328,4.35E-09
2020/7/8,0.062290335,0.062290332,2.76E-09
2020/7/9,0.062290337,0.062290335,2.36E-09
2020/7/10,0.062290341,0.062290337,4.78E-09
2020/7/11,0.062290344,0.06229034,3.93E-09
2020/7/12,0.062290346,0.062290343,2.62E-09
2020/7/13,0.062290349,0.062290345,4.01E-09
2020/7/14,0.062290351,0.062290347,3.68E-09
2020/7/15,0.062290352,0.062290349,3.01E-09
2020/7/16,0.062290354,0.062290351,3.70E-09
2020/7/17,0.062290357,0.062290352,4.72E-09
2020/7/18,0.06229036,0.062290355,4.73E-09
2020/7/19,0.062290363,0.062290358,5.36E-09
2020/7/20,0.062290365,0.062290361,4.17E-09
2020/7/21,0.062290367,0.062290362,5.01E-09
2020/7/22,0.062290372,0.062290364,7.41E-09
2020/7/23,0.062290374,0.062290368,5.75E-09
2020/7/24,0.062290376,0.062290371,5.47E-09
2020/7/25,0.062290379,0.062290373,6.38E-09
2020/7/26,0.062290382,0.062290375,6.60E-09
2020/7/27,0.062290385,0.062290378,7.51E-09
2020/7/28,0.062290386,0.062290381,5.24E-09
2020/7/29,0.062290389,0.062290382,7.08E-09
2020/7/30,0.062290392,0.062290385,7.53E-09
2020/7/31,0.062290393,0.062290387,5.69E-09
2020/8/1,0.062290395,0.062290388,6.74E-09
2020/8/2,0.062290398,0.06229039,8.59E-09
2020/8/3,0.062290401,0.062290393,8.10E-09
2020/8/4,0.062290405,0.062290396,8.67E-09
2020/8/5,0.062290408,0.062290399,9.16E-09
2020/8/6,0.062290411,0.062290402,8.83E-09
2020/8/7,0.062290416,0.062290405,1.14E-08
2020/8/8,0.062290419,0.062290409,9.73E-09
2020/8/9,0.062290422,0.062290412,9.44E-09
2020/8/10,0.062290425,0.062290415,1.02E-08
2020/8/11,0.062290428,0.062290417,1.03E-08
2020/8/12,0.062290429,0.06229042,8.52E-09
2020/8/13,0.062290431,0.062290421,9.61E-09
2020/8/14,0.062290433,0.062290423,1.00E-08
2020/8/15,0.062290435,0.062290425,1.03E-08
2020/8/16,0.062290437,0.062290427,9.76E-09
2020/8/17,0.062290439,0.062290428,1.05E-08
2020/8/18,0.062290443,0.062290431,1.26E-08
2020/8/19,0.062290446,0.062290434,1.11E-08
2020/8/20,0.062290447,0.062290437,1.05E-08
2020/8/21,0.062290451,0.062290438,1.27E-08
2020/8/22,0.062290456,0.062290441,1.43E-08
2020/8/23,0.062290457,0.062290446,1.10E-08
2020/8/24,0.062290458,0.062290447,1.13E-08
2020/8/25,0.062290462,0.062290448,1.40E-08
2020/8/26,0.062290465,0.062290452,1.27E-08
2020/8/27,0.062290466,0.062290454,1.18E-08
2020/8/28,0.062290467,0.062290456,1.18E-08
2020/8/29,0.06229047,0.062290457,1.30E-08
2020/8/30,0.062290472,0.062290459,1.32E-08
2020/8/31,0.062290475,0.062290461,1.37E-08
2020/9/1,0.062290477,0.062290464,1.37E-08
2020/9/2,0.062290481,0.062290466,1.50E-08
2020/9/3,0.062290203,0.062290469,-2.67E-07
2020/9/4,0.062290203,0.0622902,3.49E-09
2020/9/5,0.062290205,0.062290207,-1.11E-09
2020/9/6,0.062290213,0.062290226,-1.27E-08
2020/9/7,0.062290216,0.062290229,-1.32E-08
2020/9/8,0.062290219,0.062290224,-5.29E-09
2020/9/9,0.062290221,0.062290227,-6.11E-09
2020/9/10,0.062290223,0.06229023,-7.63E-09
2020/9/11,0.062290225,0.062290231,-6.19E-09
2020/9/12,0.062290227,0.062290233,-6.20E-09
2020/9/13,0.062290228,0.062290235,-6.69E-09
2020/9/14,0.062290231,0.062290236,-5.13E-09
2020/9/15,0.062290234,0.062290239,-5.29E-09
2020/9/16,0.062290237,0.062290241,-4.36E-09
2020/9/17,0.062290239,0.062290244,-5.63E-09
2020/9/18,0.062290243,0.062290246,-2.38E-09
2020/9/19,0.062290247,0.06229025,-3.19E-09
2020/9/20,0.062290248,0.062290254,-5.61E-09
2020/9/21,0.062290252,0.062290254,-2.67E-09
2020/9/22,0.062290256,0.062290258,-1.61E-09
2020/9/23,0.062290259,0.062290262,-3.51E-09
2020/9/24,0.062290261,0.062290264,-3.27E-09
2020/9/25,0.062290263,0.062290266,-3.19E-09
2020/9/26,0.062290266,0.062290268,-1.86E-09
2020/9/27,0.062290268,0.062290271,-3.37E-09
2020/9/28,0.062290272,0.062290273,-1.11E-09
2020/9/29,0.062290278,0.062290276,1.46E-09
2020/9/30,0.06229028,0.062290282,-1.69E-09
2020/10/1,0.062290283,0.062290284,-1.59E-09
2020/10/2,0.062290288,0.062290286,1.25E-09
2020/10/3,0.062290292,0.062290291,5.67E-10
2020/10/4,0.062290296,0.062290295,8.81E-10
2020/10/5,0.0622903,0.062290298,1.32E-09
2020/10/6,0.062290303,0.062290302,6.12E-10
2020/10/7,0.062290308,0.062290305,3.26E-09
2020/10/8,0.062290312,0.06229031,1.93E-09
2020/10/9,0.062290313,0.062290313,-3.14E-10
2020/10/10,0.062290317,0.062290314,2.30E-09
2020/10/11,0.06229032,0.062290318,2.44E-09
2020/10/12,0.062290322,0.062290321,1.37E-09
2020/10/13,0.062290324,0.062290323,1.28E-09
2020/10/14,0.062290327,0.062290325,2.24E-09
2020/10/15,0.062290331,0.062290327,4.31E-09
2020/10/16,0.062290336,0.062290331,4.19E-09
2020/10/17,0.062290339,0.062290335,3.31E-09
2020/10/18,0.062290342,0.062290338,3.99E-09
2020/10/19,0.062290348,0.062290341,6.59E-09
2020/10/20,0.062290354,0.062290346,7.25E-09
2020/10/21,0.062290356,0.062290352,3.70E-09
2020/10/22,0.062290359,0.062290354,5.29E-09
2020/10/23,0.062290363,0.062290357,6.53E-09
2020/10/24,0.062290367,0.062290361,5.89E-09
2020/10/25,0.062290371,0.062290364,6.68E-09
2020/10/26,0.062290373,0.062290367,5.93E-09
2020/10/27,0.062290378,0.06229037,7.96E-09
2020/10/28,0.062290381,0.062290374,7.15E-09
2020/10/29,0.062290385,0.062290378,6.98E-09
2020/10/30,0.062290391,0.06229038,1.11E-08
2020/10/31,0.062290396,0.062290387,9.54E-09
2020/11/1,0.0622904,0.062290391,8.69E-09
2020/11/2,0.062290407,0.062290395,1.19E-08
2020/11/3,0.062290413,0.062290401,1.28E-08
2020/11/4,0.062290416,0.062290407,9.17E-09
2020/11/5,0.06229042,0.06229041,1.05E-08
2020/11/6,0.062290426,0.062290413,1.25E-08
2020/11/7,0.062290431,0.062290418,1.31E-08
2020/11/8,0.062290435,0.062290424,1.13E-08
2020/11/9,0.062290439,0.062290427,1.18E-08
2020/11/10,0.062290442,0.06229043,1.22E-08
2020/11/11,0.062290446,0.062290434,1.24E-08
2020/11/12,0.062290449,0.062290437,1.24E-08
2020/11/13,0.062290457,0.06229044,1.66E-08
2020/11/14,0.062290459,0.062290447,1.23E-08
2020/11/15,0.062290467,0.062290449,1.72E-08
2020/11/16,0.062290471,0.062290456,1.53E-08
2020/11/17,0.062290476,0.06229046,1.53E-08
2020/11/18,0.06229048,0.062290464,1.56E-08
2020/11/19,0.062290485,0.062290468,1.62E-08
2020/11/20,0.06229049,0.062290473,1.75E-08
2020/11/21,0.062290493,0.062290478,1.54E-08
2020/11/22,0.062290498,0.06229048,1.71E-08
2020/11/23,0.062290507,0.062290484,2.24E-08
2020/11/24,0.062290512,0.062290493,1.86E-08
2020/11/25,0.062290514,0.062290498,1.59E-08
2020/11/26,0.062290518,0.062290499,1.90E-08
2020/11/27,0.062290526,0.062290504,2.22E-08
2020/11/28,0.062290532,0.062290511,2.12E-08
2020/11/29,0.062290541,0.062290517,2.47E-08
2020/11/30,0.062290545,0.062290525,2.02E-08
2020/12/1,0.062290553,0.062290529,2.49E-08
2020/12/2,0.06229056,0.062290536,2.44E-08
2020/12/3,0.062290361,0.062290543,-1.81E-07
2020/12/4,0.062290364,0.062290349,1.46E-08
2020/12/5,0.062290367,0.062290356,1.02E-08
2020/12/6,0.062290378,0.062290371,6.61E-09
2020/12/7,0.062290383,0.06229038,2.93E-09
2020/12/8,0.062290387,0.062290378,9.40E-09
2020/12/9,0.062290395,0.062290383,1.26E-08
2020/12/10,0.062290397,0.062290391,6.44E-09
2020/12/11,0.062290402,0.062290392,9.66E-09
2020/12/12,0.062290405,0.062290396,9.32E-09
2020/12/13,0.062290411,0.0622904,1.14E-08
2020/12/14,0.062290415,0.062290405,1.06E-08
2020/12/15,0.06229042,0.062290409,1.09E-08
2020/12/16,0.062290425,0.062290413,1.19E-08
2020/12/17,0.062290092,0.062290417,-3.25E-07
2020/12/18,0.062290095,0.062290096,-7.98E-10
2020/12/19,0.062290098,0.062290105,-7.05E-09
2020/12/20,0.062290104,0.062290129,-2.51E-08
2020/12/21,0.062290108,0.06229013,-2.14E-08
2020/12/22,0.062290112,0.062290124,-1.21E-08
2020/12/23,0.062290117,0.062290129,-1.21E-08
2020/12/24,0.062290121,0.062290135,-1.35E-08
2020/12/25,0.062290125,0.062290138,-1.24E-08
2020/12/26,0.062290129,0.062290141,-1.21E-08
2020/12/27,0.062290134,0.062290145,-1.08E-08
2020/12/28,0.062290138,0.062290149,-1.08E-08
2020/12/29,0.062290144,0.062290153,-9.87E-09
2020/12/30,0.062290149,0.062290158,-9.15E-09
2020/12/31,0.062290155,0.062290163,-8.52E-09
2021/1/1,0.06229016,0.062290168,-8.58E-09
2021/1/2,0.062290164,0.062290173,-8.99E-09
2021/1/3,0.062290168,0.062290177,-9.26E-09
2021/1/4,0.062290172,0.06229018,-8.94E-09
2021/1/5,0.062290176,0.062290184,-8.03E-09
2021/1/6,0.062290179,0.062290188,-9.24E-09
2021/1/7,0.062290222,0.06229019,3.17E-08
2021/1/8,0.062290184,0.062290232,-4.85E-08
2021/1/9,0.062290187,0.062290194,-6.97E-09
2021/1/10,0.06229019,0.062290196,-6.29E-09
2021/1/11,0.062290192,0.062290201,-8.89E-09
2021/1/12,0.062290199,0.062290204,-5.21E-09
2021/1/13,0.062290202,0.062290209,-7.77E-09
2021/1/14,0.062290205,0.062290212,-6.63E-09
2021/1/15,0.06229021,0.062290215,-5.17E-09
2021/1/16,0.062290213,0.062290219,-5.84E-09
2021/1/17,0.062290217,0.062290222,-5.64E-09
2021/1/18,0.06229022,0.062290226,-5.41E-09
2021/1/19,0.062290224,0.062290229,-4.34E-09
2021/1/20,0.062290226,0.062290233,-6.67E-09
2021/1/21,0.06229023,0.062290234,-4.53E-09
2021/1/22,0.062290232,0.062290237,-5.69E-09
2021/1/23,0.062290234,0.062290239,-5.10E-09
2021/1/24,0.062290239,0.062290242,-3.16E-09
2021/1/25,0.062290241,0.062290246,-4.96E-09
2021/1/26,0.062290245,0.062290248,-2.97E-09
2021/1/27,0.06229025,0.062290252,-1.47E-09
2021/1/28,0.062290327,0.062290257,7.09E-08
2021/1/29,0.062290332,0.062290331,5.34E-10
2021/1/30,0.062290336,0.062290333,3.00E-09
2021/1/31,0.062290341,0.062290333,8.04E-09
2021/2/1,0.062290343,0.062290339,4.02E-09
2021/2/2,0.062290346,0.062290342,4.17E-09
2021/2/3,0.062290348,0.062290345,2.86E-09
2021/2/4,0.062290352,0.062290346,5.92E-09
2021/2/5,0.062290356,0.06229035,5.47E-09
2021/2/6,0.062290357,0.062290354,3.38E-09
2021/2/7,0.062290359,0.062290355,4.06E-09
2021/2/8,0.062290364,0.062290357,6.92E-09
2021/2/9,0.062290367,0.062290361,5.63E-09
2021/2/10,0.06229037,0.062290364,5.59E-09
2021/2/11,0.062290373,0.062290367,6.18E-09
2021/2/12,0.062290376,0.06229037,6.87E-09
2021/2/13,0.062290381,0.062290373,7.97E-09
2021/2/14,0.062290385,0.062290377,8.36E-09
2021/2/15,0.062290388,0.062290381,6.54E-09
2021/2/16,0.062290392,0.062290383,9.13E-09
2021/2/17,0.062290396,0.062290388,8.54E-09
2021/2/18,0.062290396,0.062290391,5.35E-09
2021/2/19,0.062290401,0.062290391,1.02E-08
2021/2/20,0.062290404,0.062290396,8.06E-09
2021/2/21,0.062290407,0.062290398,8.25E-09
2021/2/22,0.06229041,0.062290401,9.78E-09
2021/2/23,0.062290415,0.062290404,1.06E-08
2021/2/24,0.06229042,0.062290408,1.19E-08
2021/2/25,0.062290424,0.062290413,1.07E-08
2021/2/26,0.062290427,0.062290417,1.05E-08
2021/2/27,0.062290433,0.06229042,1.28E-08
2021/2/28,0.062290437,0.062290425,1.20E-08
2021/3/1,0.06229044,0.062290428,1.17E-08
2021/3/2,0.062290446,0.062290432,1.47E-08
2021/3/3,0.062290449,0.062290437,1.17E-08
2021/3/4,0.062290454,0.06229044,1.38E-08
2021/3/5,0.062290456,0.062290444,1.20E-08
2021/3/6,0.062290459,0.062290446,1.31E-08
2021/3/7,0.062290464,0.062290449,1.48E-08
2021/3/8,0.062290467,0.062290454,1.29E-08
2021/3/9,0.062290469,0.062290456,1.27E-08
2021/3/10,0.062290473,0.062290458,1.52E-08
2021/3/11,0.062290477,0.062290462,1.51E-08
2021/3/12,0.062290481,0.062290466,1.49E-08
2021/3/13,0.062290484,0.062290469,1.48E-08
2021/3/14,0.062290489,0.062290472,1.70E-08
2021/3/15,0.062290496,0.062290477,1.89E-08
2021/3/16,0.062290499,0.062290483,1.57E-08
2021/3/17,0.062290503,0.062290486,1.72E-08
2021/3/18,0.0622901,0.062290489,-3.89E-07
2021/3/19,0.062290099,0.0622901,-6.13E-10
2021/3/20,0.0622901,0.062290107,-7.60E-09
2021/3/21,0.062290109,0.062290133,-2.40E-08
2021/3/22,0.062290113,0.062290136,-2.32E-08
2021/3/23,0.062290117,0.062290129,-1.14E-08
2021/3/24,0.062290121,0.062290134,-1.35E-08
2021/3/25,0.062290124,0.062290138,-1.32E-08
2021/3/26,0.06229013,0.062290141,-1.05E-08
2021/3/27,0.062290135,0.062290146,-1.07E-08
2021/3/28,0.062290139,0.06229015,-1.20E-08
2021/3/29,0.062290143,0.062290153,-1.00E-08
2021/3/30,0.062290148,0.062290158,-9.75E-09
2021/3/31,0.062290152,0.062290162,-1.04E-08
2021/4/1,0.062290156,0.062290166,-9.74E-09
2021/4/2,0.062290159,0.06229017,-1.09E-08
2021/4/3,0.062290163,0.062290172,-8.86E-09
2021/4/4,0.062290166,0.062290176,-1.06E-08
2021/4/5,0.062290168,0.062290179,-1.08E-08
2021/4/6,0.062290173,0.06229018,-7.03E-09
2021/4/7,0.062290176,0.062290186,-9.57E-09
2021/4/8,0.062290179,0.062290188,-9.29E-09
2021/4/9,0.062290182,0.062290191,-8.33E-09
2021/4/10,0.062290187,0.062290194,-6.65E-09
2021/4/11,0.062290192,0.062290198,-6.57E-09
2021/4/12,0.062290194,0.062290203,-8.75E-09
2021/4/13,0.062290199,0.062290205,-5.53E-09
2021/4/14,0.062290204,0.062290209,-5.62E-09
2021/4/15,0.062290209,0.062290214,-4.43E-09
2021/4/16,0.062290211,0.062290219,-7.90E-09
2021/4/17,0.062290216,0.06229022,-4.47E-09
2021/4/18,0.062290221,0.062290224,-3.43E-09
2021/4/19,0.062290226,0.06229023,-3.53E-09
2021/4/20,0.06229023,0.062290234,-4.13E-09
2021/4/21,0.062290235,0.062290238,-3.20E-09
2021/4/22,0.062290241,0.062290242,-1.80E-09
2021/4/23,0.062290244,0.062290248,-3.84E-09
2021/4/24,0.062290247,0.062290251,-3.13E-09
2021/4/25,0.062290254,0.062290254,6.56E-11
2021/4/26,0.06229026,0.06229026,2.33E-10
2021/4/27,0.062290264,0.062290266,-1.70E-09
2021/4/28,0.062290268,0.062290269,-1.25E-09
2021/4/29,0.062290275,0.062290273,2.02E-09
2021/4/30,0.06229028,0.062290279,1.18E-09
2021/5/1,0.062290283,0.062290284,-1.34E-09
2021/5/2,0.062290286,0.062290287,-4.16E-10
2021/5/3,0.062290292,0.06229029,2.33E-09
2021/5/4,0.062290298,0.062290295,2.73E-09
2021/5/5,0.062290299,0.0622903,-1.04E-09
2021/5/6,0.062290303,0.062290302,1.19E-09
2021/5/7,0.062290306,0.062290305,1.58E-09
2021/5/8,0.062290309,0.062290308,7.76E-10
2021/5/9,0.062290312,0.062290311,1.21E-09
2021/5/10,0.062290317,0.062290313,3.61E-09
2021/5/11,0.062290322,0.062290318,4.10E-09
2021/5/12,0.062290326,0.062290323,3.24E-09
2021/5/13,0.062290326,0.062290327,-3.69E-10
2021/5/14,0.062290335,0.062290326,8.81E-09
2021/5/15,0.062290342,0.062290335,6.82E-09
2021/5/16,0.062290347,0.062290341,5.82E-09
2021/5/17,0.06229035,0.062290346,3.74E-09
2021/5/18,0.062290355,0.062290348,7.38E-09
2021/5/19,0.062290361,0.062290353,7.60E-09
2021/5/20,0.062290362,0.062290359,3.24E-09
2021/5/21,0.062290369,0.062290359,9.13E-09
2021/5/22,0.062290371,0.062290366,5.50E-09
2021/5/23,0.062290375,0.062290368,7.37E-09
2021/5/24,0.06229038,0.062290372,8.11E-09
2021/5/25,0.062290385,0.062290376,8.71E-09
2021/5/26,0.062290389,0.062290381,8.23E-09
2021/5/27,0.062290393,0.062290384,8.40E-09
2021/5/28,0.062290399,0.062290388,1.14E-08
2021/5/29,0.062290402,0.062290394,8.04E-09
2021/5/30,0.062290406,0.062290397,9.71E-09
2021/5/31,0.062290411,0.0622904,1.09E-08
2021/6/1,0.062290415,0.062290405,9.83E-09
2021/6/2,0.062290235,0.062290408,-1.73E-07
2021/6/3,0.062290238,0.062290234,3.42E-09
2021/6/4,0.06229024,0.06229024,-2.61E-10
2021/6/5,0.062290245,0.062290254,-9.40E-09
2021/6/6,0.062290247,0.062290256,-8.75E-09
2021/6/7,0.062290251,0.062290253,-1.62E-09
2021/6/8,0.062290255,0.062290257,-2.29E-09
2021/6/9,0.062290258,0.062290262,-3.38E-09
2021/6/10,0.062290263,0.062290264,-1.05E-09
2021/6/11,0.062290266,0.062290268,-1.61E-09
2021/6/12,0.062290272,0.062290272,9.20E-11
2021/6/13,0.062290274,0.062290276,-2.29E-09
2021/6/14,0.06229028,0.062290278,1.25E-09
2021/6/15,0.062290286,0.062290284,2.40E-09
2021/6/16,0.062290289,0.06229029,-8.69E-10
2021/6/17,0.062290293,0.062290292,6.11E-10
2021/6/18,0.062290298,0.062290295,2.10E-09
2021/6/19,0.062290303,0.0622903,2.41E-09
2021/6/20,0.062290304,0.062290305,-1.04E-09
2021/6/21,0.062290308,0.062290306,2.12E-09
2021/6/22,0.06229031,0.06229031,3.59E-10
2021/6/23,0.062290317,0.062290312,5.24E-09
2021/6/24,0.062290319,0.062290318,1.23E-09
2021/6/25,0.062290321,0.06229032,9.70E-10
2021/6/26,0.062290327,0.062290322,4.82E-09
2021/6/27,0.062290332,0.062290327,5.00E-09
2021/6/28,0.062290336,0.062290332,3.51E-09
2021/6/29,0.062290338,0.062290335,3.33E-09
2021/6/30,0.062290345,0.062290338,7.06E-09
2021/7/1,0.062290349,0.062290344,5.28E-09
2021/7/2,0.06229035,0.062290348,2.44E-09
2021/7/3,0.062290356,0.062290348,7.08E-09
2021/7/4,0.062290359,0.062290354,5.48E-09
2021/7/5,0.062290363,0.062290357,6.14E-09
2021/7/6,0.062290364,0.062290361,3.82E-09
2021/7/7,0.06229037,0.062290362,8.32E-09
2021/7/8,0.062290374,0.062290367,6.74E-09
2021/7/9,0.062290377,0.06229037,6.33E-09
2021/7/10,0.06229038,0.062290373,6.73E-09
2021/7/11,0.062290384,0.062290376,7.61E-09
2021/7/12,0.062290389,0.062290379,9.12E-09
2021/7/13,0.062290393,0.062290384,8.35E-09
2021/7/14,0.062290395,0.062290388,6.79E-09
2021/7/15,0.062290399,0.062290389,9.22E-09
2021/7/16,0.062290402,0.062290393,8.89E-09
2021/7/17,0.062290405,0.062290397,8.05E-09
2021/7/18,0.062290406,0.062290399,6.67E-09
2021/7/19,0.06229041,0.0622904,1.00E-08
2021/7/20,0.062290415,0.062290404,1.17E-08
2021/7/21,0.062290415,0.062290409,6.46E-09
2021/7/22,0.062290419,0.062290409,1.08E-08
2021/7/23,0.062290428,0.062290412,1.54E-08
2021/7/24,0.062290431,0.062290421,1.01E-08
2021/7/25,0.062290435,0.062290423,1.21E-08
2021/7/26,0.062290437,0.062290427,1.05E-08
2021/7/27,0.062290442,0.062290429,1.35E-08
2021/7/28,0.062290448,0.062290434,1.43E-08
2021/7/29,0.062290451,0.062290439,1.20E-08
2021/7/30,0.062290456,0.062290442,1.38E-08
2021/7/31,0.06229046,0.062290446,1.38E-08
2021/8/1,0.062290462,0.06229045,1.29E-08
2021/8/2,0.062290464,0.062290452,1.16E-08
2021/8/3,0.062290467,0.062290453,1.34E-08
2021/8/4,0.062290471,0.062290456,1.45E-08
2021/8/5,0.062290473,0.06229046,1.30E-08
2021/8/6,0.062290476,0.062290462,1.41E-08
2021/8/7,0.062290479,0.062290464,1.42E-08
2021/8/8,0.062290484,0.062290467,1.72E-08
2021/8/9,0.062290488,0.062290473,1.59E-08
2021/8/10,0.06229049,0.062290476,1.40E-08
2021/8/11,0.062290349,0.062290478,-1.28E-07
2021/8/12,0.062290349,0.062290341,7.73E-09
2021/8/13,0.062290356,0.062290344,1.14E-08
2021/8/14,0.062290358,0.062290359,-9.35E-10
2021/8/15,0.06229036,0.06229036,6.70E-10
2021/8/16,0.062290364,0.062290357,6.16E-09
2021/8/17,0.062290366,0.062290361,5.22E-09
2021/8/18,0.06229037,0.062290364,6.23E-09
2021/8/19,0.062290371,0.062290367,4.37E-09
2021/8/20,0.062290375,0.062290368,6.70E-09
2021/8/21,0.062290379,0.062290371,7.59E-09
2021/8/22,0.062290382,0.062290375,6.46E-09
2021/8/23,0.062290387,0.062290378,8.72E-09
2021/8/24,0.062290392,0.062290382,9.53E-09
2021/8/25,0.062290392,0.062290387,5.35E-09
2021/8/26,0.062290397,0.062290388,9.94E-09
2021/8/27,0.062290404,0.062290392,1.22E-08
2021/8/28,0.062290411,0.062290399,1.19E-08
2021/8/29,0.062290416,0.062290405,1.12E-08
2021/8/30,0.062290418,0.062290409,9.01E-09
2021/8/31,0.06229042,0.062290411,8.67E-09
2021/9/1,0.062290424,0.062290413,1.09E-08
2021/9/2,0.062290425,0.062290417,8.60E-09
2021/9/3,0.062290428,0.062290418,9.77E-09
2021/9/4,0.062290434,0.06229042,1.36E-08
2021/9/5,0.062290437,0.062290426,1.11E-08
2021/9/6,0.062290439,0.062290429,9.79E-09
2021/9/7,0.062290444,0.06229043,1.39E-08
2021/9/8,0.062290449,0.062290435,1.42E-08
2021/9/9,0.062290178,0.06229044,-2.62E-07
2021/9/10,0.062290183,0.062290177,5.20E-09
2021/9/11,0.062290188,0.062290188,2.22E-10
2021/9/12,0.062290193,0.062290209,-1.64E-08
2021/9/13,0.062290196,0.06229021,-1.48E-08
2021/9/14,0.062290199,0.062290205,-6.34E-09
2021/9/15,0.062290202,0.062290209,-6.54E-09
2021/9/16,0.062290206,0.062290213,-6.77E-09
2021/9/17,0.062290209,0.062290216,-6.72E-09
2021/9/18,0.062290211,0.062290219,-7.50E-09
2021/9/19,0.062290215,0.06229022,-5.80E-09
2021/9/20,0.06229022,0.062290224,-3.85E-09
2021/9/21,0.062290223,0.062290229,-5.97E-09
2021/9/22,0.062290229,0.062290231,-2.40E-09
2021/9/23,0.062290236,0.062290237,-9.93E-10
2021/9/24,0.062290238,0.062290243,-4.90E-09
2021/9/25,0.062290243,0.062290245,-2.06E-09
2021/9/26,0.062290249,0.06229025,-6.71E-10
2021/9/27,0.062290256,0.062290256,-2.76E-10
2021/9/28,0.062290261,0.062290262,-8.70E-10
2021/9/29,0.062290264,0.062290266,-2.58E-09
2021/9/30,0.062290267,0.062290269,-1.56E-09
2021/10/1,0.062290273,0.062290272,1.40E-09
2021/10/2,0.062290279,0.062290278,1.51E-09
2021/10/3,0.062290283,0.062290284,-6.76E-10
2021/10/4,0.062290287,0.062290287,6.49E-10
2021/10/5,0.062290293,0.06229029,2.84E-09
2021/10/6,0.062290299,0.062290296,2.31E-09
2021/10/7,0.062290304,0.062290301,2.49E-09
2021/10/8,0.062290311,0.062290306,5.46E-09
2021/10/9,0.062290317,0.062290313,4.12E-09
2021/10/10,0.062290323,0.062290318,4.77E-09
2021/10/11,0.062290328,0.062290323,4.72E-09
2021/10/12,0.062290335,0.062290328,6.18E-09
2021/10/13,0.062290341,0.062290334,7.10E-09
2021/10/14,0.062290345,0.062290341,4.43E-09
2021/10/15,0.062290349,0.062290344,5.33E-09
2021/10/16,0.062290354,0.062290348,6.45E-09
2021/10/17,0.062290361,0.062290352,8.62E-09
2021/10/18,0.062290365,0.062290359,6.31E-09
2021/10/19,0.06229037,0.062290362,7.78E-09
2021/10/20,0.062290376,0.062290367,9.32E-09
2021/10/21,0.062290383,0.062290373,9.95E-09
2021/10/22,0.062290388,0.062290379,8.85E-09
2021/10/23,0.062290392,0.062290383,9.09E-09
2021/10/24,0.062290398,0.062290387,1.05E-08
2021/10/25,0.062290406,0.062290393,1.38E-08
2021/10/26,0.062290412,0.062290401,1.10E-08
2021/10/27,0.062290416,0.062290406,1.03E-08
2021/10/28,0.062290426,0.062290409,1.68E-08
2021/10/29,0.062290431,0.062290419,1.23E-08
2021/10/30,0.062290441,0.062290423,1.75E-08
2021/10/31,0.062290448,0.062290432,1.55E-08
2021/11/1,0.062290452,0.062290439,1.29E-08
2021/11/2,0.062290458,0.062290442,1.60E-08
2021/11/3,0.062290473,0.062290448,2.45E-08
2021/11/4,0.06229048,0.062290462,1.78E-08
2021/11/5,0.062290256,0.062290468,-2.13E-07
2021/11/6,0.062290257,0.062290251,6.38E-09
2021/11/7,0.062290261,0.062290257,4.21E-09
2021/11/8,0.062290277,0.062290275,1.65E-09
2021/11/9,0.062290284,0.062290287,-3.58E-09
2021/11/10,0.06229029,0.062290287,2.92E-09
2021/11/11,0.062290297,0.062290293,3.91E-09
2021/11/12,0.062290301,0.0622903,1.70E-09
2021/11/13,0.062290306,0.062290304,2.55E-09
2021/11/14,0.06229031,0.062290308,2.22E-09
2021/11/15,0.062290315,0.062290312,3.36E-09
2021/11/16,0.062290322,0.062290316,5.61E-09
2021/11/17,0.062290327,0.062290323,3.88E-09
2021/11/18,0.062290331,0.062290327,4.38E-09
2021/11/19,0.062290336,0.062290331,5.19E-09
2021/11/20,0.062290344,0.062290336,8.29E-09
2021/11/21,0.06229035,0.062290343,6.74E-09
2021/11/22,0.062290357,0.062290349,8.38E-09
2021/11/23,0.062290362,0.062290355,6.78E-09
2021/11/24,0.062290368,0.062290359,9.07E-09
2021/11/25,0.062290374,0.062290366,8.12E-09
2021/11/26,0.062290379,0.06229037,8.76E-09
2021/11/27,0.062290384,0.062290375,8.54E-09
2021/11/28,0.06229039,0.06229038,1.05E-08
2021/11/29,0.062290396,0.062290386,1.03E-08
2021/11/30,0.062290403,0.062290391,1.20E-08
2021/12/1,0.062290784,0.062290397,3.86E-07
2021/12/2,0.062290792,0.062290766,2.66E-08
2021/12/3,0.062290798,0.062290765,3.28E-08
2021/12/4,0.062290065,0.062290748,-6.83E-07
2021/12/5,0.062290067,0.062290043,2.43E-08
2021/12/6,0.062290073,0.062290072,1.73E-09
2021/12/7,0.062290084,0.062290121,-3.68E-08
2021/12/8,0.062290457,0.062290121,3.36E-07
2021/12/9,0.062290461,0.062290461,1.34E-10
2021/12/10,0.062290468,0.06229046,8.56E-09
2021/12/11,0.062290471,0.062290445,2.52E-08
2021/12/12,0.062290473,0.062290451,2.23E-08
2021/12/13,0.062290478,0.062290463,1.51E-08
2021/12/14,0.062290483,0.062290467,1.61E-08
2021/12/15,0.062290487,0.062290471,1.60E-08
2021/12/16,0.062290177,0.062290474,-2.97E-07
2021/12/17,0.062290189,0.062290175,1.47E-08
2021/12/18,0.062290197,0.062290193,3.19E-09
2021/12/19,0.062290197,0.062290219,-2.19E-08
2021/12/20,0.062290209,0.062290215,-6.08E-09
2021/12/21,0.062290218,0.062290217,1.55E-09
2021/12/22,0.062290226,0.062290228,-1.75E-09
2021/12/23,0.062290236,0.062290235,6.27E-10
2021/12/24,0.062290245,0.062290243,1.70E-09
2021/12/25,0.062290254,0.062290252,2.27E-09
2021/12/26,0.062290264,0.06229026,3.89E-09
2021/12/27,0.062290269,0.062290269,-2.92E-10
2021/12/28,0.062290279,0.062290274,5.83E-09
2021/12/29,0.062290287,0.062290283,3.96E-09
2021/12/30,0.062290295,0.062290291,3.82E-09
2021/12/31,0.0622903,0.062290297,2.57E-09
2022/1/1,0.062290306,0.062290302,4.10E-09
2022/1/2,0.062290316,0.062290308,7.69E-09
2022/1/3,0.062290321,0.062290317,3.81E-09
2022/1/4,0.062290326,0.062290322,4.27E-09
2022/1/5,0.062290334,0.062290326,7.30E-09
2022/1/6,0.062290339,0.062290333,5.80E-09
2022/1/7,0.062290343,0.062290339,4.76E-09
2022/1/8,0.062290097,0.062290342,-2.46E-07
2022/1/9,0.062290098,0.062290103,-5.87E-09
2022/1/10,0.0622901,0.06229011,-9.63E-09
2022/1/11,0.062290112,0.062290127,-1.53E-08
2022/1/12,0.062290116,0.062290136,-1.94E-08
2022/1/13,0.06229012,0.062290132,-1.24E-08
2022/1/14,0.062290127,0.062290136,-9.32E-09
2022/1/15,0.062290135,0.062290143,-7.84E-09
2022/1/16,0.062290145,0.062290151,-6.14E-09
2022/1/17,0.062290155,0.062290159,-4.87E-09
2022/1/18,0.062290162,0.062290168,-6.72E-09
2022/1/19,0.062290169,0.062290175,-5.38E-09
2022/1/20,0.062290268,0.062290182,8.62E-08
2022/1/21,0.062290272,0.062290277,-5.03E-09
2022/1/22,0.062290287,0.062290279,7.98E-09
2022/1/23,0.062290279,0.062290287,-7.49E-09
2022/1/24,0.062290285,0.062290281,4.25E-09
2022/1/25,0.062290291,0.062290288,2.61E-09
2022/1/26,0.062290298,0.062290294,3.47E-09
2022/1/27,0.062290302,0.062290301,1.63E-09
2022/1/28,0.062290309,0.062290304,4.24E-09
2022/1/29,0.062290315,0.06229031,4.77E-09
2022/1/30,0.062290323,0.062290316,6.58E-09
2022/1/31,0.062290331,0.062290324,7.63E-09
2022/2/1,0.062290345,0.062290331,1.40E-08
2022/2/2,0.062290348,0.062290345,3.57E-09
2022/2/3,0.062290357,0.062290347,1.00E-08
2022/2/4,0.062290369,0.062290354,1.48E-08
2022/2/5,0.062290381,0.062290367,1.46E-08
2022/2/6,0.062290391,0.062290378,1.36E-08
2022/2/7,0.062290397,0.062290387,1.03E-08
2022/2/8,0.062290403,0.062290391,1.13E-08
2022/2/9,0.062290412,0.062290397,1.49E-08
2022/2/10,0.062290418,0.062290406,1.21E-08
2022/2/11,0.062290432,0.062290411,2.06E-08
2022/2/12,0.06229044,0.062290424,1.56E-08
2022/2/13,0.062290448,0.062290431,1.72E-08
2022/2/14,0.062290459,0.062290439,1.94E-08
2022/2/15,0.062290466,0.062290449,1.70E-08
2022/2/16,0.062290472,0.062290455,1.71E-08
2022/2/17,0.062290482,0.062290461,2.08E-08
2022/2/18,0.06229049,0.06229047,1.98E-08
2022/2/19,0.062290497,0.062290478,1.95E-08
2022/2/20,0.062290505,0.062290484,2.05E-08
2022/2/21,0.062290512,0.062290491,2.11E-08
2022/2/22,0.06229052,0.062290498,2.19E-08
2022/2/23,0.062290525,0.062290505,1.93E-08
2022/2/24,0.062290339,0.06229051,-1.70E-07
2022/2/25,0.062290345,0.06229033,1.47E-08
2022/2/26,0.062290353,0.062290339,1.38E-08
2022/2/27,0.062290356,0.062290358,-2.96E-09
2022/2/28,0.062290367,0.062290358,9.20E-09
2022/3/1,0.062290374,0.062290364,9.64E-09
2022/3/2,0.062290378,0.062290371,7.32E-09
2022/3/3,0.062290386,0.062290374,1.11E-08
2022/3/4,0.062290395,0.062290381,1.38E-08
2022/3/5,0.062290404,0.06229039,1.33E-08
2022/3/6,0.062290418,0.062290398,1.97E-08
2022/3/7,0.062290424,0.062290411,1.25E-08
2022/3/8,0.062290434,0.062290417,1.74E-08
2022/3/9,0.062290441,0.062290426,1.50E-08
2022/3/10,0.062290448,0.062290432,1.54E-08
2022/3/11,0.062290457,0.062290438,1.90E-08
2022/3/12,0.062290467,0.062290448,1.93E-08
2022/3/13,0.062290478,0.062290456,2.19E-08
2022/3/14,0.062290125,0.062290467,-3.42E-07
2022/3/15,0.062290119,0.062290124,-5.83E-09
2022/3/16,0.062290124,0.062290126,-1.54E-09
2022/3/17,0.062290138,0.062290153,-1.56E-08
2022/3/18,0.062290154,0.062290162,-8.64E-09
2022/3/19,0.062290165,0.062290167,-2.11E-09
2022/3/20,0.062290174,0.062290178,-4.14E-09
2022/3/21,0.062290178,0.062290187,-9.09E-09
2022/3/22,0.062290185,0.062290189,-4.58E-09
2022/3/23,0.062290191,0.062290196,-4.84E-09
2022/3/24,0.062290202,0.062290202,6.08E-11
2022/3/25,0.062290209,0.062290212,-2.80E-09
2022/3/26,0.062290218,0.062290219,-1.33E-09
2022/3/27,0.062290225,0.062290226,-1.22E-09
2022/3/28,0.062290239,0.062290233,5.10E-09
2022/3/29,0.062290249,0.062290246,2.56E-09
2022/3/30,0.062290257,0.062290255,2.06E-09
2022/3/31,0.062290275,0.062290263,1.18E-08
2022/4/1,0.062290292,0.062290279,1.28E-08
2022/4/2,0.062290309,0.062290296,1.38E-08
2022/4/3,0.062290328,0.062290311,1.61E-08
2022/4/4,0.062290343,0.062290328,1.47E-08
2022/4/5,0.062290363,0.062290342,2.09E-08
2022/4/6,0.062290374,0.06229036,1.40E-08
2022/4/7,0.062290386,0.062290371,1.51E-08
2022/4/8,0.062290402,0.062290381,2.01E-08
2022/4/9,0.062290414,0.062290396,1.83E-08
2022/4/10,0.062290425,0.062290408,1.69E-08
2022/4/11,0.062290439,0.062290418,2.11E-08
2022/4/12,0.062290455,0.06229043,2.42E-08
2022/4/13,0.062290467,0.062290445,2.13E-08
2022/4/14,0.062290099,0.062290456,-3.57E-07
2022/4/15,0.062290112,0.0622901,1.20E-08
2022/4/16,0.062290124,0.06229012,4.42E-09
2022/4/17,0.062290138,0.062290155,-1.70E-08
2022/4/18,0.06229015,0.062290162,-1.21E-08
2022/4/19,0.062290162,0.062290163,-4.49E-10
2022/4/20,0.062290175,0.062290175,-4.64E-10
2022/4/21,0.062290188,0.062290188,1.08E-10
2022/4/22,0.062290202,0.062290199,2.05E-09
2022/4/23,0.062290215,0.062290212,3.84E-09
2022/4/24,0.062290228,0.062290225,3.69E-09
2022/4/25,0.062290239,0.062290236,2.27E-09
2022/4/26,0.062290252,0.062290246,6.40E-09
2022/4/27,0.062290271,0.062290258,1.24E-08
2022/4/28,0.062290295,0.062290276,1.95E-08
2022/4/29,0.062290309,0.062290299,1.04E-08
2022/4/30,0.062290323,0.062290311,1.18E-08
2022/5/1,0.062290339,0.062290323,1.63E-08
2022/5/2,0.062290357,0.062290339,1.81E-08
2022/5/3,0.062290367,0.062290355,1.16E-08
2022/5/4,0.062290384,0.062290364,2.06E-08
2022/5/5,0.062290397,0.06229038,1.65E-08
2022/5/6,0.062290419,0.062290392,2.76E-08
2022/5/7,0.062290429,0.062290413,1.64E-08
2022/5/8,0.062290434,0.062290422,1.22E-08
2022/5/9,0.06229044,0.062290425,1.50E-08
2022/5/10,0.062290451,0.062290431,1.96E-08
2022/5/11,0.06229046,0.062290441,1.85E-08
2022/5/12,0.062290475,0.06229045,2.49E-08
2022/5/13,0.06229049,0.062290464,2.57E-08
2022/5/14,0.062290501,0.062290478,2.33E-08
2022/5/15,0.062290517,0.062290488,2.87E-08
2022/5/16,0.062290534,0.062290502,3.14E-08
2022/5/17,0.062290553,0.062290518,3.49E-08
2022/5/18,0.062290574,0.062290536,3.82E-08
2022/5/19,0.062290191,0.062290556,-3.64E-07
2022/5/20,0.062290197,0.062290184,1.24E-08
2022/5/21,0.062290213,0.062290197,1.57E-08
2022/5/22,0.062290239,0.062290237,2.62E-09
2022/5/23,0.062290255,0.062290257,-2.48E-09
2022/5/24,0.062290271,0.062290259,1.21E-08
2022/5/25,0.062290289,0.062290276,1.34E-08
2022/5/26,0.062290302,0.062290293,8.18E-09
2022/5/27,0.062290314,0.062290304,1.03E-08
2022/5/28,0.062290331,0.062290315,1.60E-08
2022/5/29,0.06229034,0.062290331,8.47E-09
2022/5/30,0.062290352,0.062290339,1.28E-08
2022/5/31,0.062290362,0.06229035,1.18E-08
2022/6/1,0.062290373,0.06229036,1.40E-08
2022/6/2,0.062290383,0.06229037,1.26E-08
2022/6/3,0.062290393,0.062290379,1.40E-08
2022/6/4,0.062290402,0.062290388,1.42E-08
2022/6/5,0.062290409,0.062290397,1.23E-08
2022/6/6,0.062290417,0.062290403,1.42E-08
2022/6/7,0.062290425,0.06229041,1.53E-08
2022/6/8,0.062290433,0.062290418,1.46E-08
2022/6/9,0.062290442,0.062290425,1.76E-08
2022/6/10,0.062290449,0.062290434,1.54E-08
2022/6/11,0.06229046,0.06229044,1.99E-08
2022/6/12,0.062290469,0.06229045,1.86E-08
2022/6/13,0.062290482,0.062290458,2.39E-08
2022/6/14,0.062290497,0.06229047,2.66E-08
2022/6/15,0.062290247,0.062290484,-2.37E-07
2022/6/16,0.062290255,0.062290242,1.28E-08
2022/6/17,0.062290267,0.062290254,1.28E-08
2022/6/18,0.062290279,0.062290281,-2.51E-09
2022/6/19,0.062290291,0.06229029,1.54E-09
2022/6/20,0.062290297,0.062290293,4.04E-09
2022/6/21,0.062290309,0.0622903,9.61E-09
2022/6/22,0.06229032,0.062290312,8.79E-09
2022/6/23,0.06229033,0.062290322,8.10E-09
2022/6/24,0.062290338,0.06229033,8.56E-09
2022/6/25,0.062290345,0.062290338,7.67E-09
2022/6/26,0.062290359,0.062290344,1.46E-08
2022/6/27,0.062290364,0.062290357,7.47E-09
2022/6/28,0.062290371,0.062290362,9.05E-09
2022/6/29,0.06229038,0.062290367,1.28E-08
2022/6/30,0.062290385,0.062290376,9.05E-09
2022/7/1,0.062290395,0.062290381,1.37E-08
2022/7/2,0.062290404,0.06229039,1.44E-08
2022/7/3,0.06229041,0.062290399,1.16E-08
2022/7/4,0.062290421,0.062290404,1.67E-08
2022/7/5,0.062290425,0.062290414,1.09E-08
2022/7/6,0.062290433,0.062290417,1.52E-08
2022/7/7,0.062290439,0.062290425,1.48E-08
2022/7/8,0.062290449,0.062290431,1.76E-08
2022/7/9,0.062290457,0.06229044,1.71E-08
2022/7/10,0.062290467,0.062290447,2.04E-08
2022/7/11,0.062290477,0.062290457,2.03E-08
2022/7/12,0.062290494,0.062290466,2.79E-08
2022/7/13,0.062290501,0.062290482,1.99E-08
2022/7/14,0.062290509,0.062290488,2.07E-08
2022/7/15,0.06229052,0.062290495,2.55E-08
2022/7/16,0.062290533,0.062290506,2.71E-08
2022/7/17,0.062290543,0.062290517,2.61E-08
2022/7/18,0.062290556,0.062290527,2.88E-08
2022/7/19,0.062290567,0.062290538,2.86E-08
2022/7/20,0.062290586,0.062290549,3.70E-08
2022/7/21,0.062290591,0.062290566,2.47E-08
2022/7/22,0.062290316,0.06229057,-2.54E-07
2022/7/23,0.062290323,0.062290304,1.89E-08
2022/7/24,0.062290327,0.062290317,1.01E-08
2022/7/25,0.062290335,0.062290338,-2.50E-09
2022/7/26,0.06229034,0.062290342,-1.21E-09
2022/7/27,0.062290346,0.062290339,6.99E-09
2022/7/28,0.062290353,0.062290344,8.77E-09
2022/7/29,0.06229036,0.062290352,7.89E-09
2022/7/30,0.062290367,0.062290358,8.62E-09
2022/7/31,0.062290372,0.062290364,8.05E-09
2022/8/1,0.062290378,0.062290369,9.34E-09
2022/8/2,0.062290385,0.062290374,1.10E-08
2022/8/3,0.06229039,0.062290381,9.27E-09
2022/8/4,0.062290396,0.062290386,9.97E-09
2022/8/5,0.062290403,0.062290391,1.23E-08
2022/8/6,0.062290408,0.062290397,1.08E-08
2022/8/7,0.062290414,0.062290402,1.23E-08
2022/8/8,0.062290427,0.062290408,1.91E-08
2022/8/9,0.062290432,0.06229042,1.24E-08
2022/8/10,0.062290439,0.062290424,1.47E-08
2022/8/11,0.06229045,0.06229043,1.94E-08
2022/8/12,0.062290456,0.062290441,1.51E-08
2022/8/13,0.062290466,0.062290446,1.95E-08
2022/8/14,0.062290476,0.062290455,2.04E-08
2022/8/15,0.062290483,0.062290465,1.87E-08
2022/8/16,0.062290495,0.062290471,2.36E-08
2022/8/17,0.062290504,0.062290482,2.19E-08
2022/8/18,0.062290515,0.062290491,2.44E-08
2022/8/19,0.062290522,0.062290501,2.08E-08
2022/8/20,0.062290526,0.062290507,1.94E-08
2022/8/21,0.062290533,0.062290511,2.28E-08
2022/8/22,0.06229054,0.062290518,2.21E-08
2022/8/23,0.062290543,0.062290523,1.96E-08
2022/8/24,0.062290548,0.062290526,2.20E-08
2022/8/25,0.062290555,0.062290531,2.33E-08
2022/8/26,0.062290102,0.062290537,-4.35E-07
2022/8/27,0.062290113,0.062290099,1.39E-08
2022/8/28,0.06229012,0.062290119,9.76E-10
2022/8/29,0.062290123,0.062290154,-3.09E-08
2022/8/30,0.062290128,0.06229015,-2.24E-08
2022/8/31,0.062290137,0.062290142,-4.56E-09
2022/9/1,0.062290141,0.062290153,-1.13E-08
2022/9/2,0.062290148,0.062290157,-8.97E-09
2022/9/3,0.062290159,0.062290162,-3.20E-09
2022/9/4,0.062290162,0.062290173,-1.05E-08
2022/9/5,0.062290176,0.062290175,8.07E-10
2022/9/6,0.062290185,0.062290188,-3.08E-09
2022/9/7,0.062290191,0.062290197,-5.81E-09
2022/9/8,0.062290203,0.062290202,1.08E-09
2022/9/9,0.062290214,0.062290213,1.18E-09
2022/9/10,0.062290222,0.062290223,-1.89E-09
2022/9/11,0.062290235,0.06229023,4.47E-09
2022/9/12,0.062290247,0.062290242,5.27E-09
2022/9/13,0.062290261,0.062290254,7.12E-09
2022/9/14,0.062290274,0.062290267,7.48E-09
2022/9/15,0.062290289,0.062290279,1.04E-08
2022/9/16,0.062290297,0.062290293,3.93E-09
2022/9/17,0.062290303,0.062290299,4.16E-09
2022/9/18,0.062290313,0.062290305,7.73E-09
2022/9/19,0.062290323,0.062290314,8.51E-09
2022/9/20,0.062290332,0.062290323,8.37E-09
2022/9/21,0.062290341,0.062290332,9.18E-09
2022/9/22,0.06229035,0.06229034,9.91E-09
2022/9/23,0.062290361,0.062290349,1.22E-08
2022/9/24,0.062290368,0.062290359,9.67E-09
2022/9/25,0.062290382,0.062290365,1.62E-08
2022/9/26,0.06229039,0.062290378,1.18E-08
2022/9/27,0.062290399,0.062290385,1.38E-08
2022/9/28,0.062290414,0.062290394,2.04E-08
2022/9/29,0.062290425,0.062290408,1.75E-08
