day_time,actual,pred,actual_orig,pred_orig,residual
2016-03-07,-2.5910823560348906,-2.5927386,0.0622900715732621,0.06229007,0.001656272352560606
2016-03-08,-2.6011320890251266,-2.5681174,0.0622900705682888,0.062290072,-0.03301470888291469
2016-03-09,-1.6846820590638023,-1.6628361,0.0622901622132918,0.06229016,-0.021845984234700744
2016-03-10,-1.6846820590638023,-1.6628361,0.0622901622132918,0.06229016,-0.021845984234700744
2016-03-11,-1.3943306740454853,-1.4018874,0.0622901912484303,0.062290188,0.007556742794114335
2016-03-12,-0.9130209660535016,-0.9469316,0.0622902393794011,0.062290236,0.03391063451717713
2016-03-13,-0.7562327770244126,-0.7854754,0.06229025505822,0.06229025,0.029242596243714836
2016-03-14,-0.6412417140333471,-0.6498769,0.0622902665573263,0.062290266,0.008635178533333843
2016-03-15,-0.3045821640040858,-0.3228215,0.0622903002232813,0.062290296,0.018239333913089517
2016-03-16,0.02951942093543103,-0.024947485,0.0622903336334398,0.062290326,0.05446690589062264
2016-03-17,0.5917742689626193,0.57225734,0.0622903898589246,0.062290385,0.01951692900824309
2016-03-18,0.7722318539488127,0.72165436,0.0622904079046831,0.0622904,0.050577498422842204
2016-03-19,0.8573276489426407,0.85485715,0.0622904164142626,0.062290415,0.0024705022026809687
2016-03-20,0.8964708759356954,0.9067066,0.0622904203285853,0.06229042,-0.010235695643284082
2016-03-21,0.9626300999376891,0.9639915,0.0622904269445077,0.062290426,-0.001361422851312355
2016-03-22,0.9509785369593571,0.93129474,0.0622904257793514,0.062290423,0.01968379771298867
2016-03-23,0.877790691938829,0.8718564,0.0622904184605669,0.062290415,0.005934300508927848
2016-03-24,0.7021769119625043,0.6969177,0.0622904008991889,0.0622904,0.005259199274058268
2016-03-25,0.5439671380003119,0.5476096,0.0622903850782115,0.062290385,-0.0036424892465447556
2016-03-26,0.33987879795305265,0.3778935,0.0622903646693775,0.062290367,-0.03801470952756869
2016-03-27,0.18465431995962067,0.21360983,0.0622903491469297,0.06229035,-0.028955509585400385
2016-03-28,0.05826807099318376,0.073545516,0.0622903365083048,0.062290337,-0.0152774445440782
2016-03-29,-0.037531912022714664,-0.026298089,0.0622903269283065,0.062290326,-0.011233823069815685
2016-03-30,-0.12765205406606306,-0.11580757,0.0622903179162923,0.06229032,-0.011844483548999918
2016-03-31,-0.16734147401109567,-0.15211228,0.0622903139473503,0.062290315,-0.0152291986490809
2016-04-01,-0.1643203180468067,-0.14423013,0.0622903142494659,0.062290315,-0.020090190712211964
2016-04-02,-0.11006777406175061,-0.106710136,0.0622903196747203,0.06229032,-0.003357638125013551
2016-04-03,0.0019711119542131783,-0.00985614,0.0622903308786089,0.06229033,0.011827252195240057
2016-04-04,0.08011137496433118,0.0634025,0.0622903386926352,0.062290337,0.016708878686045203
2016-04-05,0.13716818798858998,0.13361832,0.0622903443983165,0.062290344,0.003549862993549091
2016-04-06,0.17474493997637897,0.17166452,0.0622903481559917,0.062290348,0.003080418878242064
2016-04-07,0.22473842099801633,0.2354855,0.0622903531553398,0.06229035,-0.010747073138793972
2016-04-08,0.31012497396509797,0.30563632,0.0622903616939951,0.06229036,0.004488657427240916
2016-04-09,0.35574877293997886,0.34391385,0.062290366256375,0.062290363,0.011834919771491315
2016-04-10,0.39569222197444187,0.3980156,0.0622903702507199,0.06229037,-0.0023233665475155263
2016-04-11,0.44910882797399854,0.43848136,0.0622903755923805,0.062290374,0.010627467300094118
2016-04-12,0.507221602982777,0.50699323,0.062290381403658,0.06229038,0.0002283688252147087
2016-04-13,0.5607104849869593,0.5598285,0.0622903867525462,0.062290385,0.0008819651657923089
2016-04-14,0.6144544769520754,0.605406,0.0622903921269454,0.06229039,0.009048490643023932
2016-04-15,0.7738657899908352,0.76232666,0.0622904080680767,0.062290404,0.011539132218771009
2016-04-16,0.9359707079520385,0.9141298,0.0622904242785685,0.062290423,0.0218409143080871
2016-04-17,1.1126061139760113,1.1399107,0.0622904419421091,0.062290445,-0.02730458396100044
2016-04-18,1.2576719539414416,1.2456154,0.0622904564486931,0.062290452,0.012056590820408886
2016-04-19,1.4044867289314533,1.3728055,0.0622904711301706,0.062290467,0.03168125274279365
2016-04-20,1.6005591829681975,1.5945584,0.062290490737416,0.06229049,0.006000824775753699
2016-04-21,1.5627605859380722,1.5400951,0.0622904869575563,0.062290482,0.022665495071983344
2016-04-22,1.3882724139713254,1.3681288,0.0622904695087391,0.062290467,0.020143637421032423
2016-04-23,1.0582343149684315,1.0717963,0.0622904365049292,0.062290438,-0.013561983058607119
2016-04-24,0.6338168279801382,0.6352538,0.0622903940631805,0.062290393,-0.0014369590605722848
2016-04-25,0.18179819698260768,0.1696448,0.0622903488613174,0.062290348,0.012153394173846088
2016-04-26,-0.21542019001952184,-0.22227164,0.0622903091394787,0.062290307,0.006851446108903758
2016-04-27,-0.651016352007372,-0.63150513,0.0622902655798625,0.062290266,-0.019511220285875375
2016-04-28,-1.683918730011058,-1.6895045,0.0622901622896247,0.06229016,0.005585774192738313
2016-04-29,-1.6974239600009433,-1.6805118,0.0622901609391017,0.06229016,-0.016912127763699658
2016-04-30,-1.3394980890452102,-1.355932,0.0622901967316888,0.062290195,0.016433908253984164
2016-05-01,-1.2035376710517465,-1.2230014,0.0622902103277306,0.062290207,0.01946368984150304
2016-05-02,-1.276508082015404,-1.2777419,0.0622902030306895,0.062290203,0.0012338270116956096
2016-05-03,-1.6717232550339522,-1.6278915,0.0622901635091722,0.062290166,-0.0438317145066085
2016-05-04,-1.3260312350243941,-1.3155402,0.0622901980783742,0.0622902,-0.010491040512980554
2016-05-05,-1.0002541410425447,-1.040232,0.0622902306560836,0.062290225,0.03997780208794843
2016-05-06,-1.0775932260398413,-1.0821314,0.0622902229221751,0.06229022,0.004538159763381344
2016-05-07,-1.0403426410621197,-1.017491,0.0622902266472336,0.06229023,-0.022851658052781332
2016-05-08,-0.7601127070128166,-0.800263,0.062290254670227,0.06229025,0.04015028060086134
2016-05-09,-0.7798062180014442,-0.81118155,0.0622902527008759,0.062290248,0.03137532725612413
2016-05-10,-0.8634052290484862,-0.8525483,0.0622902443409748,0.062290244,-0.01085692782854597
2016-05-11,-0.6862977210142507,-0.6866971,0.0622902620517256,0.062290262,0.00039940442062480486
2016-05-12,-0.5409419840535223,-0.55252236,0.0622902765872993,0.062290274,0.011580377225011595
2016-05-13,-0.2594420910051465,-0.29997897,0.0622903047372886,0.0622903,0.04053688047617676
2016-05-14,-0.6259612350678623,-0.6076025,0.0622902680853742,0.06229027,-0.018358757994192842
2016-05-15,-0.594684836027759,-0.5328041,0.0622902712130141,0.062290277,-0.06188076412453025
2016-05-16,-0.594684836027759,-0.6057005,0.0622902712130141,0.06229027,0.011015656831127707
2016-05-17,-0.3920529060424949,-0.41864017,0.0622902914762071,0.06229029,0.026587260478577512
2016-05-18,-0.35134878700882055,-0.36567375,0.062290295546619,0.062290292,0.01432496363014124
2016-05-19,-0.1804315230558018,-0.19131583,0.0622903126383454,0.06229031,0.010884306698073942
2016-05-20,0.0989890659719439,0.0770868,0.0622903405804043,0.062290337,0.021902267125222252
2016-05-21,0.1960278239732105,0.17804626,0.0622903502842801,0.062290348,0.01798156766942327
2016-05-22,-0.3478532470402307,-0.30044731,0.062290295896173,0.0622903,-0.04740593206258481
2016-05-23,0.10958585199005721,0.13308963,0.0622903416400829,0.062290344,-0.023503779805825964
2016-05-24,0.5886557949419391,0.50634974,0.0622903895470772,0.06229038,0.08230605252937195
2016-05-25,0.45837698796347137,0.4266887,0.0622903765191965,0.06229037,0.03168828704908844
2016-05-26,0.11811566995312273,0.1485104,0.0622903424930647,0.062290344,-0.030394726527437577
2016-05-27,0.4431995999365501,0.44551685,0.0622903750014577,0.062290374,-0.002317254588062312
2016-05-28,0.7199324979917376,0.6620522,0.0622904026747475,0.062290397,0.05788028384607724
2016-05-29,0.5792352039679649,0.5646227,0.0622903886050181,0.062290385,0.01461250375357892
2016-05-30,0.29136197794710217,0.32472137,0.0622903598176955,0.062290363,-0.03335938821996631
2016-05-31,0.6336316679678156,0.6348478,0.0622903940446645,0.062290393,-0.0012161518373297042
2016-06-01,1.0006635669385089,0.98438936,0.0622904307478544,0.062290426,0.016274202219118017
2016-06-02,0.5849143069891483,0.58308494,0.0622903891729284,0.06229039,0.0018293660788089028
2016-06-03,-0.24294598804930345,-0.24113709,0.0622903063868989,0.062290307,-0.0018089007041801608
2016-06-04,-1.1341953240484592,-1.0705898,0.0622902172619653,0.06229022,-0.06360554324096412
2016-06-05,-1.3310011550554668,-1.3357689,0.0622901975813822,0.062290195,0.004767783009108406
2016-06-06,-1.5322089220309865,-1.5262489,0.0622901774606055,0.062290177,-0.005959990146220839
2016-06-07,-1.5264901530309682,-1.5159328,0.0622901780324824,0.062290177,-0.010557354645348127
2016-06-08,-1.010352847011231,-1.0176754,0.062290229646213,0.06229023,0.0073225527690423675
2016-06-09,-0.9219071180066596,-0.93472165,0.0622902384907859,0.062290236,0.01281453068642513
2016-06-10,-1.1191496030599213,-1.0990523,0.0622902187665374,0.062290218,-0.020097293069992084
2016-06-11,-0.9441209640470571,-0.92653763,0.0622902362694013,0.062290236,-0.017583331104857436
2016-06-12,-0.587943431024085,-0.6136149,0.0622902718871546,0.06229027,0.025671485777367664
2016-06-13,-0.5801110030539958,-0.5775996,0.0622902726703974,0.06229027,-0.0025114179976908346
2016-06-14,-0.9647258530226521,-0.930547,0.0622902342089124,0.062290236,-0.03417885404499099
2016-06-15,-0.8401977560218432,-0.8212327,0.0622902466617221,0.062290248,-0.01896507951580073
2016-06-16,-0.611606329053993,-0.629156,0.0622902695208648,0.062290266,0.01754966440761585
2016-06-17,-0.8028432610385217,-0.7992628,0.0622902503971716,0.06229025,-0.0035804393641747367
2016-06-18,-0.8932195810079646,-0.8614479,0.0622902413595396,0.062290244,-0.031771710276610854
2016-06-19,-0.47637804700961794,-0.4801002,0.062290283043693,0.06229028,0.0037221674717358155
2016-06-20,-0.483403866033405,-0.48749137,0.0622902823411111,0.06229028,0.004087503214031507
2016-06-21,-0.6110261860370336,-0.5802913,0.0622902695788791,0.06229027,-0.030734914827316828
2016-06-22,-0.7496420520447522,-0.7240594,0.0622902557172925,0.06229026,-0.025582649102094734
2016-06-23,-0.3301068880051661,-0.35262787,0.0622902976708089,0.062290296,0.022520985415549255
2016-06-24,0.059755534964622825,-0.00897996,0.0622903366570512,0.06229033,0.06873549530935463
2016-06-25,-0.016708721004010663,-0.011810205,0.0622903290106256,0.06229033,-0.004898516058505997
2016-06-26,-0.29562269104888017,-0.25220823,0.0622903011192286,0.062290303,-0.0434144581692415
2016-06-27,-0.03054456403084327,-0.016038898,0.0622903276270413,0.06229033,-0.014505665652232658
2016-06-28,-0.036261920063895836,-0.045811143,0.0622903270553057,0.062290326,0.009549222708540306
2016-06-29,-0.02319221606428279,-0.006139123,0.0622903283622761,0.06229033,-0.017053093183287515
2016-06-30,-0.16581752103339564,-0.1532614,0.0622903140997456,0.062290315,-0.012556127724756116
2016-07-01,0.05480020895398674,0.058773752,0.0622903361615186,0.062290337,-0.003973543347944641
2016-07-02,0.10260865900002525,0.09573527,0.0622903409423636,0.06229034,0.006873392195330119
2016-07-03,-0.2259711120305985,-0.20183267,0.0622903080843865,0.06229031,-0.024138445037457323
2016-07-04,-0.16556389099975366,-0.14693205,0.0622903141251086,0.062290315,-0.018631840414006895
2016-07-05,0.1626883509853183,0.11524384,0.0622903469503328,0.06229034,0.047444513747960215
2016-07-06,0.20973420299108536,0.18142764,0.062290351654918,0.062290348,0.028306560288029026
2016-07-07,0.13057594894227975,0.14162418,0.0622903437390926,0.062290344,-0.01104823352041251
2016-07-08,0.31008590098413613,0.31212622,0.0622903616900878,0.06229036,-0.002040318288477394
2016-07-09,0.5025556519544505,0.47200555,0.0622903809370629,0.062290378,0.03055010586146345
2016-07-10,0.36575970398244895,0.37083912,0.0622903672574681,0.062290367,-0.005079414975070584
2016-07-11,0.26144154195717473,0.27759293,0.0622903568256519,0.062290356,-0.016151385260308793
2016-07-12,0.572726015987679,0.5592695,0.0622903879540993,0.062290385,0.013456528129860423
2016-07-13,0.6079686409865559,0.5821584,0.0622903914783618,0.06229039,0.02581025427924999
2016-07-14,0.7539069599854509,0.7363011,0.0622904060721937,0.062290404,0.017605835889534127
2016-07-15,0.8229433829526345,0.80449533,0.062290412975836,0.06229041,0.018448048327390332
2016-07-16,0.8474118419476984,0.8485856,0.0622904154226819,0.062290415,-0.0011737636736395274
2016-07-17,0.9050878789496064,0.90360063,0.0622904211902856,0.06229042,0.0014872458052277437
2016-07-18,0.9402255099488777,0.94230586,0.0622904247040487,0.062290423,-0.0020803529547173127
2016-07-19,0.9841018559775261,0.98348176,0.0622904290916833,0.062290426,0.0006200911841300893
2016-07-20,1.0467666089475358,1.0411856,0.0622904353581586,0.062290434,0.005580991500636401
2016-07-21,1.1094314999321453,1.1060004,0.0622904416246477,0.06229044,0.0034310765007488087
2016-07-22,-0.2047037370167537,-0.21099764,0.062290310211124,0.062290307,0.006293904069824663
2016-07-23,-0.22068840505040654,-0.2367883,0.0622903086126572,0.062290307,0.01609989760958186
2016-07-24,-0.20390243403445307,-0.23340884,0.0622903102912543,0.062290307,0.029506404476060233
2016-07-25,-0.12332292506633813,-0.13944507,0.0622903183492052,0.062290315,0.016122141385688238
2016-07-26,-0.08006594401366307,-0.072986685,0.0622903226749033,0.062290322,-0.0070792592740733795
2016-07-27,-0.04361758704218843,-0.05746055,0.062290326319739,0.062290322,0.01384296317663214
2016-07-28,-0.0023628640016815083,-0.0040812246,0.0622903304452113,0.06229033,0.0017183605553308112
2016-07-29,0.03277471898044393,0.028713241,0.0622903339589696,0.062290333,0.00406147776092336
2016-07-30,0.04500897494985612,0.051366515,0.0622903351823952,0.062290333,-0.00635754050777404
2016-07-31,0.07228150196436633,0.072343335,0.0622903379096479,0.062290337,-6.183259125958074e-05
2016-08-01,0.10872987295240666,0.11433667,0.062290341554485,0.06229034,-0.005606796492631183
2016-08-02,0.1624734989602583,0.16410321,0.0622903469288476,0.062290344,-0.0016297110121232805
2016-08-03,0.19062001498093561,0.17203863,0.0622903497434992,0.062290348,0.018581385329865974
2016-08-04,0.25503260295267616,0.25858083,0.062290356184758,0.062290356,-0.0035482307208010155
2016-08-05,0.2768073979753094,0.2746553,0.0622903583622375,0.062290356,0.002152085675581006
2016-08-06,0.3394722269955963,0.34817013,0.0622903646287204,0.062290363,-0.008697904449334715
2016-08-07,0.39558291593799755,0.39526865,0.0622903702397893,0.06229037,0.0003142670751588028
2016-08-08,0.43046582298700287,0.4241712,0.06229037372808,0.06229037,0.006294613651675718
2016-08-09,0.4717205529664037,0.47003248,0.062290377853553,0.062290378,0.001688069627094002
2016-08-10,0.5425049389579106,0.5355292,0.0622903849319916,0.06229038,0.006975742695551013
2016-08-11,0.5929354279787802,0.5978069,0.0622903899750405,0.06229039,-0.004871442958567229
2016-08-12,0.6206449269796632,0.6203192,0.0622903927459904,0.062290393,0.00032573933851942627
2016-08-13,0.6547262819400768,0.6576307,0.0622903961541259,0.062290397,-0.0029044000515003887
2016-08-14,0.7082153979931505,0.7075702,0.0622904015030375,0.0622904,0.000645202795091393
2016-08-15,0.7538395519618435,0.75873625,0.0622904060654529,0.062290404,-0.0048967008228855136
2016-08-16,0.8003375049497885,0.8272956,0.0622904107152482,0.06229041,-0.026958096418161936
2016-08-17,0.836166687973039,0.82331717,0.0622904142981665,0.06229041,0.012849517829911505
2016-08-18,0.8590699879934549,0.8530628,0.0622904165884965,0.062290415,0.006007179479813551
2016-08-19,0.9267233949672438,0.9322896,0.0622904233538372,0.062290423,-0.00556620540507069
2016-08-20,0.9828340719747475,0.9735074,0.0622904289649049,0.062290426,0.009326667647354903
2016-08-21,1.0290774739990516,1.031832,0.0622904335892451,0.062290434,-0.00275450575253533
2016-08-22,1.0611565009338575,1.0599443,0.0622904367971478,0.062290434,0.001212228892536693
2016-08-23,1.10241122099064,1.1060004,0.0622904409226198,0.06229044,-0.003589202440756445
2016-08-24,1.1454137089500493,1.146558,0.0622904452228686,0.062290445,-0.0011443373908930354
2016-08-25,1.192967845967119,1.1844225,0.0622904499782823,0.06229045,0.00854535298616188
2016-08-26,1.217181861967731,1.2196724,0.0622904523996839,0.062290452,-0.0024905795148129073
2016-08-27,1.2475130309330673,1.2424717,0.0622904554328008,0.062290452,0.00504133598677825
2016-08-28,1.2935740939523654,1.3076816,0.0622904600389071,0.06229046,-0.014107466563991977
2016-08-29,1.3442593009560522,1.331646,0.0622904651074278,0.062290464,0.012613335379880297
2016-08-30,1.3925050859620036,1.374725,0.0622904699320063,0.062290467,0.01778010179299727
2016-08-31,1.4132235509611846,1.425599,0.0622904720038528,0.06229047,-0.012375428035092284
2016-09-01,-2.6299656990386167,-2.5262034,0.0622900676849278,0.062290076,-0.10376230510245943
2016-09-02,-2.5854684370524295,-2.521828,0.062290072134654,0.062290076,-0.0636405008799441
2016-09-03,-2.4824212670193635,-2.5535052,0.062290082439371,0.062290072,0.07108391524687185
2016-09-04,-2.4331179160341776,-2.4550004,0.0622900873697061,0.062290084,0.021882484509035294
2016-09-05,-2.3781342680523343,-2.3451903,0.0622900928680709,0.062290095,-0.03294398141598176
2016-09-06,-2.3071667630547577,-2.2134755,0.0622900999648214,0.06229011,-0.09369129728022152
2016-09-07,-2.253494000015177,-2.263925,0.0622901053320977,0.062290102,0.01043107551582878
2016-09-08,-2.2083061220617983,-2.256736,0.0622901098508855,0.062290102,0.04842991805355812
2016-09-09,-2.167487595031159,-2.1523092,0.0622901139327382,0.062290113,-0.01517841572512868
2016-09-10,-2.1006354250507897,-2.0811226,0.0622901206179552,0.06229012,-0.01951278825574576
2016-09-11,-2.0724883340039746,-2.0743465,0.0622901234326643,0.06229012,0.0018582083544238515
2016-09-12,-2.0115705740009204,-1.9764925,0.0622901295244403,0.062290132,-0.03507804985388674
2016-09-13,-1.983423317045152,-1.9758836,0.062290132339166,0.062290132,-0.007539713949143767
2016-09-14,-1.9469741280309094,-1.9173464,0.0622901359840849,0.06229014,-0.02962776973165404
2016-09-15,-1.8849995710168432,-1.8830183,0.0622901421815406,0.06229014,-0.0019813157830785855
2016-09-16,-1.8144691620036735,-1.8102136,0.0622901492345815,0.062290147,-0.004255596177257459
2016-09-17,-1.7690984150525724,-1.7777387,0.0622901537716562,0.06229015,0.008640275323709368
2016-09-18,-1.7256582650337915,-1.7163795,0.0622901581156712,0.062290158,-0.00927874175650878
2016-09-19,-1.6597513480265391,-1.6656607,0.0622901647063629,0.06229016,0.005909390918468205
2016-09-20,-1.572180211018015,-1.586478,0.0622901734634766,0.06229017,0.01429778390080827
2016-09-21,-1.5276833840310866,-1.5378047,0.0622901779131593,0.062290177,0.010121338754863096
2016-09-22,-1.5012840240413716,-1.5121868,0.0622901805530953,0.062290177,0.010902741629404744
2016-09-24,-0.4970826830014152,-0.51623416,0.0622902809732294,0.062290277,0.019151476468189266
2016-09-25,-0.4527687100241984,-0.4911449,0.0622902854046267,0.06229028,0.03837618552939048
2016-09-26,-0.4163197450668399,-0.39315853,0.0622902890495232,0.06229029,-0.02316121983833952
2016-09-28,-0.33380908204261317,-0.33129668,0.0622902973005895,0.062290296,-0.002512399684825084
2016-09-29,-0.25585074406309083,-0.26383868,0.0622903050964233,0.062290303,0.007987934535313101
2016-09-30,-0.182698847023266,-0.18858609,0.062290312411613,0.06229031,0.0058872390115087825
2016-10-01,-0.1408239170413994,-0.14345147,0.062290316599106,0.062290315,0.0026275501150108127
2016-10-02,-0.08234524104255847,-0.072986685,0.0622903224469736,0.062290322,-0.009358556302968779
2016-10-03,-0.0037672200081662055,-0.00985614,0.0622903303047757,0.06229033,0.006088920232860673
2016-10-04,0.06301324496915672,0.052297477,0.0622903369828222,0.062290333,0.010715768290070038
2016-10-05,0.10732696995030544,0.09446789,0.0622903414141947,0.06229034,0.012859076707469441
2016-10-06,0.16187306994819295,0.16473387,0.0622903468688047,0.062290344,-0.002860801869395857
2016-10-07,0.23284028795311773,0.22730353,0.0622903539655265,0.06229035,0.005536753206947687
2016-10-08,0.31254613598596936,0.30563632,0.0622903619361113,0.06229036,0.006909819448112309
2016-10-09,0.36079221894802505,0.35659158,0.0622903667607196,0.062290367,0.004200636649746237
2016-10-10,0.396367133975728,0.3980156,0.0622903703182111,0.06229037,-0.0016484545462294165
2016-10-11,0.46034328897437415,0.46976748,0.0622903767158266,0.062290378,-0.009424192114264152
2016-10-12,0.5190759869849737,0.51780254,0.0622903825890964,0.06229038,0.0012734504973943572
2016-10-13,0.593721146968651,0.5963797,0.0622903900536124,0.06229039,-0.002658550354194489
2016-10-14,0.6812919249588045,0.6779779,0.0622903988106902,0.062290397,0.003314005380252283
2016-10-15,0.761434777937775,0.7389183,0.0622904068249755,0.062290404,0.022516473494415656
2016-10-16,0.8413232319842701,0.8557884,0.0622904148138209,0.062290415,-0.01446517772566036
2016-10-17,0.9242701549949661,0.91904205,0.0622904231085132,0.062290423,0.005228104156495661
2016-10-18,1.0214536019792497,1.010507,0.0622904328268579,0.06229043,0.010946614407533417
2016-10-19,1.0655128969416783,1.0718062,0.0622904372327874,0.062290438,-0.006293295456393011
2016-10-20,1.1155066270002179,1.1227382,0.0622904422321604,0.06229044,-0.007231615149135173
2016-10-21,1.1744217459641604,1.1728123,0.0622904481236723,0.062290445,0.0016094033204225866
2016-10-22,1.2624293109497753,1.2396257,0.0622904569244288,0.062290452,0.022803618582221574
2016-10-23,1.2993148669482313,1.3056785,0.0622904606129844,0.06229046,-0.0063636198758043605
2016-10-24,1.3300831600004948,1.331646,0.0622904636898137,0.062290464,-0.0015628055756771175
2016-10-25,1.394932965942397,1.3920708,0.0622904701747943,0.062290467,0.0028621956787251435
2016-10-26,1.4864360599331494,1.4926817,0.0622904793251037,0.06229048,-0.006245681781328116
2016-10-27,1.5228846049486489,1.5066524,0.0622904829699582,0.06229048,0.01623224975455706
2016-10-28,1.569382649946327,1.5635695,0.0622904876197627,0.062290486,0.005813104200477426
2016-10-29,1.6246196189728668,1.6227695,0.0622904931434596,0.062290493,0.0018501439896514427
2016-10-30,1.7045078149618975,1.7263902,0.0622905011322792,0.0622905,-0.021882427614701605
2016-10-31,1.790076113936112,1.7777345,0.0622905096891091,0.06229051,0.01234159588496464
2016-11-01,1.852049573980441,1.8301886,0.0622905158864551,0.062290512,0.021860941969027436
2016-11-02,-0.14265717003525413,-0.094018765,0.0622903164157807,0.06229032,-0.0486384052413813
2016-11-03,-0.048350158043941605,-0.03188197,0.0622903258464819,0.062290326,-0.01646818862183963
2016-11-04,0.004702016970226097,-0.0077393507,0.0622903311516994,0.06229033,0.012441367635586786
2016-11-05,0.060121240000321485,0.054986484,0.0622903366936217,0.062290333,0.005134755651547529
2016-11-06,0.09919123994395207,0.10102718,0.0622903406006217,0.06229034,-0.00183594329073955
2016-11-07,0.14026358699514851,0.1344228,0.0622903447078564,0.062290344,0.005840793010735368
2016-11-08,0.19986978294639357,0.20094514,0.062290350668476,0.062290348,-0.0010753559848808436
2016-11-09,0.25466961199593907,0.25858083,0.0622903561484589,0.062290356,-0.0039112216775381015
2016-11-10,0.3037892069845949,0.3039462,0.0622903610604184,0.06229036,-0.00015699004833358288
2016-11-11,0.3814923709571927,0.37352222,0.0622903688307348,0.062290367,0.007970148915108943
2016-11-12,0.41269739098348523,0.40930083,0.0622903719512368,0.06229037,0.0033965570429792535
2016-11-13,0.5052564879676202,0.50699323,0.0622903812071465,0.06229038,-0.0017367461899420178
2016-11-14,0.5705429039631893,0.5584797,0.0622903877357881,0.062290385,0.012063177648644619
2016-11-15,0.6172231869355782,0.605406,0.0622903924038164,0.06229039,0.011817200626526692
2016-11-16,0.6772661969439708,0.6690404,0.0622903984081174,0.062290397,0.008225815035554085
2016-11-17,0.7462303819316674,0.7433912,0.0622904053045359,0.062290404,0.002839166130428339
2016-11-18,0.8185078489986175,0.8198404,0.0622904125322826,0.06229041,-0.0013325226101166265
2016-11-19,0.8713052129794008,0.871078,0.062290417812019,0.062290415,0.00022719860562148142
2016-11-20,0.91124895199024,0.90360063,0.0622904218063929,0.06229042,0.007648318845861368
2016-11-21,0.971291972962085,0.9735074,0.062290427810695,0.062290426,-0.002215431365307552
2016-11-22,1.027839518982776,1.031832,0.0622904334654496,0.062290434,-0.003992460768810879
2016-11-23,1.0848239779398527,1.0768152,0.0622904391638955,0.062290438,0.00800873040414718
2016-11-24,1.1079817119341584,1.1060004,0.0622904414796689,0.06229044,0.001981288502761913
2016-11-25,1.172394168968971,1.1728123,0.0622904479209146,0.062290445,-0.00041817367476681966
2016-11-26,1.2516626619885063,1.2536612,0.0622904558477639,0.062290456,-0.001998493712177307
2016-11-27,1.3009643879541288,1.3056785,0.0622904607779365,0.06229046,-0.004714098869906813
2016-11-28,1.3570748919750075,1.3559662,0.0622904663889869,0.062290464,0.0011086816097121144
2016-11-29,1.4159892869347601,1.425599,0.0622904722804264,0.06229047,-0.00960969206151674
2016-11-30,1.4805839599479897,1.4888302,0.0622904787398937,0.06229048,-0.0082462488303916
2016-12-01,1.5648408869389785,1.5549352,0.0622904871655864,0.062290486,0.009905670035291969
2016-12-02,0.5812146989386813,0.58932126,0.0622903888029676,0.06229039,-0.008106556745217652
2016-12-03,0.5820158619634919,0.58932126,0.0622903888830839,0.06229039,-0.007305393720407061
2016-12-04,0.5988017119651357,0.5780692,0.0622903905616689,0.06229039,0.020732501912645418
2016-12-05,0.719142481953039,0.71925944,0.0622904025957459,0.0622904,-0.00011695894585628253
2016-12-06,0.7813701259629102,0.7734858,0.0622904088185103,0.062290408,0.007884346200642156
2016-12-07,0.8252463139929445,0.8917005,0.0622904132061291,0.06229042,-0.06645419221738269
2016-12-08,0.8568881129655814,0.8530628,0.062290416370309,0.062290415,0.0038253044519400703
2016-12-09,0.9134355799522709,0.9207728,0.0622904220250557,0.062290423,-0.007337210956542606
2016-12-10,0.9780300499334649,0.9735074,0.0622904284845027,0.062290426,0.004522645606072295
2016-12-11,1.0319558729765532,1.031832,0.062290433877085,0.062290434,0.0001238932249663094
2016-12-12,1.0681491730002435,1.0718062,0.062290437496415,0.062290438,-0.00365701939782781
2016-12-13,1.099353994990504,1.1060004,0.0622904406168972,0.06229044,-0.006646428440892471
2016-12-14,1.167443898983378,1.1565387,0.0622904474258876,0.062290445,0.010905174084085978
2016-12-15,-1.8196377730289592,-1.8096143,0.0622901487177204,0.062290147,-0.010023472301115
2016-12-16,-1.8131543330635047,-1.7651548,0.0622901493660644,0.062290154,-0.04799949450149299
2016-12-17,-1.7959305600306896,-1.814161,0.0622901510884417,0.062290147,0.01823038300062141
2016-12-18,-1.709670291033527,-1.7149153,0.0622901597144686,0.062290158,0.00524498454020339
2016-12-19,-1.6446368440031778,-1.6375912,0.0622901662178133,0.062290166,-0.00704560121295561
2016-12-20,-1.6064399690346454,-1.6233009,0.0622901700375008,0.062290166,0.01686094096138735
2016-12-21,-1.5765449730420489,-1.5773894,0.0622901730270004,0.062290173,0.0008443864321332484
2016-12-22,-1.5217443070231207,-1.5121868,0.062290178507067,0.062290177,-0.009557541352344323
2016-12-23,-1.4695652100077394,-1.4902492,0.0622901837249767,0.06229018,0.020683946944164866
2016-12-24,-1.431368352039497,-1.4246856,0.0622901875446625,0.062290188,-0.006682754619758313
2016-12-25,-1.3927345400566171,-1.396273,0.0622901914080437,0.06229019,0.003538476873009344
2016-12-26,-1.3429941440185056,-1.3355722,0.0622901963820833,0.062290195,-0.0074219012816891805
2016-12-27,-1.2964953390037781,-1.3140233,0.0622902010319638,0.0622902,0.01752791729810177
2016-12-28,-1.2393269720190059,-1.2345862,0.0622902067488005,0.062290207,-0.004740733157921895
2016-12-29,-1.1830325340189685,-1.1816994,0.0622902123782443,0.06229021,-0.0013331388392199273
2016-12-30,-1.1490220850479682,-1.1528536,0.0622902157792892,0.062290214,0.00383152308344048
2016-12-31,-1.1110791560409172,-1.0936441,0.0622902195735821,0.06229022,-0.01743501389003832
2017-01-01,-1.034685542036784,-1.0354097,0.0622902272129435,0.062290225,0.0007241469128009825
2017-01-02,-0.9825066130120241,-0.9940632,0.0622902324308364,0.06229023,0.011556585554412635
2017-01-03,-0.9517377280027217,-0.9486534,0.0622902355077249,0.062290236,-0.003084328058416297
2017-01-04,-0.912920986029242,-0.89879185,0.0622902393893991,0.06229024,-0.01412913641605229
2017-01-05,-0.8825891040231681,-0.8882691,0.0622902424225873,0.06229024,0.005680022392084538
2017-01-06,-0.8229821950311855,-0.83381176,0.0622902483832782,0.062290248,0.010829564917544943
2017-01-07,-0.7926502820082559,-0.7910472,0.0622902514164695,0.06229025,-0.0016030665465249783
2017-01-08,-0.7660679440107954,-0.75123227,0.0622902540747033,0.062290255,-0.01483567758470894
2017-01-09,-0.7342423340161996,-0.7394694,0.0622902572572643,0.062290255,0.0052270749727529875
2017-01-10,-0.6805697410489087,-0.6756007,0.0622902626245236,0.062290262,-0.004969033517933319
2017-01-11,-0.6382575850477634,-0.63827926,0.0622902668557392,0.062290266,2.1674157101081448e-05
2017-01-12,-0.6046843030460547,-0.6107019,0.0622902702130674,0.06229027,0.006017615555935052
2017-01-13,-0.5752263520369949,-0.56275356,0.0622902731588625,0.062290274,-0.012472793878120392
2017-01-14,-0.5473333500316535,-0.5465205,0.0622902759481627,0.062290274,-0.0008128784587775328
2017-01-15,-0.47924178701863607,-0.4798015,0.062290282757319,0.06229028,0.0005597187854258223
2017-01-16,-0.43430814104794546,-0.44848004,0.0622902872506836,0.062290285,0.014171898787030734
2017-01-17,-0.4153368100140442,-0.41412574,0.0622902891478167,0.06229029,-0.0012110694859375215
2017-01-18,-0.3935610460442662,-0.39504993,0.0622902913253931,0.06229029,0.001488883574569222
2017-01-19,-0.3391975410271808,-0.32323426,0.0622902967617436,0.062290296,-0.01596328094493593
2017-01-20,-0.29837916602770687,-0.30356622,0.0622903008435811,0.0622903,0.005187051394778486
2017-01-21,-0.28071868905799047,-0.26852623,0.0622903026096288,0.062290303,-0.012192462775870716
2017-01-22,-0.2593799800637564,-0.2540446,0.0622903047434997,0.062290303,-0.005335387683232717
2017-01-23,-0.2189985950223905,-0.22671907,0.0622903087816382,0.062290307,0.007720471478273261
2017-01-24,-0.1622676940038481,-0.16156748,0.0622903144547283,0.062290315,-0.0007002146318235702
2017-01-25,-0.12388837900001448,-0.13944507,0.0622903182926598,0.062290315,0.015556687452011886
2017-01-26,-0.10080197704320781,-0.08693236,0.0622903206013,0.062290322,-0.013869615917261768
2017-01-27,-0.05106219405637269,-0.05746055,0.0622903255752783,0.062290322,0.006398356162447882
2017-01-28,0.033195875978608846,0.02507698,0.0622903340010853,0.062290333,0.0081188962073524
2017-01-29,0.06502097298077825,0.06026603,0.062290337183595,0.062290337,0.004754943891088992
2017-01-30,0.09422445094997567,0.103802755,0.0622903401039428,0.06229034,-0.009578304525068582
2017-01-31,0.1276146759793262,0.12891054,0.0622903434429653,0.06229034,-0.0012958655550976417
2017-02-01,0.1716740439389186,0.16410321,0.0622903478489021,0.062290344,0.007570833966537016
2017-02-02,0.23364797999136933,0.20560873,0.0622903540462957,0.06229035,0.028039254443578798
2017-02-03,0.26660125995725537,0.26816538,0.0622903573416237,0.062290356,-0.0015641198053941707
2017-02-04,0.285318041970406,0.28302455,0.0622903592133019,0.06229036,0.0022934924861530703
2017-02-05,0.3042891179999563,0.31475255,0.0622903611104095,0.06229036,-0.010463430933072893
2017-02-06,0.34485289394925456,0.3463175,0.0622903651667871,0.062290363,-0.0014646059267677813
2017-02-07,0.39459238397598906,0.3956874,0.0622903701407361,0.06229037,-0.0010950173187191936
2017-02-08,0.4161132949320745,0.41172513,0.0622903722928272,0.06229037,0.004388161274619051
2017-02-09,0.4307147979942805,0.4451267,0.0622903737529775,0.062290374,-0.014411914327954634
2017-02-10,0.4760848279494745,0.47149867,0.0622903782899805,0.062290378,0.004586159755657349
2017-02-11,0.5315043969528199,0.53255534,0.0622903838319374,0.06229038,-0.0010509447677611305
2017-02-12,0.5746896409447588,0.5649282,0.0622903881504618,0.062290385,0.009761466925898965
2017-02-13,0.5986493539777982,0.6192222,0.0622903905464331,0.062290393,-0.02057286978089934
2017-02-14,0.6278523979885708,0.637332,0.0622903934667375,0.062290393,-0.009479624201523151
2017-02-15,0.6828349599641292,0.684931,0.0622903989649937,0.062290397,-0.0020960202414066487
2017-02-16,0.7225245119563128,0.75649184,0.0622904029339489,0.062290404,-0.03396732792939883
2017-02-17,0.7476124879585155,0.75873625,0.0622904054427465,0.062290404,-0.011123764826213467
2017-02-18,0.784680296989082,0.8018366,0.0622904091495274,0.06229041,-0.01715631285131103
2017-02-19,0.814574786997535,0.8149371,0.0622904121389764,0.06229041,-0.0003623277180411222
2017-02-20,0.8529534059609212,0.84786034,0.0622904159768383,0.062290415,0.005093069657210236
2017-02-21,0.8978860649433429,0.89924926,0.0622904204701042,0.06229042,-0.0013631907138531574
2017-02-22,0.9212262519486814,0.9207728,0.0622904228041229,0.062290423,0.0004534610398678751
2017-02-23,0.9613525789320398,0.93807864,0.0622904268167556,0.062290423,0.023273937040560355
2017-02-24,0.02579012899073252,0.030707495,0.0622903332605106,0.062290333,-0.004917366296328218
2017-02-25,0.038388973944147864,0.040554155,0.0622903345203951,0.062290333,-0.0021651807201301665
2017-02-26,0.07152406396315758,0.0210789,0.0622903378339041,0.062290333,0.05044516446040337
2017-02-27,0.14267316793270535,0.14875714,0.0622903449488145,0.062290344,-0.006083976876063879
2017-02-28,0.19678134198508612,0.18916328,0.0622903503596319,0.062290348,0.007618059471467653
2017-03-01,0.2535111489482267,0.24770862,0.0622903560326126,0.062290356,0.005802530307327025
2017-03-02,0.33034032898004995,0.33487046,0.0622903637155306,0.062290363,-0.0045301286691810105
2017-03-03,0.35542817397593574,0.35624826,0.0622903662243151,0.062290367,-0.0008200855684368236
2017-03-04,0.39118472898447276,0.39626873,0.0622903697999706,0.06229037,-0.005083996410729874
2017-03-05,0.43611695595136,0.433602,0.0622903742931933,0.062290374,0.0025149507080586275
2017-03-06,0.4926644859432061,0.48377523,0.0622903799479463,0.062290378,0.008889257681258478
2017-03-07,0.5223039149793163,0.53255534,0.0622903829118892,0.06229038,-0.01025142674126478
2017-03-08,0.5370872459969922,0.53695637,0.0622903843902223,0.06229038,0.00013087612013062966
2017-03-09,0.576339232935541,0.58634347,0.062290388315421,0.06229039,-0.010004234300024173
2017-03-10,0.6396230019939386,0.6421452,0.0622903946437979,0.062290393,-0.0025222144710577155
2017-03-11,0.6854290169472366,0.6779779,0.0622903992243994,0.062290397,0.007451097368684323
2017-03-12,0.7054554599511542,0.7115428,0.0622904012270437,0.0622904,-0.006087325216539874
2017-03-13,0.7565047789592771,0.7612164,0.0622904063319756,0.062290404,-0.004711623094555861
2017-03-14,0.8014369269615518,0.7973702,0.0622904108251904,0.062290408,0.004066731572757831
2017-03-15,-1.9447117880627696,-1.903326,0.0622901362103189,0.06229014,-0.04138575351687113
2017-03-16,-1.92049687000595,-1.8892667,0.0622901386318107,0.06229014,-0.03123014065109153
2017-03-17,-1.9017790960085268,-1.9382927,0.0622901405035881,0.062290136,0.0365136457669859
2017-03-18,-1.8211991040240072,-1.8136973,0.0622901485615873,0.062290147,-0.007501765919759151
2017-03-19,-1.7819453500267368,-1.798178,0.0622901524869627,0.06229015,0.01623260750805322
2017-03-20,-1.759041467000455,-1.730653,0.062290154777351,0.062290158,-0.028388419438809542
2017-03-21,-1.7372652310471137,-1.7224079,0.0622901569549746,0.062290158,-0.014857293997248
2017-03-22,-1.6868340180220542,-1.6857115,0.0622901619980959,0.06229016,-0.001122514993184609
2017-03-23,-1.640152325066424,-1.6376604,0.0622901666662652,0.062290166,-0.002491940888262434
2017-03-24,-1.6039572200282626,-1.6090596,0.0622901702857757,0.06229017,0.005102352191586057
2017-03-25,-1.5714407080452686,-1.5702574,0.0622901735374269,0.062290173,-0.001183282737041047
2017-03-26,-1.5343716970595,-1.5384175,0.062290177244328,0.062290177,0.004045761474740672
2017-03-27,-1.4522978800113329,-1.4701582,0.0622901854517097,0.062290184,0.017860339326130514
2017-03-28,-1.3922540890304314,-1.396273,0.0622901914560888,0.06229019,0.004018927899195113
2017-03-29,-1.3521265480181954,-1.3482969,0.0622901954688429,0.062290195,-0.0038296672961495304
2017-03-30,-1.3174253200159969,-1.3156477,0.0622901989389657,0.0622902,-0.0017775987254085024
2017-03-31,-1.2567616480135824,-1.2544856,0.0622902050053329,0.062290203,-0.0022760408663655696
2017-04-01,-1.1984656820424044,-1.1990657,0.0622902108349295,0.06229021,0.0006000032298123514
2017-04-02,-1.1558995360178015,-1.1635637,0.0622902150915441,0.062290214,0.0076641923147180435
2017-04-03,-1.127569618022961,-1.1243151,0.0622902179245359,0.062290218,-0.0032544753914303115
2017-04-04,-1.0730230980138256,-1.0628235,0.0622902233791879,0.06229022,-0.01019956400198474
2017-04-05,-1.018913593012205,-1.0166911,0.0622902287901384,0.06229023,-0.00222250433575244
2017-04-06,-0.9820277340616412,-0.9761891,0.0622902324787243,0.062290233,-0.005838657161159055
2017-04-07,-0.9497653370021952,-0.94925475,0.062290235704964,0.062290236,-0.0005105857967508953
2017-04-08,-0.9133164030616925,-0.89879185,0.0622902393498574,0.06229024,-0.014524553448502786
2017-04-09,-0.8548375150102538,-0.8625144,0.0622902451977462,0.062290244,0.007676861630065979
2017-04-10,-0.7996001650384388,-0.8053559,0.0622902507214812,0.062290248,0.005755741448072449
2017-04-11,-0.7555404400033661,-0.7405076,0.0622902551274537,0.062290255,-0.015032837311715674
2017-04-12,-0.7121005310417594,-0.70249885,0.0622902594714446,0.06229026,-0.009601677835124889
2017-04-13,-0.6680407310666325,-0.6633675,0.0622902638774246,0.062290262,-0.004673221224713586
2017-04-14,-0.6049384670275826,-0.6107019,0.062290270187651,0.06229027,0.0057634515744071635
2017-04-15,-0.5560724770231618,-0.55612546,0.06229027507425,0.062290274,5.298503204453908e-05
2017-04-16,-0.5239930530448467,-0.5284225,0.0622902782821924,0.062290277,0.004429421816298351
2017-04-17,-0.47268819004797624,-0.45919114,0.0622902834126787,0.062290285,-0.013497046535250412
2017-04-18,-0.42881126802174485,-0.42417783,0.0622902878003709,0.06229029,-0.0046334425708476346
2017-04-19,-0.3770694780025341,-0.36083105,0.0622902929745499,0.062290292,-0.016238425937638468
2017-04-20,-0.31964743206491786,-0.3227988,0.0622902987167545,0.062290296,0.003151356482598011
2017-04-21,-0.28887878401884226,-0.28563732,0.0622903017936193,0.0622903,-0.003241464930860083
2017-04-22,-0.21598106206277556,-0.2313496,0.0622903090833915,0.062290307,0.015368540278876353
2017-04-23,-0.12928406505074985,-0.14054294,0.0622903177530912,0.062290315,0.011258874254555629
2017-04-24,-0.06312323906632056,-0.07622864,0.0622903243691738,0.062290322,0.013105401907247405
2017-04-25,-0.016624749007987383,-0.00985614,0.0622903290190228,0.06229033,-0.006768608766960504
2017-04-26,0.024193493944335565,0.02668645,0.0622903331008471,0.062290333,-0.002492956522178069
2017-04-27,-1.9456063740652674,-1.9165887,0.0622901361208603,0.06229014,-0.02901771001039677
2017-04-28,-1.864335352000368,-1.8478129,0.0622901442479625,0.062290143,-0.016522460993898314
2017-04-29,-1.8143413320348412,-1.8408337,0.0622901492473645,0.062290147,0.02649233190558853
2017-04-30,-1.7783294680578932,-1.7605913,0.0622901528485509,0.062290154,-0.017738199518464448
2017-05-01,-1.735763453039607,-1.7224079,0.0622901571051524,0.062290158,-0.013355515989741384
2017-05-02,-1.6953821710408157,-1.6871889,0.0622901611432806,0.06229016,-0.008193307286543217
2017-05-03,-1.634901553027035,-1.6361139,0.0622901671913424,0.062290166,0.0012123290377843432
2017-05-04,-1.5984527630685808,-1.5783265,0.0622901708362214,0.062290173,-0.02012629936923993
2017-05-05,-1.5901509630572574,-1.5763472,0.0622901716664014,0.062290173,-0.01380373119232825
2017-05-06,-1.5576344740420023,-1.5688381,0.0622901749180503,0.062290173,0.011203645464833656
2017-05-07,-1.5010863030351373,-1.5121868,0.0622901805728674,0.062290177,0.011100462635639019
2017-05-08,-1.4628896940344083,-1.4701582,0.0622901843925283,0.062290184,0.007268525303055107
2017-05-09,-1.4391121580525912,-1.4246856,0.0622901867702819,0.062290188,-0.014426560632852414
2017-05-10,-1.4148977650618733,-1.4173754,0.0622901891917212,0.062290188,0.0024776803040325035
2017-05-11,-1.36534066601246,-1.3482969,0.0622901941474311,0.062290195,-0.01704378529041417
2017-05-12,-1.299616742000964,-1.3152777,0.0622902007198235,0.0622902,0.015660953654858645
2017-05-13,-1.2612376500131806,-1.2572374,0.0622902045577327,0.062290203,-0.004000215625973524
2017-05-14,-1.2179804710632514,-1.2200229,0.0622902088834506,0.062290207,0.0020424457305718846
2017-05-15,-1.1867749810656747,-1.1816994,0.0622902120039996,0.06229021,-0.005075585885926159
2017-05-16,-1.1420242190113283,-1.1509421,0.0622902164790758,0.062290214,0.00891786816213358
2017-05-17,-1.0806697270382415,-1.0887692,0.062290222614525,0.06229022,0.008099470425747768
2017-05-18,-1.056637842014596,-1.0608939,0.0622902250177135,0.062290225,0.004256051227286228
2017-05-19,-1.0402883250659745,-1.030907,0.0622902266526652,0.062290225,-0.00938129019201206
2017-05-20,-0.9605824420610976,-0.95892686,0.0622902346232535,0.062290233,-0.0016555855433058042
2017-05-21,-0.918199058036473,-0.9140868,0.0622902388615919,0.062290236,-0.004112239341404589
2017-05-22,-0.8900521120125404,-0.8882691,0.0622902416762865,0.06229024,-0.001782985597287734
2017-05-23,-0.8518555780212544,-0.83930063,0.0622902454959399,0.062290244,-0.012554945544447804
2017-05-24,-0.7006741980369879,-0.70963013,0.0622902606140779,0.06229026,0.008955933684508643
2017-05-25,-0.33582840106016754,-0.34454352,0.0622902970986576,0.062290296,0.00871511557572724
2017-05-26,-0.3242851220192078,-0.33260491,0.0622902982529855,0.062290296,0.008319792884432964
2017-05-27,-0.3413258090056992,-0.30645373,0.0622902965489168,0.0622903,-0.034872074369392436
2017-05-28,-0.2631850719997386,-0.25656813,0.0622903043629905,0.062290303,-0.006616938168714448
2017-05-29,-0.2199277970155178,-0.23532191,0.062290308688718,0.062290307,0.015394112173706453
2017-05-30,-0.15420394502974055,-0.15598369,0.0622903152611032,0.062290315,0.0017797414174030024
2017-05-31,-0.11557064305556253,-0.12051757,0.0622903191244334,0.06229032,0.004946923744554965
2017-06-01,-0.07431557001724709,-0.06819168,0.0622903232499407,0.062290322,-0.006123892685322652
2017-06-02,-0.05246853500284754,-0.05746055,0.0622903254346442,0.062290322,0.0049920152159730335
2017-06-03,0.010014269968827705,0.0129721165,0.0622903316829247,0.06229033,-0.0029578465015092092
2017-06-04,0.049958531964100494,0.045764677,0.0622903356773509,0.062290333,0.004193854737557068
2017-06-05,0.06874698095515885,0.06935157,0.0622903375561958,0.062290337,-0.0006045878629334922
2017-06-06,0.10370235899170854,0.11318757,0.0622903410517336,0.06229034,-0.009485207407865737
2017-06-07,0.1606873649417917,0.16410321,0.0622903467502342,0.062290344,-0.0034158450305898924
2017-06-08,0.1965165329770313,0.19016805,0.062290350333151,0.062290348,0.006348480065272888
2017-06-09,0.23751712194264307,0.24955127,0.0622903544332099,0.062290356,-0.0120341444891654
2017-06-10,0.2689769139363474,0.2746553,0.0622903575791891,0.062290356,-0.005678398363381021
2017-06-11,0.31285363494282237,0.314566,0.0622903619668612,0.06229036,-0.0017123514520598349
2017-06-12,0.3645951099362499,0.368926,0.0622903671410087,0.062290367,-0.004330878737913935
2017-06-13,0.4218343579998063,0.41172513,0.0622903728649335,0.06229037,0.010109224342350842
2017-06-14,0.4517289329403207,0.45000607,0.062290375854391,0.062290374,0.0017228651874825474
2017-06-15,0.40781711896364925,0.4259527,0.0622903714632096,0.06229037,-0.01813558379704716
2017-06-16,0.5178895479823753,0.5228238,0.0622903824704525,0.06229038,-0.00493426259501728
2017-06-17,0.5585250019424226,0.555597,0.0622903865339979,0.062290385,0.00292799466779492
2017-06-18,0.598469136955937,0.61843246,0.0622903905284114,0.062290393,-0.01996332525948663
2017-06-19,0.6032754849838451,0.6192222,0.0622903910090462,0.062290393,-0.01594673877485242
2017-06-20,0.6427826249738589,0.64375454,0.0622903949597602,0.062290393,-0.0009719169000730332
2017-06-21,0.6912829949440313,0.72328836,0.0622903998097972,0.0622904,-0.03200536231381168
2017-06-22,0.7415312079650516,0.7838304,0.0622904048346185,0.062290408,-0.04229919631656465
2017-06-23,0.7583173769476481,0.7612164,0.0622904065132354,0.062290404,-0.0028990251061848937
2017-06-24,0.7902140329585361,0.78392756,0.062290409702901,0.062290408,0.006286473105935997
2017-06-25,0.8264800959584262,0.82331717,0.0622904133295073,0.06229041,0.003162925815298756
2017-06-26,0.8873973489365028,0.8811786,0.0622904194212326,0.06229042,0.006218731459085802
2017-06-27,0.9251566269324885,0.9207728,0.0622904231971604,0.062290423,0.004383836023674981
2017-06-28,0.9579271319920535,0.9572076,0.0622904264742109,0.062290426,0.0007195118481631013
2017-06-29,0.994375676938164,0.9994647,0.0622904301190654,0.06229043,-0.00508901374710824
2017-06-30,1.0413106959344942,1.0411856,0.0622904348125673,0.062290434,0.00012507848759479856
2017-07-01,1.0771397869480115,1.0718062,0.0622904383954764,0.062290438,0.0053335945499402015
2017-07-02,1.1004799709696256,1.1060004,0.0622904407294948,0.06229044,-0.005520452461770908
2017-07-03,1.1140250859992262,1.1029915,0.0622904420840063,0.06229044,0.011033624245381013
2017-07-04,1.136745986993204,1.1117814,0.0622904443560964,0.06229044,0.02496462827433188
2017-07-05,1.1797484499725952,1.181091,0.0622904486563427,0.06229045,-0.0013425009932861443
2017-07-06,1.2181991089488253,1.2196724,0.0622904525014086,0.062290452,-0.0014733325337186187
2017-07-07,1.2330550309969102,1.2424717,0.0622904539870008,0.062290452,-0.0094166639493789
2017-07-08,1.2699404109556278,1.2789652,0.0622904576755388,0.062290456,-0.009024823800841908
2017-07-09,1.335226869972339,1.331646,0.0622904642041847,0.062290464,0.003580904396167206
2017-07-10,1.372112145986426,1.3607848,0.0622904678927123,0.062290467,0.011327376928198518
2017-07-11,1.394396000956033,1.3920708,0.0622904701210978,0.062290467,0.0023252306923611243
2017-07-12,1.418610065945236,1.4217474,0.0622904725425043,0.06229047,-0.003137380114944577
2017-07-13,0.0743257109331319,0.05211306,0.0622903381140688,0.062290333,0.022212651024980268
2017-07-14,0.08412071594854353,0.060579292,0.0622903390935693,0.062290337,0.02354142347236632
2017-07-15,0.1485331119904787,0.12732522,0.0622903455348089,0.06229034,0.021207890094307125
2017-07-16,0.17693412693309263,0.17103386,0.0622903483749104,0.062290348,0.0059002676801629406
2017-07-17,0.19983725396688357,0.2213502,0.0622903506652231,0.06229035,-0.021512939056798075
2017-07-18,0.2559478989860864,0.25858083,0.0622903562762876,0.062290356,-0.0026329346873907866
2017-07-19,0.28915526494033283,0.29361394,0.0622903595970242,0.06229036,-0.004458675537038381
2017-07-20,0.30095247897932165,0.3069136,0.0622903607767456,0.06229036,-0.005961135293749642
2017-07-21,0.3129320369499311,0.33075866,0.0622903619747014,0.062290363,-0.01782662408179192
2017-07-22,0.3675495149901842,0.37755054,0.0622903674364492,0.062290367,-0.010001027364399562
2017-07-23,0.4240971339386501,0.4241712,0.0622903730912111,0.06229037,-7.407539667703134e-05
2017-07-24,0.45005877094550506,0.45000607,0.0622903756873748,0.062290374,5.270319266692525e-05
2017-07-25,0.4684100769758448,0.47123367,0.0622903775225054,0.062290378,-0.0028235889673009495
2017-07-26,0.5039844349491451,0.5134807,0.0622903810799412,0.06229038,-0.00949628795506019
2017-07-27,0.5703270259532767,0.56571794,0.0622903877142003,0.062290385,0.004609090391142878
2017-07-28,0.6032796299321186,0.6050988,0.0622903910094607,0.06229039,-0.001819154037760562
2017-07-29,0.6266195729659474,0.637332,0.062290393343455,0.062290393,-0.010712449224146603
2017-07-30,0.6464641669895466,0.65043765,0.0622903953279144,0.062290393,-0.003973486075181221
2017-07-31,0.6783607759547339,0.7136541,0.0622903985175753,0.0622904,-0.035293324940194104
2017-08-01,0.7174306009688491,0.72008306,0.0622904024245578,0.0622904,-0.00265245691155247
2017-08-02,0.7244214129953352,0.73621386,0.062290403123639,0.062290404,-0.01179244990063033
2017-08-03,0.7436467429344784,0.762288,0.062290405046172,0.062290404,-0.01864123142312657
2017-08-04,0.7818428099382047,0.80217904,0.0622904088657787,0.06229041,-0.020336228586423033
2017-08-05,0.830525410944194,0.82331717,0.0622904137340388,0.06229041,0.007208240801066523
2017-08-06,0.8536831229422059,0.84786034,0.06229041604981,0.062290415,0.005822786638495003
2017-08-07,0.88576194594292,0.88308316,0.0622904192576923,0.06229042,0.002678781250994966
2017-08-08,0.9127797089697465,0.9055052,0.0622904219594686,0.06229042,0.007274528610859754
2017-08-09,0.9474801699466129,0.94230586,0.0622904254295147,0.062290423,0.005174307043017912
2017-08-10,1.0057754019909826,1.0184768,0.0622904312590379,0.06229043,-0.012701441842940753
2017-08-11,1.0457191629981155,1.0411856,0.062290435253414,0.062290434,0.0045335455512161005
2017-08-12,1.0574439699567728,1.0599443,0.0622904364258947,0.062290434,-0.0025003020845479895
2017-08-13,1.0847164189781155,1.0768152,0.0622904391531396,0.062290438,0.007901171442409982
2017-08-14,1.12771875095119,1.1227382,0.0622904434533728,0.06229044,0.004980508801836869
2017-08-15,1.1563020669430601,1.1565387,0.0622904463117044,0.062290445,-0.00023665795623184493
2017-08-16,1.1805158769973012,1.186382,0.0622904487330854,0.06229045,-0.005866178285291568
2017-08-17,1.1988673089685653,1.1931107,0.0622904505682286,0.06229045,0.005756604546568234
2017-08-18,1.2200226189723606,1.2341933,0.0622904526837596,0.062290452,-0.01417070607036397
2017-08-19,1.28443508995435,1.2958568,0.0622904591250067,0.06229046,-0.011421743503596815
2017-08-20,1.3103966889360663,1.3290174,0.0622904617211666,0.062290464,-0.018620711805510837
2017-08-21,1.3346105309786083,1.331646,0.0622904641425508,0.062290464,0.002964565402436392
2017-08-22,1.3832930469831473,1.3763512,0.0622904690108024,0.062290467,0.006941809686089151
2017-08-23,1.432849549981574,1.431595,0.0622904739664527,0.06229047,0.001254582139472049
2017-08-24,1.4859015499968375,1.4770117,0.0622904792716527,0.06229048,0.008889869393810201
2017-08-25,1.5330183939649134,1.540325,0.0622904839833371,0.062290482,-0.0073066516207189736
2017-08-26,1.5602907909445518,1.5635695,0.0622904867105768,0.062290486,-0.0032787548012978007
2017-08-27,1.6026013680003892,1.5937424,0.0622904909416345,0.06229049,0.008858997394920465
2017-08-28,1.6447297859767396,1.6558828,0.0622904951544763,0.062290493,-0.011153049411444016
2017-08-29,1.6925384379445907,1.6864378,0.0622904999353415,0.062290497,0.006100592714488151
2017-08-30,1.7128198049470855,1.7280585,0.0622905019634782,0.0622905,-0.015238652427487231
2017-08-31,1.7414030949874926,1.7193922,0.0622905048218072,0.0622905,0.022010914544682514
2017-09-01,1.7907774799846843,1.7715828,0.0622905097592457,0.06229051,0.01919463811151534
2017-09-02,1.8298472859862303,1.8479681,0.0622905136662263,0.062290516,-0.01812081551523459
2017-09-03,1.8614891369311826,1.8534647,0.0622905168304114,0.062290516,0.008024414297820748
2017-09-04,1.894441827993143,1.9148656,0.0622905201256805,0.06229052,-0.020423784990560634
2017-09-05,1.9549217449704726,1.9742604,0.0622905261736722,0.062290527,-0.01933870443901231
2017-09-06,2.030439674935436,2.0076396,0.0622905337254652,0.06229053,0.0228000284052845
2017-09-07,-1.4583156150022036,-1.4711875,0.0622901848499362,0.062290184,0.012871857341241189
2017-09-08,-1.4819810740390738,-1.4874806,0.0622901824833903,0.06229018,0.0054995663723031996
2017-09-09,-1.4370469440111444,-1.4802825,0.0622901869768033,0.06229018,0.04323560107857727
2017-09-10,-1.2765066890324528,-1.2861934,0.0622902030308288,0.0622902,0.009686681786639006
2017-09-11,-1.2407483400422858,-1.2376515,0.0622902066066637,0.062290207,-0.003096872718982624
2017-09-12,-1.1885693900620664,-1.1857057,0.0622902118245587,0.06229021,-0.0028637282883847703
2017-09-13,-1.1543048930584554,-1.1631603,0.0622902152510084,0.062290214,0.008855431038224282
2017-09-14,-1.112175446044139,-1.1019679,0.0622902194639531,0.062290218,-0.010207515250376886
2017-09-15,-1.0696090640277545,-1.0628235,0.0622902237205913,0.06229022,-0.006785530015913643
2017-09-16,-1.0270427370367985,-1.0325195,0.062290227977224,0.062290225,0.0054767226876277775
2017-09-17,-1.0019540910150004,-1.0130384,0.0622902304860886,0.06229023,0.011084305820326712
2017-09-18,-0.9724960330081966,-0.9640904,0.0622902334318944,0.062290233,-0.00840562611351281
2017-09-19,-0.9277449470462829,-0.9140868,0.062290237907003,0.062290236,-0.013658128351214494
2017-09-20,-0.8648964230223433,-0.8699365,0.0622902441918554,0.062290244,0.005040102799342527
2017-09-21,-0.8265166890480957,-0.83476436,0.0622902480298288,0.062290248,0.008247672333435041
2017-09-22,-0.7992433360276552,-0.80003554,0.0622902507571641,0.06229025,0.0007922002615599055
2017-09-23,-0.7446965840512965,-0.7394694,0.0622902562118393,0.062290255,-0.005227175062343825
2017-09-24,-0.6805373580637264,-0.6756007,0.0622902626277619,0.062290262,-0.004936650532751052
2017-09-25,-0.6264278190615258,-0.63477504,0.0622902680387158,0.062290266,0.00834722347234873
2017-09-26,-0.597843716060309,-0.5934833,0.0622902708971261,0.06229027,-0.004360387241034047
2017-09-27,-0.5439169960264056,-0.5478206,0.0622902762897981,0.062290274,0.003903631662955931
2017-09-28,-1.5701075310042834,-1.5020432,0.0622901736707446,0.06229018,-0.06806428378138296
2017-09-29,-1.5437081120339702,-1.469328,0.0622901763106865,0.062290184,-0.07438006618893844
2017-09-30,-1.5081329050176118,-1.5268555,0.0622901798682072,0.062290177,0.01872256373238823
2017-10-01,-1.4279900150543368,-1.4173754,0.0622901878824962,0.062290188,-0.010614569688430997
2017-10-02,-1.371441738021173,-1.3766761,0.0622901935373239,0.06229019,0.005234344589911011
2017-10-03,-1.3131457320125772,-1.3127209,0.0622901993669245,0.0622902,-0.00042483719903962935
2017-10-04,-1.2332566990541638,-1.2220274,0.0622902073558278,0.062290207,-0.011229278056544167
2017-10-05,-1.1815861040292974,-1.1698152,0.0622902125228873,0.062290214,-0.011770921343445373
2017-10-06,-1.1370181310366156,-1.1513455,0.0622902169796846,0.062290214,0.014327360372686115
2017-10-07,-1.0855304430346102,-1.0804454,0.0622902221284534,0.06229022,-0.005085034213504258
2017-10-08,-1.0180587090014015,-1.017541,0.0622902288756268,0.06229023,-0.0005176580904517891
2017-10-09,-0.9770576240436535,-0.9761891,0.0622902329757353,0.062290233,-0.0008685471431713054
2017-10-10,-0.9447953940033837,-0.94925475,0.0622902362019583,0.062290236,0.004459357202060588
2017-10-11,-0.8742651220333686,-0.88318264,0.0622902432549855,0.06229024,0.008917522810686584
2017-10-12,-0.8089780870190744,-0.816825,0.062290249783689,0.062290248,0.007846885610472754
2017-10-13,-0.7825788340271034,-0.79093254,0.0622902524236143,0.06229025,0.00835370209807973
2017-10-14,-0.754249138007479,-0.7414944,0.0622902552565839,0.062290255,-0.01275472081692719
2017-10-15,-0.7162352580469822,-0.70249885,0.0622902590579719,0.06229026,-0.01373640484034766
2017-10-16,-0.6692997560342473,-0.6756007,0.0622902637515221,0.062290262,0.006300951496728047
2017-10-17,-0.6081995940210305,-0.6107019,0.0622902698615383,0.06229027,0.0025023245809592254
2017-10-18,-0.5700030960426039,-0.5710584,0.0622902736811881,0.062290274,0.001055296482115331
2017-10-19,-0.5326804870114943,-0.5284225,0.062290277413449,0.062290277,-0.004258012150349266
2017-10-20,-0.4873101300262306,-0.49093512,0.0622902819504847,0.06229028,0.0036249869800712986
2017-10-21,-0.3986827290525241,-0.422831,0.0622902908132248,0.06229029,0.02414826984502838
2017-10-22,-0.34457378401964167,-0.34969985,0.0622902962241193,0.062290296,0.005126070831127372
2017-10-23,-0.2987666810477796,-0.30356622,0.0622903008048296,0.0622903,0.0047995363747057596
2017-10-24,-0.23897744706735669,-0.23936597,0.062290306783753,0.062290307,0.000388518060588261
2017-10-25,-0.1522805590653542,-0.15732515,0.0622903154534418,0.062290315,0.005044589517104292
2017-10-26,-0.09660653700616084,-0.10570045,0.062290321020844,0.06229032,0.009093911149242295
2017-10-27,-0.056662344052882396,-0.05746055,0.0622903250152633,0.062290322,0.0007982061659381756
2017-10-28,-0.02239837204598416,-0.010046761,0.0622903284416605,0.06229033,-0.01235161149435271
2017-10-29,0.027158431961660234,0.027633704,0.0622903333973409,0.062290333,-0.0004752722834302503
2017-10-30,0.08326938194525013,0.063812345,0.0622903390084359,0.062290337,0.01945703667890797
2017-10-31,0.14200199793812374,0.13164721,0.0622903448816975,0.062290344,0.010354783644643817
2017-11-01,0.16883792294808408,0.16473387,0.06229034756529,0.062290344,0.004104051130495279
2017-11-02,0.21289704298099732,0.2213502,0.062290351971202,0.06229035,-0.008453150042684321
2017-11-03,0.2829900339756941,0.27556938,0.0622903589805011,0.062290356,0.007420654646012714
2017-11-04,0.35676113695204403,0.3429486,0.0622903663576114,0.062290363,0.013812551203371548
2017-11-05,0.41392845200050044,0.4052725,0.0622903720743429,0.06229037,0.008655938372494454
2017-11-06,0.4499399799962056,0.43848136,0.0622903756754957,0.062290374,0.011458619322301189
2017-11-07,0.5018639109843903,0.501384,0.0622903808678888,0.062290378,0.00047989113270574535
2017-11-08,0.6130292339728838,0.5977388,0.0622903919844211,0.06229039,0.015290431539869864
2017-11-09,0.6736919799799068,0.648677,0.0622903980506957,0.062290393,0.0250149885171993
2017-11-10,0.694847526946929,0.6926256,0.0622904001662504,0.0622904,0.0022219447287588068
2017-11-11,0.7378501299531992,0.7492822,0.0622904044665107,0.062290404,-0.011432051309770763
2017-11-12,0.8123124569520135,0.8161701,0.0622904119127434,0.06229041,-0.0038576394453864182
2017-11-13,0.8461392509567789,0.84224856,0.0622904152954228,0.062290415,0.0038906919586709776
2017-11-14,0.8799659859809461,0.87142044,0.0622904186780963,0.062290415,0.008545542922932192
2017-11-15,0.9140472809893163,0.9207728,0.0622904220862258,0.062290423,-0.0067255099194971635
2017-11-16,0.9882550959516845,0.98949033,0.0622904295070073,0.06229043,-0.0012352342675843175
2017-11-17,1.048735234973619,1.0411856,0.0622904355550212,0.062290434,0.007549617526719565
2017-11-18,1.109397716955729,1.1060004,0.0622904416212694,0.06229044,0.0033972935243324898
2017-11-19,1.1573889439897567,1.1565387,0.0622904464203921,0.062290445,0.0008502190904646767
2017-11-20,1.208001852992524,1.192235,0.062290451481683,0.06229045,0.01576686001156702
2017-11-21,1.29051138199332,1.2802522,0.0622904597326359,0.062290456,0.01025916374686009
2017-11-22,1.3741492589647297,1.3596262,0.0622904680964236,0.062290464,0.014523084991646229
2017-11-23,1.42694675395183,1.4291357,0.0622904733761731,0.06229047,-0.0021889262468395287
2017-11-24,1.4682014519429298,1.4799639,0.0622904775016429,0.06229048,-0.011762446715822605
2017-11-25,1.516010228949649,1.5153122,0.0622904822825206,0.062290482,0.0006980341254303468
2017-11-26,1.5843551649796783,1.5937424,0.0622904891170142,0.06229049,-0.009387205625790429
2017-11-27,1.6422135909466284,1.6227695,0.0622904949028568,0.062290493,0.01944411596341311
2017-11-28,1.6655536579784913,1.6558828,0.0622904972368635,0.062290493,0.009670822590307715
2017-11-29,1.7107407549593612,1.7259427,0.0622905017555732,0.0622905,-0.015201975944264312
2017-11-30,0.4818087059876852,0.48969665,0.0622903788623683,0.062290378,-0.007887945709473598
2017-12-01,0.5029641189646661,0.5205483,0.0622903809779096,0.06229038,-0.017584165089136405
2017-12-02,0.5334775249332679,0.5043896,0.0622903840292502,0.06229038,0.0290879408687843
2017-12-03,0.6164237089517632,0.60619575,0.0622903923238686,0.06229039,0.010227961099437799
2017-12-04,0.6659801549818711,0.6576307,0.0622903972795132,0.062290397,0.008349472990293982
2017-12-05,0.7401875789375678,0.7285934,0.0622904047002556,0.062290404,0.011594169876135929
2017-12-06,0.7976089729661018,0.8010405,0.062290410442395,0.06229041,-0.0034314976340263925
2017-12-07,0.8377348999916157,0.84190613,0.0622904144549877,0.062290415,-0.004171230322257635
2017-12-08,0.8929715729355525,0.8973447,0.062290419978655,0.06229042,-0.004373135507135473
2017-12-09,0.9307306429728879,0.9322896,0.062290423754562,0.062290423,-0.0015589573994265749
2017-12-10,0.9815978509880585,0.9475945,0.0622904288412828,0.062290423,0.03400332755818791
2017-12-11,1.019793771997457,1.0204813,0.0622904326608749,0.06229043,-0.0006875760402627051
2017-12-12,1.0645438529993667,1.0718062,0.062290437135883,0.062290438,-0.007262339398704576
2017-12-13,1.096622677942971,1.1060004,0.0622904403437655,0.06229044,-0.009377745488425404
2017-12-14,-1.9230797250469056,-1.8888792,0.0622901383735252,0.06229014,-0.0342005450923768
2017-12-15,-1.9240244999996214,-1.9422765,0.0622901382790477,0.062290136,0.018251977814099263
2017-12-16,-1.8976250280161588,-1.9466143,0.0622901409189949,0.062290136,0.04898923742573569
2017-12-17,-1.8050644550599015,-1.8069724,0.0622901501750522,0.062290147,0.001907929392918284
2017-12-18,-1.7308554580569568,-1.7447973,0.0622901575959519,0.062290154,0.013941890919178412
2017-12-19,-1.6649483680630794,-1.667125,0.0622901641866609,0.06229016,0.002176618585480128
2017-12-20,-1.6208882630541765,-1.6264602,0.0622901685926714,0.062290166,0.005571931533530972
2017-12-21,-1.582508414033068,-1.5759827,0.0622901724306563,0.062290173,-0.006525724175585168
2017-12-22,-1.5386314000664925,-1.534679,0.0622901768183577,0.062290177,-0.003952344852564238
2017-12-23,-1.4749090660598485,-1.4902492,0.0622901831905911,0.06229018,0.015340090892055791
2017-12-24,-1.4305951220178192,-1.4236302,0.0622901876219855,0.062290188,-0.00696488443847354
2017-12-25,-1.3991354270298517,-1.396273,0.062290190767955,0.06229019,-0.0028624101002252544
2017-12-26,-1.3618125290632,-1.3503925,0.0622901945002448,0.062290195,-0.011420068240140857
2017-12-27,-1.313383140022495,-1.3143933,0.0622901993431837,0.0622902,0.0010101419141506085
2017-12-28,-1.2594564380297157,-1.2544856,0.0622902047358539,0.062290203,-0.0049708308824989444
2017-12-29,-1.2422328050237796,-1.2345862,0.0622902064582172,0.062290207,-0.007646566162695656
2017-12-30,-1.2134657990242603,-1.1990657,0.0622902093349178,0.06229021,-0.01440011375204353
2017-12-31,-1.1641625810576706,-1.1716911,0.0622902142652396,0.062290214,0.00752847900855258
2018-01-01,-1.1041187600313584,-1.1131954,0.0622902202696217,0.062290218,0.00907665928016499
2018-01-02,-1.051320028047642,-1.0608939,0.0622902255494949,0.062290225,0.009573865194240305
2018-01-03,-1.024300860033578,-1.021113,0.0622902282514117,0.06229023,-0.0031878219705285815
2018-01-04,-0.9961537400515752,-0.98942286,0.0622902310661237,0.06229023,-0.006730882290192142
2018-01-05,-0.936800925027681,-0.94925475,0.0622902370014052,0.062290236,0.01245382617776336
2018-01-06,-0.889428416056548,-0.90768033,0.0622902417386561,0.06229024,0.01825191660412706
2018-01-07,-0.8602246280575709,-0.8625144,0.0622902446590349,0.062290244,0.002289748582748885
2018-01-08,-0.8408163310047456,-0.83930063,0.0622902465998646,0.062290244,-0.00151569852793898
2018-01-09,-0.8069889460143864,-0.79940796,0.0622902499826031,0.06229025,-0.007580987030011421
2018-01-10,-0.7591795190414752,-0.74983114,0.0622902547635458,0.062290255,-0.009348379000123863
2018-01-11,-0.7380235510223709,-0.7394694,0.0622902568791426,0.062290255,0.0014458579665816984
2018-01-12,-0.718869439045311,-0.7337951,0.0622902587945538,0.062290255,0.014925667365669248
2018-01-13,-0.6981503160308211,-0.70249885,0.0622902608664661,0.06229026,0.004348537175813405
2018-01-14,-0.649721157014449,-0.6553633,0.062290265709382,0.062290262,0.005642164289872298
2018-01-15,-0.5868730150460078,-0.5710584,0.0622902719941962,0.062290274,-0.015814622521288513
2018-01-16,-0.5685928030491061,-0.55919987,0.0622902738222174,0.062290274,-0.00939293341638514
2018-01-17,-0.5455062700165936,-0.5465205,0.0622902761308707,0.062290274,0.0010142015562824014
2018-01-18,-0.4996988720029627,-0.49093512,0.0622902807116105,0.06229028,-0.008763754996660822
2018-01-19,-0.45039600903018506,-0.45919114,0.0622902856418968,0.062290285,0.008795134482540767
2018-01-20,-0.39672372206811524,-0.40329966,0.0622902910091255,0.06229029,0.006575937422470091
2018-01-21,-0.37862633806007295,-0.38349,0.0622902928188639,0.062290292,0.004863658134766524
2018-01-22,-0.34985970800982535,-0.33626214,0.0622902956955269,0.062290296,-0.01359757131205619
2018-01-23,-0.30598286702987476,-0.30844593,0.062290300083211,0.0622903,0.00246306345108227
2018-01-24,-0.2634167960147149,-0.25799978,0.0622903043398181,0.062290303,-0.005417018220830627
2018-01-25,-0.24251511403228232,-0.24098119,0.0622903064299863,0.062290307,-0.0015339226355690627
2018-01-26,-0.23708910106001735,-0.23473543,0.0622903069725876,0.062290307,-0.0023536717730605616
2018-01-27,-0.1973990330222941,-0.1910811,0.0622903109415944,0.06229031,-0.006317926359543868
2018-01-28,-0.15115483302519106,-0.15555196,0.0622903155660144,0.062290315,0.004397122078683147
2018-01-29,-0.11758198706357526,-0.106544465,0.062290318923299,0.06229032,-0.011037522236991393
2018-01-30,-0.09668048403521645,-0.08693236,0.0622903210134493,0.062290322,-0.009748122909270407
2018-01-31,-0.07228343305853979,-0.06819168,0.0622903234531544,0.062290322,-0.004091755726615354
2018-02-01,-0.025602383060818745,-0.010046761,0.0622903281212594,0.06229033,-0.015555622509187295
2018-02-02,0.02894349697413201,0.027633704,0.0622903335758474,0.062290333,0.0013097927290415257
2018-02-03,0.0542142739728968,0.05926664,0.0622903361029251,0.062290337,-0.0050523677631337804
2018-02-04,0.07493315197504291,0.06956776,0.0622903381748129,0.062290337,0.005365389659769626
2018-02-05,0.11331222599109125,0.11318757,0.0622903420127203,0.06229034,0.00012465959151697348
2018-02-06,0.15999314796621977,0.16410321,0.0622903466808125,0.062290344,-0.004110062006161819
2018-02-07,0.18464434196896473,0.17203863,0.0622903491459319,0.062290348,0.01260571231789509
2018-02-08,0.1959329749834371,0.21241581,0.0622903502747952,0.06229035,-0.016482839416282147
2018-02-09,0.21315626395901344,0.21951604,0.0622903519971241,0.06229035,-0.006359774935639884
2018-02-10,0.2532829309481732,0.25650918,0.0622903560097908,0.062290356,-0.0032262538891680848
2018-02-11,0.2833598249790681,0.28353378,0.0622903590174802,0.06229036,-0.00017395678782339274
2018-02-12,0.3084480009601931,0.32384408,0.0622903615262978,0.062290363,-0.015396074242748803
2018-02-13,0.32497982999091235,0.33075866,0.0622903631794807,0.062290363,-0.0057788310408106724
2018-02-14,0.3591715749817759,0.35936508,0.0622903665986552,0.062290367,-0.0001935008448690212
2018-02-15,0.4281361389718574,0.4241712,0.0622903734951116,0.06229037,0.003964929636530279
2018-02-16,0.47175808599864144,0.47003248,0.0622903778573063,0.062290378,0.0017256026593317486
2018-02-17,0.49484388996157147,0.501384,0.0622903801658867,0.062290378,-0.0065401298901131
2018-02-18,0.5375919429756459,0.53695637,0.062290384440692,0.06229038,0.00063557309878437
2018-02-19,0.569416493956254,0.56204545,0.0622903876231471,0.062290385,0.007371038977311173
2018-02-20,0.618973244950749,0.6203192,0.0622903925788222,0.062290393,-0.0013459426903947858
2018-02-21,0.6420588989641818,0.6421452,0.0622903948873876,0.062290393,-8.631750081455891e-05
2018-02-22,0.6501060899333222,0.65043765,0.0622903956921067,0.062290393,-0.0003315631314055878
2018-02-23,0.685426056953875,0.68618286,0.0622903992241034,0.062290397,-0.0007567996058783777
2018-02-24,0.7281739889536398,0.72294194,0.0622904034988966,0.0622904,0.005232053891231381
2018-02-25,0.7530072819450506,0.75873625,0.0622904059822259,0.062290404,-0.005728970839678382
2018-02-26,0.7669169409946219,0.7768201,0.0622904073731918,0.062290408,-0.009903182201026262
2018-02-27,0.8026737829958108,0.8011665,0.062290410948876,0.06229041,0.0015073081766274754
2018-02-28,0.8397413629734896,0.84224856,0.062290414655634,0.062290415,-0.0025071960246183522
2018-03-01,1.6777211749724463,1.665749,0.0622904984536152,0.062290497,0.011972221153171425
2018-03-02,1.727023058936683,1.7063831,0.0622905033838036,0.0622905,0.020639949843970662
2018-03-03,1.771081583959444,1.8092812,0.0622905077896561,0.062290512,-0.038199646013395316
2018-03-04,1.791982116999824,1.7715828,0.0622905098797094,0.06229051,0.02039927512665507
2018-03-05,1.8404099049601497,1.8534647,0.0622905147224882,0.062290516,-0.013054817673212149
2018-03-06,1.8835943469547312,1.8534553,0.0622905190409324,0.062290516,0.030139041855243853
2018-03-07,1.898195535962599,1.9148656,0.0622905205010513,0.06229052,-0.016670077021104568
2018-03-08,1.9147266679814257,1.9325151,0.0622905221541645,0.062290523,-0.017788476366718875
2018-03-09,1.9535416489330215,1.9627957,0.0622905260356626,0.062290527,-0.009254085472496065
2018-03-10,1.9917375009698146,2.0034487,0.0622905298552478,0.06229053,-0.01171122377688949
2018-03-11,2.0117641199440817,2.0034487,0.0622905318579097,0.06229053,0.008315395197377562
2018-03-12,2.0204302069587454,1.9974804,0.0622905327245184,0.06229053,0.022949814502690735
2018-03-13,2.05487556699524,2.0882127,0.0622905361690544,0.062290538,-0.03333716150512611
2018-03-14,2.107053475933207,2.0882127,0.0622905413868453,0.062290538,0.01884074743284092
2018-03-15,-1.880367797024718,-1.8170063,0.062290142644718,0.062290147,-0.06336144746111927
2018-03-16,-1.9097134890122547,-2.0035279,0.0622901397101488,0.06229013,0.09381439070271114
2018-03-17,-1.8324458600504911,-1.8242216,0.0622901474369117,0.062290147,-0.00822424902754193
2018-03-18,-1.7971244980347079,-1.8089806,0.0622901509690479,0.062290147,0.011856086109884423
2018-03-19,-1.7329651700453974,-1.7286448,0.0622901573849807,0.062290158,-0.00432032217552436
2018-03-20,-1.6987007480512295,-1.7168193,0.0622901608114229,0.062290158,0.018118538295206044
2018-03-21,-1.6760507890595244,-1.6641834,0.0622901630764188,0.06229016,-0.011867410839919934
2018-03-22,-1.6299891180543424,-1.6345011,0.0622901676825859,0.062290166,0.004511981532144382
2018-03-23,-1.5859290930508863,-1.5717775,0.0622901720885884,0.062290173,-0.0141516300915967
2018-03-24,-1.5389934620441137,-1.5398368,0.0622901767821515,0.062290177,0.0008433022915186328
2018-03-25,-1.5338212070586943,-1.53675,0.062290177299377,0.062290177,0.002928751933310103
2018-03-26,-1.5076758150267544,-1.4797931,0.0622901799139162,0.06229018,-0.027882743279928235
2018-03-27,-1.4592463690177304,-1.4400431,0.0622901847568608,0.062290184,-0.0192032772437436
2018-03-28,-1.416060347037007,-1.4173754,0.062290189075463,0.062290188,0.001315098328898756
2018-03-29,-1.3855457390438142,-1.3766761,0.0622901921269238,0.06229019,-0.008869656432730189
2018-03-30,-1.3639528180509064,-1.3503925,0.0622901942862159,0.062290195,-0.01356035722784732
2018-03-31,-1.334748896061888,-1.3345115,0.0622901972066081,0.062290195,-0.00023737758349451354
2018-04-01,-1.2762700180024567,-1.2831281,0.0622902030544959,0.062290203,0.0068581243544159065
2018-04-02,-1.2326471890422575,-1.2200229,0.0622902074167788,0.062290207,-0.01262427224843421
2018-04-03,-1.2062479930186054,-1.1990657,0.0622902100566984,0.06229021,-0.0071823077463886165
2018-04-04,-1.1669945830516948,-1.1609809,0.0622902139820394,0.062290214,-0.006013643186582485
2018-04-05,-1.1325475990364708,-1.1520613,0.0622902174267378,0.062290214,0.019513744156583357
2018-04-06,-1.0764365200588433,-1.0628235,0.0622902230378457,0.06229022,-0.013612986047002451
2018-04-07,-1.0530958310245309,-1.0600439,0.0622902253719146,0.062290225,0.006948099982854394
2018-04-08,-1.0553517860306671,-1.0563912,0.0622902251463191,0.062290225,0.0010394531355926162
2018-04-09,-0.9948713500240736,-0.9900242,0.0622902311943627,0.06229023,-0.0048471410015515914
2018-04-10,-0.9566748170042327,-0.95892686,0.062290235014016,0.062290233,0.002252039513559012
2018-04-11,-0.9239755260209703,-0.9140868,0.0622902382839451,0.062290236,-0.009888707325901969
2018-04-12,-0.9036934440348476,-0.8882691,0.0622902403121533,0.06229024,-0.015424317619594952
2018-04-13,-0.8653142240244716,-0.8615618,0.0622902441500753,0.062290244,-0.0037524488169520254
2018-04-14,-0.8161941640605352,-0.8127077,0.0622902490620813,0.062290248,-0.003486441873493007
2018-04-15,-0.7599002330160864,-0.7541828,0.0622902546914744,0.062290255,-0.0057174174643286335
2018-04-16,-0.7260731400143827,-0.7337951,0.0622902580741837,0.062290255,0.007721966396597502
2018-04-17,-0.696615470030526,-0.6866971,0.0622902610199507,0.062290262,-0.009918344595650552
2018-04-18,-0.6426890360178295,-0.63827926,0.0622902664125941,0.062290266,-0.0044097768129649495
2018-04-19,-0.5981925470244231,-0.5934833,0.062290270862243,0.06229027,-0.004709218205148247
2018-04-20,-0.5477617040505756,-0.5501773,0.0622902759053273,0.062290274,0.002415572083915407
2018-04-21,-0.5200517830261653,-0.5271223,0.0622902786763194,0.062290277,0.007070535718494142
2018-04-22,-0.48167256502806843,-0.4798015,0.0622902825142412,0.06229028,-0.0018710592240065438
2018-04-23,-0.4299308690308701,-0.42417783,0.0622902876884108,0.06229029,-0.005753043579972861
2018-04-24,-0.38780192002096925,-0.38886526,0.0622902919013057,0.062290292,0.0010633422490045064
2018-04-25,-0.35615963504820325,-0.35712048,0.0622902950655342,0.062290292,0.0009608490654899882
2018-04-26,-0.32783003901804,-0.31713837,0.0622902978984938,0.062290296,-0.010691665166263853
2018-04-27,-0.28919649300296335,-0.28563732,0.0622903017618484,0.0622903,-0.003559173914981173
2018-04-28,-0.24007650506474576,-0.23936597,0.0622903066738472,0.062290307,-0.0007105399368008136
2018-04-29,-0.19532596401417024,-0.19217898,0.0622903111489013,0.06229031,-0.003146984498140881
2018-04-30,-0.1719854770404483,-0.17572801,0.06229031348295,0.06229031,0.0037425311106060732
2018-05-01,-0.13841259506597314,-0.13014454,0.0622903168402382,0.06229032,-0.008268058570764403
2018-05-02,-0.08448623606271966,-0.088399224,0.0622903222328741,0.062290322,0.003912987920568156
2018-05-03,-0.046289758068307485,-0.05746055,0.0622903260525219,0.062290322,0.011170792150513087
2018-05-04,-0.010278003031993777,-0.0040812246,0.0622903296536974,0.06229033,-0.006196778474981457
2018-05-05,0.011314736994560981,0.023719866,0.0622903318129714,0.062290333,-0.012405128834191537
2018-05-06,0.04470488194907585,0.034713328,0.0622903351519859,0.062290333,0.009991554064401775
2018-05-07,0.1043114719601057,0.110411994,0.0622903411126449,0.06229034,-0.006100522199115943
2018-05-08,0.14338185500006873,0.14875714,0.0622903450196832,0.062290344,-0.005375289808700501
2018-05-09,0.17003530694559288,0.16510798,0.0622903476850284,0.062290344,0.0049273265750713335
2018-05-10,0.1977452029899851,0.21241581,0.062290350456018,0.06229035,-0.014670611409734136
2018-05-11,0.24555439896711828,0.24955127,0.0622903552369376,0.062290356,-0.00399686746469019
2018-05-12,0.31958004298449083,0.31931162,0.062290362639502,0.062290363,0.0002684241795591902
2018-05-13,0.34947459898182487,0.33731022,0.0622903656289576,0.062290363,0.012164374210325235
2018-05-14,0.3881079969902945,0.39562804,0.0622903694922974,0.06229037,-0.007520038078217439
2018-05-15,0.4252480049343754,0.42725086,0.0622903732062982,0.06229037,-0.002002857187206608
2018-05-16,0.4918457239405649,0.48377523,0.0622903798660701,0.062290378,0.008070495678617284
2018-05-17,0.558260795993637,0.55480725,0.0622903865075773,0.062290385,0.0034535502622832226
2018-05-18,0.5763580079864994,0.5649282,0.0622903883172985,0.062290385,0.011429833967639524
2018-05-19,0.6149914519998356,0.6203192,0.0622903921806429,0.062290393,-0.005327735641308173
2018-05-20,0.6693547929814692,0.6690404,0.062290397616977,0.062290397,0.0003144110730524119
2018-05-21,0.711301188990876,0.7112552,0.0622904018116166,0.0622904,4.599623422318899e-05
2018-05-22,0.7346416339842898,0.73907274,0.0622904041456611,0.062290404,-0.00443110609368258
2018-05-23,0.7597299649803047,0.7575461,0.0622904066544942,0.062290404,0.0021838381378058713
2018-05-24,0.7957417829523861,0.78348935,0.062290410255676,0.062290408,0.012252436448174642
2018-05-25,-0.8707500980670302,-0.8495427,0.0622902436064879,0.062290244,-0.02120742066453385
2018-05-26,-0.8168238410655171,-0.79400986,0.0622902489991136,0.06229025,-0.02281397673522534
2018-05-27,-0.8048437770413752,-0.8401552,0.06229025019712,0.062290244,0.0353114072275762
2018-05-28,-0.7803748840184976,-0.77282596,0.0622902526440093,0.06229025,-0.0075489276738931466
2018-05-29,-0.7343134620502179,-0.7394694,0.0622902572501515,0.062290255,0.005155946938734779
2018-05-30,-0.683882707061545,-0.6866971,0.062290262293227,0.062290262,0.0028144183733305184
2018-05-31,-0.6476164910590443,-0.64628345,0.0622902659198486,0.062290266,-0.0013330433165821276
2018-06-01,-0.608983071054281,-0.6107019,0.0622902697831906,0.06229027,0.0017188475477087906
2018-06-02,-0.5589892820151432,-0.55919987,0.0622902747825695,0.062290274,0.00021058761757775102
2018-06-03,-0.5063737850558025,-0.51411146,0.0622902800441192,0.062290277,0.007737674199415956
2018-06-04,-0.45506914306270296,-0.45919114,0.0622902851745834,0.062290285,0.004122000450022867
2018-06-05,-0.4406500000303515,-0.4342824,0.0622902866164977,0.062290285,-0.00636760776693901
2018-06-06,-0.4076969310068401,-0.41005903,0.0622902899118046,0.06229029,0.0023621038175312137
2018-06-07,-0.3910930250483613,-0.38349,0.0622902915721952,0.062290292,-0.0076030288535218205
2018-06-08,-0.3131349960577845,-0.31713837,0.0622902993679981,0.062290296,0.004003377793991625
2018-06-09,-0.29740504302322446,-0.30356622,0.0622903009409934,0.0622903,0.006161174399260894
2018-06-10,-0.28192959904138615,-0.27542743,0.0622903024885378,0.062290303,-0.006502168173237344
2018-06-11,-0.24042011305402955,-0.23473543,0.0622903066394864,0.062290307,-0.005684683767072762
2018-06-12,-0.19978449304625112,-0.19217898,0.0622903107030484,0.06229031,-0.007605513530221764
2018-06-13,-0.15696421405697603,-0.16156748,0.0622903149850763,0.062290315,0.00460326531504851
2018-06-14,-0.1388672060675944,-0.13014454,0.0622903167947771,0.06229032,-0.008722669572385655
2018-06-15,-0.10303796205146654,-0.10174947,0.0622903203777015,0.06229032,-0.0012884897313867327
2018-06-16,-0.042739963027060845,-0.03159287,0.0622903264075014,0.062290326,-0.011147094758571008
2018-06-17,0.0046322969765588695,0.011362645,0.0622903311447274,0.06229033,-0.006730347867198283
2018-06-18,0.020107570955496534,0.021852998,0.0622903326922548,0.062290333,-0.0017454271074717198
2018-06-19,0.05156737897804575,0.05475925,0.0622903358382356,0.062290333,-0.003191870113102624
2018-06-20,0.09457011194979881,0.10124338,0.0622903401385089,0.06229034,-0.006673264782073751
2018-06-21,0.13607946394711412,0.1344228,0.0622903442894441,0.062290344,0.001656669962700974
2018-06-22,0.17453023096192233,0.17103386,0.0622903481345208,0.062290348,0.0034963717089926405
2018-06-23,0.1956858129703587,0.21057314,0.062290350250079,0.06229035,-0.01488732383612934
2018-06-24,0.21447446693634298,0.22319287,0.0622903521289444,0.06229035,-0.008718403680569864
2018-06-25,0.26359426398558927,0.2746553,0.0622903570409241,0.062290356,-0.011061048314139121
2018-06-26,0.3059775289387945,0.30638596,0.0622903612792506,0.06229036,-0.00040843521640265834
2018-06-27,0.3518564139354252,0.35624826,0.0622903658671391,0.062290367,-0.004391845608947342
2018-06-28,0.3721381339888419,0.37755054,0.0622903678953111,0.062290367,-0.005412408365741861
2018-06-29,0.41382981499915594,0.4129618,0.0622903720644792,0.06229037,0.0008680041719006937
2018-06-30,0.46669957898259895,0.46976748,0.0622903773514556,0.062290378,-0.003067902106039355
2018-07-01,0.5101391269829447,0.50845945,0.0622903816954104,0.06229038,0.001679678168552634
2018-07-02,0.5334793959366202,0.53255534,0.0622903840294373,0.06229038,0.0009240542160391385
2018-07-03,0.550265435994568,0.5667603,0.0622903857080413,0.062290385,-0.016494865595397812
2018-07-04,0.587150711939266,0.58634347,0.0622903893965689,0.06229039,0.0008072447037008601
2018-07-05,0.6430791389677726,0.6421452,0.0622903949894116,0.062290393,0.000933922502776241
2018-07-06,0.6441354259700827,0.6434846,0.0622903950950403,0.062290393,0.0006508335323385239
2018-07-07,0.6524371589516909,0.66125226,0.0622903959252136,0.062290397,-0.008815101256439029
2018-07-08,0.6897593779475741,0.68618286,0.0622903996574355,0.062290397,0.003576521387820719
2018-07-09,0.7330165249785914,0.73907274,0.0622904039831502,0.062290404,-0.006056215099381035
2018-07-10,0.769719482943132,0.80875915,0.062290407653446,0.06229041,-0.03903966994611974
2018-07-11,0.7760188109467991,0.77716255,0.0622904082833788,0.062290408,-0.00114374093308367
2018-07-12,0.8087892419683662,0.8011665,0.0622904115604219,0.06229041,0.007622767149182863
2018-07-13,0.8520464199468503,0.8497649,0.0622904158861397,0.062290415,0.00228153642863127
2018-07-14,0.9033507610001212,0.9055052,0.0622904210165738,0.06229042,-0.0021544193587654803
2018-07-15,0.9369950439847008,0.94230586,0.0622904243810021,0.062290423,-0.005310818918894178
2018-07-16,0.9546548659922216,0.967182,0.0622904261469843,0.062290426,-0.012527114617672197
2018-07-17,0.9987859709431612,0.9994647,0.0622904305600948,0.06229043,-0.0006787197421109781
2018-07-18,1.0472139699846394,1.0411856,0.0622904354028947,0.062290434,0.006028352537740034
2018-07-19,1.0806035339455677,1.0768152,0.0622904387418511,0.062290438,0.003788286409862174
2018-07-20,1.10813060595627,1.1060004,0.0622904414945583,0.06229044,0.002130182524873625
2018-07-21,1.1266644639462697,1.1227382,0.0622904433479441,0.06229044,0.003926221796916707
2018-07-22,1.156376418995353,1.1648173,0.0622904463191396,0.062290445,-0.008440914226082619
2018-07-23,1.1945722769995948,1.1941946,0.0622904501387254,0.06229045,0.00037772171700201085
2018-07-24,1.2172931369847095,1.2185886,0.0622904524108114,0.062290452,-0.0012954536372387082
2018-07-25,1.2301466039560394,1.2424717,0.0622904536961581,0.062290452,-0.012325090990249699
2018-07-26,1.2729666369615256,1.2789652,0.0622904579781614,0.062290456,-0.0059985977949441605
2018-07-27,1.3085409449747898,1.3080071,0.0622904615355922,0.06229046,0.0005338238886691826
2018-07-28,1.3251446499829012,1.330176,0.0622904631959627,0.062290464,-0.005031345843820034
2018-07-29,1.3504146439968778,1.3584255,0.0622904657229621,0.062290464,-0.0080108540118502
2018-07-30,1.375939325948261,1.3763512,0.0622904682754303,0.062290467,-0.00041191134879703384
2018-07-31,1.418504648950658,1.4217474,0.0622904725319626,0.06229047,-0.003242797109522577
2018-08-01,1.4706826769600445,1.4681454,0.0622904777497654,0.062290475,0.002537306476646073
2018-08-02,0.6454836549985021,0.64412814,0.0622903952298632,0.062290393,0.001355511211118099
2018-08-03,0.6373639029749745,0.6409555,0.062290394417888,0.062290393,-0.003591604780305069
2018-08-04,0.6502172449768251,0.63368833,0.0622903957032222,0.062290393,0.016528914326495503
2018-08-05,0.7380422269859244,0.73315144,0.0622904044857204,0.062290404,0.004890791133873584
2018-08-06,0.7587604989450769,0.74508566,0.0622904065575476,0.062290404,0.013674842302163093
2018-08-07,0.7633119049332837,0.7811986,0.0622904070126882,0.062290408,-0.0178867158629199
2018-08-08,0.7873434899885456,0.78392756,0.0622904094158467,0.062290408,0.003415930135945544
2018-08-09,0.8163637299496429,0.8149371,0.0622904123178707,0.06229041,0.0014266152340667304
2018-08-10,0.8606768119728825,0.85496736,0.0622904167491789,0.062290415,0.005709456244733069
2018-08-11,0.8910076829821145,0.88308316,0.062290419782266,0.06229042,0.007924518290189475
2018-08-12,0.9049895989543533,0.9055052,0.0622904211804576,0.06229042,-0.0005155814045334495
2018-08-13,0.9595345079604911,0.93807864,0.0622904266349485,0.062290423,0.02145586606901162
2018-08-14,0.99492664697165,0.9994647,0.0622904301741624,0.06229043,-0.0045380437136222085
2018-08-15,1.0162639349498015,1.0204813,0.0622904323078912,0.06229043,-0.0042174130879182314
2018-08-16,1.0413515659501993,1.0411856,0.0622904348166543,0.062290434,0.0001659485032998731
2018-08-17,1.0668762399912435,1.0718062,0.0622904373691217,0.062290438,-0.004929952406827809
2018-08-18,1.1015766269995009,1.1060004,0.0622904408391604,0.06229044,-0.00442379643189561
2018-08-19,1.1384616279558335,1.146558,0.0622904445276605,0.062290445,-0.008096418385108883
2018-08-20,1.1561212300004176,1.1507819,0.0622904462936207,0.062290445,0.0053393601121118905
2018-08-21,1.1539365149526581,1.1548367,0.0622904460751492,0.062290445,-0.0009001397104277942
2018-08-22,1.1995603329401083,1.1951138,0.062290450637531,0.06229045,0.004446554825789484
2018-08-23,1.2220263649609375,1.2235551,0.0622904528841342,0.062290452,-0.0015287230822753628
2018-08-24,1.2578554379333307,1.2681819,0.0622904564670415,0.062290456,-0.010326482118244051
2018-08-25,1.2759520339605812,1.2789652,0.0622904582767011,0.062290456,-0.0030132007958885154
2018-08-26,1.2981631349745504,1.3080071,0.0622904604978112,0.06229046,-0.009843986111570224
2018-08-27,1.3630124859331794,1.362411,0.0622904669827463,0.062290467,0.0006014637469000661
2018-08-28,1.411440059967406,1.3920708,0.0622904718255037,0.062290467,0.019369289703734083
2018-08-29,1.4563720579507944,1.4457155,0.0622904763187035,0.062290475,0.010656511342823194
2018-08-30,-1.7778737910340014,-1.7613913,0.0622901528941186,0.062290154,-0.016482508952397446
2018-08-31,-1.7744488960136362,-1.7546142,0.0622901532366081,0.062290154,-0.01983466204299411
2018-09-01,-1.75591425101429,-1.7674961,0.0622901550900726,0.062290154,0.011581857994499067
2018-09-02,-1.6801406170496858,-1.6656607,0.062290162667436,0.06229016,-0.014479878104678434
2018-09-03,-1.6694709830539223,-1.6641834,0.0622901637343994,0.06229016,-0.005287604834317783
2018-09-04,-1.648751733057674,-1.6199253,0.0622901658063244,0.06229017,-0.02882647251385073
2018-09-05,-1.6088069600128652,-1.6025106,0.0622901698008017,0.06229017,-0.006296388533067798
2018-09-06,-1.5793488350457352,-1.5763472,0.0622901727466142,0.062290173,-0.0030016031808060006
2018-09-07,-1.5647467740270704,-1.5688381,0.0622901742068203,0.062290173,0.004091345479765529
2018-09-08,-1.5475230540074048,-1.5384175,0.0622901759291923,0.062290177,-0.00910559547316403
2018-09-09,-1.5163171650234286,-1.5138376,0.0622901790497812,0.062290177,-0.002479589110953029
2018-09-10,-1.4683245020546964,-1.460134,0.0622901838490475,0.062290184,-0.008190472666268711
2018-09-11,-1.434497066063467,-1.4246856,0.0622901872317911,0.062290188,-0.009811468643728283
2018-09-12,-1.403982069006493,-1.4173754,0.0622901902832908,0.062290188,0.013393376359412734
2018-09-13,-1.3710284140627804,-1.3766761,0.0622901935786563,0.06229019,0.005647668548303564
2018-09-14,-1.3212880480006906,-1.3156477,0.0622901985526929,0.0622902,-0.005640326710102173
2018-09-15,-1.2850929460156424,-1.3130349,0.0622902021722031,0.0622902,0.027941946066571965
2018-09-16,-1.2578196080526016,-1.2544856,0.0622902048995369,0.062290203,-0.0033340009053848263
2018-09-17,-1.2471499530319896,-1.2345862,0.0622902059665024,0.062290207,-0.012563714170905627
2018-09-18,-1.2190027470077025,-1.2196195,0.062290208781223,0.062290207,0.0006167655502808955
2018-09-19,-1.190855514060507,-1.1839404,0.0622902115959463,0.06229021,-0.006915103446493376
2018-09-20,-1.1561541550519916,-1.1524502,0.0622902150660822,0.062290214,-0.0037039511564227467
2018-09-21,-1.1550971950463618,-1.1412226,0.0622902151717782,0.062290214,-0.013874598877843702
2018-09-22,-1.1199589310117997,-1.1159914,0.0622902186856046,0.062290218,-0.003967577023152202
2018-09-23,-1.0695277030681183,-1.0628235,0.0622902237287274,0.06229022,-0.006704169056277465
2018-09-24,-1.0245937620556589,-1.0231532,0.0622902282221215,0.06229023,-0.0014405762112374987
2018-09-25,-1.000196141048848,-1.0100105,0.0622902306618836,0.06229023,0.009814339831889285
2018-09-26,-0.9829725530069444,-0.98035204,0.0622902323842424,0.062290233,-0.002620508901414631
2018-09-27,-0.9397864770416264,-0.94925475,0.06229023670285,0.062290236,0.009468274163817902
2018-09-28,-0.8808705040386222,-0.88318264,0.0622902425944473,0.06229024,0.0023121408054329606
2018-09-29,-0.8457322740046402,-0.84025323,0.0622902461082703,0.062290244,-0.005479040095033305
2018-09-30,-0.8300735490629485,-0.83381176,0.0622902476741428,0.062290248,0.0037382108857819674
2018-10-01,-0.7984308630221149,-0.78495413,0.0622902508384114,0.06229025,-0.013476732372548206
2018-10-02,-0.7558646160366056,-0.7400933,0.0622902550950361,0.062290255,-0.015771325230788946
2018-10-03,-0.7207264540037839,-0.7337951,0.0622902586088523,0.062290255,0.013068652407196346
2018-10-04,-0.7046308670571877,-0.70249885,0.062290260218411,0.06229026,-0.0021320138505531716
2018-10-05,-0.6891550290155646,-0.67869294,0.0622902617659948,0.062290262,-0.010462092118286748
2018-10-06,-0.6505212640089963,-0.6553633,0.0622902656293713,0.062290262,0.004842057295324942
2018-10-07,-0.5920424090560816,-0.5934833,0.0622902714772568,0.06229027,0.0014409197631932713
2018-10-08,-0.5577781730242704,-0.55919987,0.0622902749036804,0.062290274,0.0014216966084505955
2018-10-09,-0.5388068530232104,-0.5271223,0.0622902768008124,0.062290277,-0.011684534278550984
2018-10-10,-0.5019209330103802,-0.49093512,0.0622902804894044,0.06229028,-0.01098581600407833
2018-10-11,-0.4548026660139426,-0.45322627,0.0622902852012311,0.062290285,-0.0015763977224692027
2018-10-12,-0.4015673370216799,-0.4145982,0.062290290524764,0.06229029,0.013030859723238919
2018-10-13,-0.3557599460163319,-0.3603333,0.0622902951055031,0.062290292,0.004573347660044469
2018-10-14,-0.3191282670067519,-0.31713837,0.062290298768671,0.062290296,-0.001989893154975775
2018-10-15,-0.28530103002299967,-0.28563732,0.0622903021513947,0.0622903,0.000336289064982509
2018-10-16,-0.23293959601489167,-0.23793428,0.0622903073875381,0.062290307,0.004994680446709587
2018-10-17,-0.19186709006302483,-0.18395555,0.0622903114947887,0.06229031,-0.007911539869238204
2018-10-18,-0.18076080000872796,-0.18285768,0.0622903126054177,0.06229031,0.0020968773317795453
2018-10-19,-0.16135268704475791,-0.14759439,0.062290314546229,0.062290315,-0.013758294745105815
2018-10-20,-0.12184526700098619,-0.12214387,0.062290318496971,0.06229032,0.0002986050812472385
2018-10-21,-0.07359902604031632,-0.06819168,0.0622903233215951,0.062290322,-0.005407348708391879
2018-10-22,-0.04719985305379204,-0.05746055,0.0622903259615124,0.062290322,0.010260697165028532
2018-10-23,-0.021055023002869433,-0.008437287,0.0622903285759954,0.06229033,-0.012617735940462893
2018-10-24,0.04397761495245067,0.043451477,0.0622903350792592,0.062290333,0.0005261381102856788
2018-10-25,0.11399915796073135,0.093758814,0.0622903420814135,0.06229034,0.020240343923885185
2018-10-26,0.1397787159629349,0.1344228,0.0622903446593693,0.062290344,0.005355921978521749
2018-10-27,0.16155388499194956,0.16510798,0.0622903468368862,0.062290344,-0.0035540953785719864
2018-10-28,0.1938157899450399,0.19428639,0.0622903500630767,0.062290348,-0.0004706011939905608
2018-10-29,0.2451205439318871,0.24955127,0.0622903551935521,0.062290356,-0.00443072249992138
2018-10-30,0.2970446959932316,0.29361394,0.0622903603859673,0.06229036,0.003430755515860362
2018-10-31,0.3195112289328117,0.3217514,0.0622903626326206,0.062290363,-0.00224015699438862
2018-11-01,0.33236505998790467,0.3456768,0.0622903639180037,0.062290363,-0.013311749561427
2018-11-02,0.373183174987024,0.37813187,0.0622903679998152,0.062290367,-0.0049486914680541005
2018-11-03,0.4157489589401431,0.41172513,0.0622903722563936,0.06229037,0.004023825282687632
2018-11-04,0.44739117494030367,0.45000607,0.0622903754206152,0.062290374,-0.002614892812534464
2018-11-05,0.48165501496943985,0.47149867,0.0622903788469992,0.062290378,0.010156346775622715
2018-11-06,0.5111126299972568,0.5228238,0.0622903817927607,0.06229038,-0.01171118058013576
2018-11-07,0.5700276519554626,0.5649282,0.0622903876842629,0.062290385,0.005099477936602703
2018-11-08,0.6293795439676897,0.637332,0.0622903936194521,0.062290393,-0.007952478222404302
2018-11-09,0.6715083179786863,0.6690404,0.0622903978323295,0.062290397,0.0024679360702695163
2018-11-10,0.7028960219424008,0.6972726,0.0622904009710999,0.0622904,0.00562342319896203
2018-11-11,0.7552568669771942,0.75873625,0.0622904062071844,0.062290404,-0.0034793858075348183
2018-11-12,0.8198519659691206,0.8161701,0.0622904126666943,0.06229041,0.003681869571720675
2018-11-13,0.8663500999928075,0.8530628,0.0622904173165077,0.062290415,0.013287291479166186
2018-11-14,0.887068667965174,0.8811786,0.0622904193883645,0.06229042,0.005890050487757037
2018-11-15,0.9195846719517453,0.9207728,0.0622904226399649,0.062290423,-0.0011881189570681627
2018-11-16,0.9560330499480685,0.9572076,0.0622904262848027,0.062290426,-0.0011745701958219001
2018-11-17,1.0012202779352553,1.0184768,0.0622904308035255,0.06229043,-0.017256565898668086
2018-11-18,1.0226303029381434,1.031832,0.062290432944528,0.062290434,-0.009201676813443527
2018-11-19,1.0424749209703155,1.0411856,0.0622904349289898,0.062290434,0.0012893035234160521
2018-11-20,1.0847859239354607,1.0768152,0.0622904391600901,0.062290438,0.007970676399755128
2018-11-21,1.1413335849336237,1.146558,0.0622904448148562,0.062290445,-0.005224461407318692
2018-11-22,1.1941311519464426,1.1859158,0.0622904500946129,0.06229045,0.008215324195282925
2018-11-23,1.2253361349884306,1.2196724,0.0622904532151112,0.062290452,0.005663693505886691
2018-11-24,1.2545387939599806,1.2681819,0.0622904561353771,0.062290456,-0.013643126091594127
2018-11-25,1.3204444889586275,1.3290174,0.0622904627259466,0.062290464,-0.00857291178294961
2018-11-26,1.3800506419581193,1.373892,0.0622904686865619,0.062290467,0.00615869230449384
2018-11-27,1.4136226289540588,1.425599,0.0622904720437606,0.06229047,-0.011976350042218087
2018-11-28,1.4282238159496474,1.4159249,0.0622904735038793,0.06229047,0.012298909218995568
2018-11-29,1.3016553349759485,1.2917703,0.0622904608470312,0.06229046,0.009884995963802545
2018-11-30,0.8628944159899676,0.85336983,0.0622904169709393,0.062290415,0.009524583951088239
2018-12-01,0.8796803559890654,0.8845943,0.0622904186495333,0.06229042,-0.004913965261850173
2018-12-02,1.087264848986802,1.0572901,0.0622904394079826,0.062290434,0.029974771777329323
2018-12-03,1.10754632499932,1.096026,0.0622904414361302,0.062290438,0.011520381243216526
2018-12-04,1.1536072099666006,1.146558,0.0622904460422187,0.062290445,0.007049163625658217
2018-12-05,1.200978848939216,1.1941946,0.0622904507793826,0.06229045,0.0067842936566231415
2018-12-06,1.2313098819716206,1.2279508,0.0622904538124859,0.062290452,0.003359070585512214
2018-12-07,1.2755505549716384,1.2789652,0.0622904582365532,0.062290456,-0.0034146797848313426
2018-12-08,1.3098139809569753,1.329343,0.0622904616628958,0.062290464,-0.01952898035436501
2018-12-09,1.3704760639526858,1.3607848,0.0622904677291041,0.062290467,0.009691294894458302
2018-12-10,1.4272057019537598,1.431595,0.0622904734020679,0.06229047,-0.004389265888342209
2018-12-11,1.4557889749938768,1.4457155,0.0622904762603952,0.062290475,0.010073428385905636
2018-12-12,1.4893607259980346,1.4874289,0.0622904796175703,0.06229048,0.0019318224183226818
2018-12-13,1.5345476239714273,1.541027,0.0622904841362601,0.062290482,-0.006479325911080025
2018-12-14,1.579734562953683,1.5635695,0.062290488654954,0.062290486,0.016165017207833365
2018-12-15,1.6030744469375247,1.5937424,0.0622904909889424,0.06229049,0.009332076332055905
2018-12-16,1.6211710369973265,1.6239352,0.0622904927986014,0.062290493,-0.0027641856284059685
2018-12-17,1.6430179739651551,1.6565646,0.0622904949832951,0.062290493,-0.013546619349969369
2018-12-18,1.6925743159812434,1.6853086,0.0622904999389293,0.062290497,0.0072657403510554275
2018-12-19,1.7318261849585959,1.7287912,0.0622905038641162,0.0622905,0.003034948081154454
2018-12-20,-1.5420967270501906,-1.5492688,0.062290176471825,0.062290173,0.007172114693278608
2018-12-21,-1.5283685780159706,-1.5411438,0.0622901778446399,0.062290177,0.012775196970296498
2018-12-22,-1.4384297390007683,-1.4562085,0.0622901868385238,0.062290184,0.017778728482752193
2018-12-23,-1.4009238420015224,-1.396273,0.0622901905891135,0.06229019,-0.004650825071895959
2018-12-24,-1.3653487690445942,-1.3482969,0.0622901941466208,0.062290195,-0.017051888322548336
2018-12-25,-1.340951120004652,-1.335766,0.0622901965863857,0.062290195,-0.005185162172315572
2018-12-26,-1.300132704065704,-1.3130349,0.0622902006682273,0.0622902,0.01290218801651033
2018-12-27,-1.2453322470462602,-1.2345862,0.062290206148273,0.062290207,-0.010746008185176237
2018-12-28,-1.2139436190300446,-1.2200229,0.0622902092871358,0.062290207,0.0060792977637786905
2018-12-29,-1.1949722500403936,-1.1843438,0.0622902111842727,0.06229021,-0.01062843519054013
2018-12-30,-1.1676989960379691,-1.1609809,0.0622902139115981,0.062290214,-0.006718056172856812
2018-12-31,-1.1281914310407037,-1.1243151,0.0622902178623546,0.062290218,-0.003876288409172979
2019-01-01,-1.0969857740239508,-1.0936441,0.0622902209829203,0.06229022,-0.003341631873071904
2019-01-02,-1.0732080850395231,-1.0619736,0.0622902233606892,0.06229022,-0.01123451326217939
2019-01-03,-1.0549276600185786,-1.0563912,0.0622902251887317,0.062290225,0.0014635791476811377
2019-01-04,-1.0241589510490146,-1.0201019,0.0622902282656026,0.06229023,-0.004057046179934964
2019-01-05,-0.985779357032257,-0.9900242,0.062290232103562,0.06229023,0.0042448519902649196
2019-01-06,-0.9338545620130034,-0.94925475,0.0622902372960415,0.062290236,0.015400189192440905
2019-01-07,-0.9116417490351303,-0.9140868,0.0622902395173228,0.062290236,0.0024450696599380706
2019-01-08,-0.8815640520354329,-0.8757605,0.0622902425250925,0.06229024,-0.005803556372743657
2019-01-09,-0.8361934690503947,-0.8373305,0.0622902470621508,0.062290248,0.0011370511026509433
2019-01-10,-0.782957934042372,-0.77995723,0.0622902523857043,0.06229025,-0.003000699182905464
2019-01-11,-0.7600541470503819,-0.75024545,0.062290254676083,0.062290255,-0.00980869512319682
2019-01-12,-0.750258646042834,-0.7394694,0.0622902556556331,0.062290255,-0.010789237053881351
2019-01-13,-0.7269179329999487,-0.7337951,0.0622902579897044,0.062290255,0.006877173411031556
2019-01-14,-0.6860995900581646,-0.6866971,0.0622902620715387,0.062290262,0.0005975353767109226
2019-01-15,-0.6638868940006537,-0.6553633,0.0622902642928083,0.062290262,-0.008523572696332415
2019-01-16,-0.6575869420516467,-0.6553633,0.0622902649228035,0.062290262,-0.0022236207473254055
2019-01-17,-0.6368678770463099,-0.62677085,0.06229026699471,0.062290266,-0.010097023050033016
2019-01-18,-0.5971775280527725,-0.5934833,0.0622902709637449,0.06229027,-0.0036941992334975637
2019-01-19,-0.5526809190165016,-0.5478206,0.0622902754134058,0.062290274,-0.004860291327140054
2019-01-20,-0.5326530540250562,-0.5271223,0.0622902774161923,0.062290277,-0.005530735280396826
2019-01-21,-0.4984602790247816,-0.49093512,0.0622902808354698,0.06229028,-0.007525162018479747
2019-01-22,-0.4694394170612348,-0.45322627,0.062290283737556,0.062290285,-0.016213148769761432
2019-01-23,-0.4196996370581241,-0.42417783,0.062290288711534,0.06229029,0.004478188392773141
2019-01-24,-0.3841246740132753,-0.3843008,0.0622902922690303,0.062290292,0.00017612416444379164
2019-01-25,-0.36172936104805764,-0.35712048,0.0622902945085616,0.062290292,-0.004608876934364403
2019-01-26,-0.3451255830427824,-0.33626214,0.0622902961689394,0.062290296,-0.008863446345013237
2019-01-27,-0.30587242502710943,-0.29487374,0.0622903000942552,0.0622903,-0.010998680777765557
2019-01-28,-0.2688039310583257,-0.26852623,0.0622903038011046,0.062290303,-0.0002777047762059226
2019-01-29,-0.2581346920244032,-0.2540446,0.0622903048680285,0.062290303,-0.004090099643879519
2019-01-30,-0.254893306045334,-0.24030587,0.0622903051921671,0.062290307,-0.01458743527392592
2019-01-31,-0.22612676800481957,-0.23363756,0.0622903080688209,0.062290307,0.007510788428858106
2019-02-01,-0.18381517606635978,-0.18285768,0.0622903122999801,0.06229031,-0.0009574987258522683
2019-02-02,-0.14824024306692163,-0.15555196,0.0622903158574734,0.062290315,0.007311712036952578
2019-02-03,-0.13345584803925448,-0.12547202,0.0622903173359129,0.06229032,-0.007983823956116964
2019-02-04,-0.1075654330190412,-0.10174947,0.0622903199249544,0.06229032,-0.005815960698961398
2019-02-05,-0.06263224404390311,-0.05746055,0.0622903244182733,0.062290322,-0.005171693825082535
2019-02-06,-0.008523302064133986,-0.00985614,0.0622903298291675,0.06229033,0.001332838176892892
2019-02-07,0.011067299993117174,0.022640329,0.0622903317882277,0.062290333,-0.011573028861205259
2019-02-08,0.034590279945900804,0.03306347,0.0622903341405257,0.062290333,0.001526808628609544
2019-02-09,0.07253235199955466,0.06956776,0.0622903379347329,0.062290337,0.0029645896842813713
2019-02-10,0.11640913899491068,0.11318757,0.0622903423224116,0.06229034,0.003221572595336397
2019-02-11,0.14386455797488207,0.15027502,0.0622903450679535,0.062290344,-0.006410463816576062
2019-02-12,0.14579485299592854,0.15127979,0.062290345260983,0.062290344,-0.005484939193669547
2019-02-13,0.1675699909386985,0.18735571,0.0622903474384968,0.062290348,-0.019785721117461463
2019-02-14,0.21100981795196816,0.22319287,0.0622903517824795,0.06229035,-0.012183052664944682
2019-02-15,0.24108687199375645,0.24955127,0.0622903547901849,0.062290356,-0.008464394438052025
2019-02-16,0.2506275249836154,0.25604117,0.0622903557442502,0.062290356,-0.00541364418294954
2019-02-17,0.283945495935245,0.28449905,0.0622903590760473,0.06229036,-0.0005535532514615582
2019-02-18,0.318391755946279,0.31925806,0.0622903625206733,0.062290363,-0.000866308085321954
2019-02-19,0.3537119119823018,0.35533676,0.0622903660526889,0.062290367,-0.001624843531843112
2019-02-20,0.3890319859312097,0.39626873,0.0622903695846963,0.06229037,-0.007236739463992947
2019-02-21,0.4143023689395786,0.4129618,0.0622903721117346,0.06229037,0.0013405581123233645
2019-02-22,0.4437599589873775,0.45000607,0.0622903750574936,0.062290374,-0.006246108765460612
2019-02-23,0.4742736609691933,0.47149867,0.0622903781088638,0.062290378,0.002774992775376184
2019-02-24,0.5052242489644865,0.5134807,0.0622903812039226,0.06229038,-0.008256473939718845
2019-02-25,0.5287468029385733,0.5339825,0.062290383556178,0.06229038,-0.005235712396509662
2019-02-26,0.5365394929734979,0.5442482,0.062290384335447,0.062290385,-0.007708730331250635
2019-02-27,0.5507039129576397,0.5598733,0.062290385751889,0.062290385,-0.009169369951753659
2019-02-28,1.402229118999121,1.4875405,0.0622904709044096,0.06229048,-0.0853113644756105
2019-03-01,1.389048754976696,1.4454653,0.0622904695863732,0.062290475,-0.05641657133250799
2019-03-02,1.3752489059354334,1.4031549,0.0622904682063883,0.06229047,-0.027905944070670152
2019-03-03,1.419489717990885,1.4118434,0.0622904726304695,0.06229047,0.007646298915872762
2019-03-04,1.457868023940767,1.4478008,0.0622904764683001,0.062290475,0.010067268439973631
2019-03-05,1.5058589849376025,1.5153122,0.0622904812673962,0.062290482,-0.009453209886616243
2019-03-06,1.5320029109894273,1.5160141,0.0622904838817888,0.062290482,0.015988811868333563
2019-03-07,1.557709853952649,1.5402995,0.0622904864524831,0.062290482,0.01741031915498059
2019-03-08,1.587786237974842,1.5949081,0.0622904894601215,0.06229049,-0.007121880273143866
2019-03-09,1.6480115219708047,1.6558828,0.0622904954826499,0.062290493,-0.0078713134173789
2019-03-10,1.6842048839588175,1.6857561,0.0622904991019861,0.062290497,-0.0015512033443441098
2019-03-11,1.6898123959829814,1.6874243,0.0622904996627373,0.062290497,0.0023880938818461317
2019-03-12,1.7044134969362856,1.678758,0.0622905011228474,0.062290497,0.025655471766913074
2019-03-13,1.7524043279676382,1.7689128,0.0622905059219305,0.062290505,-0.016508464238172316
2019-03-14,-2.0341410350566136,-2.03835,0.0622901272673942,0.062290125,0.004209070229030942
2019-03-15,-2.0564957010221763,-2.0212972,0.0622901250319276,0.06229013,-0.035198484606771
2019-03-16,-2.0535077940170288,-2.0833197,0.0622901253307183,0.06229012,0.02981186998443608
2019-03-17,-1.9784245160192615,-1.9766467,0.0622901328390461,0.062290132,-0.0017778542608386516
2019-03-18,-1.9334903670481518,-1.9326426,0.062290137332461,0.062290136,-0.000847787969477487
2019-03-19,-1.9051599880332004,-1.9165391,0.0622901401654989,0.06229014,0.011379084957217067
2019-03-20,-1.874208007054956,-1.8795983,0.062290143260697,0.062290143,0.005390252870886236
2019-03-21,-1.845877729000911,-1.8136973,0.0622901460937248,0.062290147,-0.032180390896662914
2019-03-22,-1.8061870370178479,-1.791018,0.062290150062794,0.06229015,-0.01516902783205687
2019-03-23,-1.7638747730475135,-1.7625995,0.0622901542940204,0.062290154,-0.0012753048163123282
2019-03-24,-1.7269887880172474,-1.7224079,0.0622901579826189,0.062290158,-0.0045808509673817
2019-03-25,-1.7240011010444256,-1.7149153,0.0622901582813876,0.062290158,-0.009085825470695141
2019-03-26,-1.6851844280435513,-1.6840987,0.0622901621630549,0.06229016,-0.0010857074930141764
2019-03-27,-1.6513571210463596,-1.6554663,0.0622901655457856,0.062290166,0.004109197084133598
2019-03-28,-1.6199683900569584,-1.6019553,0.0622901686846587,0.06229017,-0.01801309544788854
2019-03-29,-1.6130483040249777,-1.6070803,0.0622901693766673,0.06229017,-0.005967963639540663
2019-03-30,-1.59695263804438,-1.5749279,0.0622901709862339,0.062290173,-0.022024711980842326
2019-03-31,-1.5727380700547577,-1.5688381,0.0622901734076907,0.062290173,-0.0038999505479218044
2019-04-01,-1.533667541020467,-1.53675,0.0622901773147436,0.062290177,0.00308241797153741
2019-04-02,-1.5083961310558003,-1.5121868,0.0622901798418846,0.062290177,0.003790634614976085
2019-04-03,-1.49535908600118,-1.460134,0.0622901811455891,0.062290184,-0.035225056612752326
2019-04-04,-1.460911977016477,-1.4400431,0.0622901845903,0.062290184,-0.020868885242490087
2019-04-05,-1.4028700590085208,-1.396273,0.0622901903944918,0.06229019,-0.006597042078894333
2019-04-06,-1.3557517680035103,-1.3482969,0.0622901951063209,0.062290195,-0.007454887281464373
2019-04-07,-1.3385284510641915,-1.335766,0.0622901968286526,0.062290195,-0.0027624932318550677
2019-04-08,-1.2994580780162357,-1.3130349,0.0622902007356899,0.0622902,0.01357681406597866
2019-04-09,-1.243163975025996,-1.2345862,0.0622902063651002,0.062290207,-0.008577736164911975
2019-04-10,-1.1940438640611895,-1.1816994,0.0622902112771113,0.06229021,-0.012344468881440918
2019-04-11,-1.1657141900378587,-1.1720945,0.0622902141100787,0.062290214,0.006380274264204289
2019-04-12,-1.1393151159999615,-1.1408337,0.0622902167499861,0.062290214,0.001518619466041926
2019-04-13,-1.0980599350618458,-1.0936441,0.0622902208755042,0.06229022,-0.0044157929109669425
2019-04-14,-1.051815679067869,-1.0608939,0.0622902254999298,0.062290225,0.009078214174013333
2019-04-15,-1.0267274490327605,-1.0195005,0.0622902280087528,0.06229023,-0.007226955029464577
2019-04-16,-0.9931544460439756,-0.9900242,0.0622902313660531,0.06229023,-0.0031302370214536523
2019-04-17,-0.9659528470151724,-0.9640904,0.062290234086213,0.062290233,-0.0018624401204885288
2019-04-18,-0.9225131340079296,-0.9140868,0.0622902384301843,0.062290236,-0.008426315312861199
2019-04-19,-0.8897427210274866,-0.89238536,0.0622902417072256,0.06229024,0.0026426425513097485
2019-04-20,-0.834942529004401,-0.83930063,0.0622902471872448,0.062290244,0.004358103472405617
2019-04-21,-0.830207605023725,-0.8306471,0.0622902476607372,0.062290248,0.0004395059153008418
2019-04-22,-0.7968174640243797,-0.78495413,0.0622902509997513,0.06229025,-0.011863333374813045
2019-04-23,-0.7470778620038976,-0.7400933,0.0622902559737115,0.062290255,-0.0069845711980809355
2019-04-24,-0.694462398004303,-0.6866971,0.0622902612352579,0.062290262,-0.007765272569427495
2019-04-25,-0.6885995080391227,-0.6866971,0.0622902618215469,0.062290262,-0.0019023826042472436
2019-04-26,-0.6687545710259979,-0.6675965,0.0622902638060406,0.062290262,-0.0011580520326202048
2019-04-27,-0.6168302720682695,-0.6107019,0.0622902689984705,0.06229027,-0.006128353466279712
2019-04-28,-0.5899942910614353,-0.5710584,0.0622902716820686,0.062290274,-0.018935898536716067
2019-04-29,-0.5780142660338772,-0.56275356,0.0622902728800711,0.062290274,-0.015260707875002666
2019-04-30,-0.555547716024618,-0.5442258,0.0622902751267261,0.062290274,-0.011321904066305066
2019-05-01,-0.5260900880210695,-0.5248276,0.0622902780724889,0.062290277,-0.0012624884956178306
2019-05-02,-0.4669204550084016,-0.45919114,0.0622902839894522,0.062290285,-0.007729311495675795
2019-05-03,-0.4370258880476152,-0.4444013,0.0622902869789089,0.062290285,0.007375405945380997
2019-05-04,-0.4167440460084437,-0.41963866,0.0622902890070931,0.06229029,0.0028946175219060066
2019-05-05,-0.37723678604495436,-0.38349,0.0622902929578191,0.062290292,0.006253210149885113
2019-05-06,-0.3224366090098796,-0.31713837,0.0622902984378368,0.062290296,-0.005298235158103459
2019-05-07,-0.27899691903976453,-0.27873614,0.0622903027818058,0.062290303,-0.0002607747354890222
2019-05-08,-0.24385903005241794,-0.2449364,0.0622903062955947,0.062290303,0.0010773765599783047
2019-05-09,-0.2017301190676557,-0.19217898,0.0622903105084858,0.06229031,-0.009551139551626342
2019-05-10,-0.18057430106743766,-0.18285768,0.0622903126240676,0.06229031,0.002283376273069848
2019-05-11,-0.1393192630011475,-0.13014454,0.0622903167495714,0.06229032,-0.009174726505938757
2019-05-12,-0.07927580404631929,-0.06965855,0.0622903227539173,0.062290322,-0.009617256406472485
2019-05-13,-0.05855695803247407,-0.05746055,0.0622903248258019,0.062290322,-0.0010964078136534994
2019-05-14,-0.027351519035767602,-0.010046761,0.0622903279463458,0.06229033,-0.01730475848413615
2019-05-15,0.025081443935648373,0.027633704,0.0622903331896421,0.062290333,-0.0025522603094421115
2019-05-16,0.06371478795952346,0.0569077,0.0622903370529765,0.062290337,0.006807089447446124
2019-05-17,0.10234810297882202,0.10124338,0.062290340916308,0.06229034,0.0011047262469494612
2019-05-18,0.12219308793970374,0.12776144,0.0622903429008065,0.06229034,-0.005568350549256529
2019-05-19,0.1656328989935174,0.16510798,0.0622903472447876,0.062290344,0.0005249186229958624
2019-05-20,0.2165006149357218,0.19522822,0.0622903523315592,0.062290348,0.021272395903434216
2019-05-21,0.2593208849738238,0.25858083,0.0622903566135862,0.062290356,0.0007400513003466003
2019-05-22,0.28266138998866985,0.28302455,0.0622903589476367,0.06229036,-0.00036315949558307636
2019-05-23,0.306438769984152,0.31566405,0.0622903613253747,0.06229036,-0.009225282979104854
2019-05-24,0.3437613299572817,0.3463175,0.0622903650576307,0.062290363,-0.002556169918740636
2019-05-25,0.3940096429677631,0.3956874,0.062290370082462,0.06229037,-0.0016777583269451668
2019-05-26,0.4129807369690486,0.40988216,0.0622903719795714,0.06229037,0.0030985789280482123
2019-05-27,0.4214651869866026,0.42632946,0.0622903728280164,0.06229037,-0.004864276733719031
2019-05-28,0.44506014595935284,0.45147225,0.0622903751875123,0.062290374,-0.0064121066479927435
2019-05-29,0.4911215659847423,0.4852414,0.0622903797936543,0.062290378,0.005880152868287247
2019-05-30,0.5343788359729595,0.53255534,0.0622903841193813,0.06229038,0.001823494252378488
2019-05-31,0.5459218459930026,0.54797107,0.0622903852736823,0.062290385,-0.002049223819772017
2019-06-01,0.5701361699417262,0.58634347,0.0622903876951147,0.06229039,-0.016207297293838963
2019-06-02,0.6317450039483585,0.637332,0.0622903938559981,0.062290393,-0.005587018241735464
2019-06-03,0.6681937019664685,0.6690404,0.0622903975008679,0.062290397,-0.000846679941948203
2019-06-04,0.6979058689987605,0.6972726,0.0622904004720846,0.0622904,0.0006332702553217828
2019-06-05,0.7500845649460741,0.75873625,0.0622904056899542,0.062290404,-0.008651687838654887
2019-06-06,0.7959635029558543,0.7973702,0.062290410277848,0.062290408,-0.0014066924329396713
2019-06-07,0.8221800419649927,0.8149371,0.0622904128995019,0.06229041,0.007242927249416553
2019-06-08,0.8599394309832809,0.8530628,0.0622904166754408,0.062290415,0.006876622469639493
2019-06-09,0.8796018879930756,0.873325,0.0622904186416865,0.062290415,0.00627689772055362
2019-06-10,0.9055640689398237,0.9055052,0.0622904212379046,0.06229042,5.888858093694438e-05
2019-06-11,0.9230418389349904,0.9207728,0.0622904229856816,0.062290423,0.0022690480261768897
2019-06-12,0.9656076349617848,0.9739659,0.0622904272422612,0.062290426,-0.008358248293220072
2019-06-13,1.0075540289589124,1.0184768,0.0622904314369006,0.06229043,-0.0109228148750109
2019-06-14,-0.3917844980383389,-0.37279108,0.0622902915030479,0.062290292,-0.018993416371392513
2019-06-15,-0.39309510105334233,-0.3743345,0.0622902913719876,0.062290292,-0.01876058691225957
2019-06-16,-0.3450315210623556,-0.36797774,0.0622902961783456,0.062290292,0.022946217318076556
2019-06-17,-0.3050872930676629,-0.30356622,0.0622903001727684,0.0622903,-0.0015210756451775609
2019-06-18,-0.29547449306721596,-0.27542743,0.0622903011340484,0.062290303,-0.020047062199067156
2019-06-19,-0.27475575106739036,-0.26457104,0.0622903032059226,0.062290303,-0.010184710198631208
2019-06-20,-0.22519894400663265,-0.22671907,0.0622903081616033,0.062290307,0.0015201224940311064
2019-06-21,-0.1828155280630961,-0.18395555,0.0622903123999449,0.06229031,0.0011400221306905323
2019-06-22,-0.16253370802021827,-0.16156748,0.0622903144281269,0.062290315,-0.0009662286481937343
2019-06-23,-0.14443668906738427,-0.14157887,0.0622903162378288,0.062290315,-0.002857821035882502
2019-06-24,-0.12258948405008407,-0.12067701,0.0622903184225493,0.06229032,-0.0019124748251924117
2019-06-25,-0.07128486904928177,-0.06819168,0.0622903235530108,0.062290322,-0.0030931917173573353
2019-06-26,-0.05074859303622059,-0.05746055,0.0622903256066384,0.062290322,0.006711957182599981
2019-06-27,-0.046816126045290396,-0.050076164,0.0622903259998851,0.062290326,0.0032600382599197175
2019-06-28,-0.03283391405983771,-0.022426676,0.0622903273981063,0.062290326,-0.010407238054712664
2019-06-29,0.013227376971514104,0.02512474,0.0622903320042354,0.062290333,-0.011897362884013774
2019-06-30,0.05211514796099603,0.049468037,0.0622903358930125,0.062290333,0.002647111219977738
2019-07-01,0.060853977967845196,0.0638488,0.0622903367668955,0.062290337,-0.002994822989357715
2019-07-02,0.08881823096440478,0.10401895,0.0622903395633208,0.06229034,-0.015200718007820413
2019-07-03,0.13225790393422976,0.12676197,0.0622903439072881,0.06229034,0.005495931030024437
2019-07-04,0.1825061029386843,0.17103386,0.062290348932108,0.062290348,0.011472243685754613
2019-07-05,0.2193914189901891,0.2354855,0.0622903526206396,0.06229035,-0.0160940751466212
2019-07-06,0.2434231109738061,0.24955127,0.0622903550238088,0.062290356,-0.006128155458002382
2019-07-07,0.26221176896434883,0.26650402,0.0622903569026746,0.062290356,-0.0042922505344762385
2019-07-08,0.3021557919841156,0.30480415,0.0622903608970769,0.06229036,-0.0026483543057098657
2019-07-09,0.32768071693556333,0.3456768,0.0622903634495694,0.062290363,-0.017996092613768333
2019-07-10,0.353205649936128,0.35936508,0.0622903660020627,0.062290367,-0.006159425890516879
2019-07-12,0.4066947989489478,0.3992376,0.0622903713509776,0.06229037,0.007457195999805322
2019-07-13,0.4219876759831154,0.41480476,0.0622903728802653,0.06229037,0.007182919341727434
2019-07-14,0.4477671139424544,0.45000607,0.0622903754582091,0.062290374,-0.002238953810383748
2019-07-15,0.46568169993765895,0.47123367,0.0622903772496677,0.062290378,-0.005551966005486797
2019-07-16,0.4829046979654139,0.4902627,0.0622903789719675,0.062290378,-0.007357989240854401
2019-07-17,0.515238278986363,0.5228238,0.0622903822053256,0.06229038,-0.007585531591029593
2019-07-18,0.5739706229745956,0.56571794,0.06229038807856,0.062290385,0.008252687412461768
2019-07-19,0.5898827539624341,0.6192222,0.0622903896697731,0.062290393,-0.02933946979626345
2019-07-20,0.6071056679601838,0.6192222,0.0622903913920645,0.062290393,-0.012116555798513673
2019-07-21,0.6387476199354314,0.64267576,0.0622903945562597,0.062290393,-0.003928137472710702
2019-07-22,0.6848086409744214,0.681246,0.0622903991623618,0.062290397,0.0035626583274792623
2019-07-23,0.7334912829892737,0.72294194,0.062290404030626,0.0622904,0.010549347926865238
2019-07-24,0.7266823229962194,0.73621386,0.06229040334973,0.062290404,-0.0095315398997462
2019-07-25,0.7424120799376377,0.7435983,0.0622904049227057,0.062290404,-0.0011862023995510285
2019-07-26,0.780862863952736,0.78348935,0.0622904087677841,0.062290408,-0.002626482551475462
2019-07-27,0.8076984279320465,0.8011665,0.0622904114513405,0.06229041,0.0065319531128631425
2019-07-28,0.8277974559989243,0.82331717,0.0622904134612433,0.06229041,0.004480285855796851
2019-07-29,0.835844517974027,0.8235863,0.0622904142659495,0.06229041,0.012258232859738705
2019-07-30,0.884527197944629,0.88308316,0.0622904191342175,0.06229042,0.0014440332527039246
2019-07-31,0.9055002469365858,0.9055052,0.0622904212315224,0.06229042,-4.9334223009012135e-06
2019-08-01,0.9349573339839656,0.9322896,0.0622904241772311,0.062290423,0.0026677336116511796
2019-08-02,0.9585519259586173,0.967182,0.0622904265366903,0.062290426,-0.00863005465127653
2019-08-03,0.9845135129360472,0.98348176,0.062290429132849,0.062290426,0.0010317481426511677
2019-08-04,1.0218356119584548,1.0204813,0.0622904328650589,0.06229043,0.0013542639207351215
2019-08-05,1.0626532169488723,1.0599443,0.0622904369468194,0.062290434,0.0027089449075514693
2019-08-06,1.091673386965919,1.1060004,0.0622904398488364,0.06229044,-0.014327036465477505
2019-08-07,1.1036529619368185,1.1029915,0.0622904410467939,0.06229044,0.0006615001829732847
2019-08-08,1.1283036839560001,1.1227382,0.0622904435118661,0.06229044,0.005565441806647087
2019-08-09,1.1612562759999445,1.1648173,0.0622904468071253,0.062290445,-0.0035610572214910263
2019-08-10,1.1852878499529762,1.186382,0.0622904492102827,0.06229045,-0.001094205329616571
2019-08-12,1.22086186694903,1.2185886,0.0622904527676844,0.062290452,0.0022732763270818523
2019-08-13,1.234152225970675,1.2424717,0.0622904540967203,0.062290452,-0.008319468975614086
2019-08-14,1.2739137269374146,1.2789652,0.0622904580728704,0.062290456,-0.005051507819055168
2019-08-15,1.2955058349695125,1.3080071,0.0622904602320812,0.06229046,-0.012501286116608057
2019-08-16,1.3111628879847181,1.330176,0.0622904617977865,0.062290464,-0.019013107842003052
2019-08-17,1.3463002339342278,1.3341053,0.0622904653115211,0.062290464,0.012194980714623327
2019-08-18,1.415883169944565,1.425599,0.0622904722698147,0.06229047,-0.009715809051711766
2019-08-19,1.4370383989714686,1.431595,0.0622904743853376,0.06229047,0.005443431129366516
2019-08-20,1.4477068929763526,1.4356544,0.062290475452187,0.062290475,0.012052491197177773
2019-08-21,1.4614340679980353,1.4792645,0.0622904768249045,0.06229048,-0.017830429758922683
2019-08-22,1.5114273809596623,1.5160141,0.0622904818242358,0.062290482,-0.004586718161431413
2019-08-23,1.535641121971909,1.5402995,0.0622904842456099,0.062290482,-0.004658412825759406
2019-08-24,1.541066343979658,1.5402995,0.0622904847881321,0.062290482,0.0007668091819894585
2019-08-25,1.5499871479363048,1.5414653,0.0622904856802125,0.062290482,0.008521865496119219
2019-08-26,1.5674647069890968,1.5647353,0.0622904874279684,0.062290486,0.0027294136007300906
2019-08-27,1.6122146479641275,1.6239352,0.0622904919029625,0.062290493,-0.011720574661604921
2019-08-28,1.6368652839410247,1.6239352,0.0622904943680261,0.062290493,0.012930061315292285
2019-08-29,-1.3080376870533428,-1.2646524,0.062290199877729,0.062290203,-0.0433853156467876
2019-08-30,-1.3770744540508861,-1.3558438,0.0622901929740523,0.062290195,-0.021230671625959374
2019-08-31,-1.359850945042984,-1.3762099,0.0622901946964032,0.06229019,0.016358910036666785
2019-09-01,-1.2734076750009482,-1.2823808,0.0622902033407302,0.062290203,0.008973144319730508
2019-09-02,-1.242638891021941,-1.2345862,0.0622902064176086,0.062290207,-0.008052652160857043
2019-09-03,-1.2230475770341753,-1.2200229,0.06229020837674,0.062290207,-0.003024660240352084
2019-09-04,-1.1914049530270532,-1.1839404,0.0622902115410024,0.06229021,-0.00746454241303951
2019-09-05,-1.151714432018336,-1.1524502,0.0622902155100545,0.062290214,0.0007357718772329491
2019-09-06,-1.1283736460476756,-1.1243151,0.0622902178441331,0.062290218,-0.004058503416144887
2019-09-07,-1.1185780470629458,-1.1159914,0.062290218823693,0.062290218,-0.002586693074298374
2019-09-08,-1.1031022900676035,-1.0927942,0.0622902203712687,0.06229022,-0.010308110151221683
2019-09-09,-1.0793245830420517,-1.0616652,0.0622902227490394,0.062290225,-0.01765940569677582
2019-09-10,-1.0443693430201018,-1.0325195,0.0622902262445634,0.062290225,-0.01184988329567549
2019-09-11,-1.023467297023295,-1.0195005,0.062290228334768,0.06229023,-0.003966803019999077
2019-09-12,-1.0077375070527417,-1.00094,0.062290229907747,0.06229023,-0.0067975418046337666
2019-09-13,-0.9824660290175258,-0.9640904,0.0622902324348948,0.062290233,-0.01837562212284194
2019-09-14,-0.9364043210280393,-0.94925475,0.0622902370410656,0.062290236,0.012850430177405059
2019-09-15,-0.9010832820177672,-0.89238536,0.0622902405731695,0.06229024,-0.00869791843897083
2019-09-16,-0.8762488550029257,-0.8757605,0.0622902430566122,0.06229024,-0.0004883593402364994
2019-09-17,-0.8474819490622565,-0.8373305,0.0622902459333028,0.062290248,-0.010151428909210836
2019-09-18,-0.8117239360533324,-0.8015637,0.0622902495091041,0.062290248,-0.01016025588136582
2019-09-19,-0.7621667850316038,-0.75024545,0.0622902544648192,0.062290255,-0.011921333104418785
2019-09-20,-0.7447604250671036,-0.7394694,0.0622902562054552,0.062290255,-0.005291016078150967
2019-09-21,-0.7388973160410428,-0.7394694,0.0622902567917661,0.062290255,0.0005720929479098302
2019-09-22,-0.7059438520556904,-0.70249885,0.0622902600871125,0.06229026,-0.0034449988490559136
2019-09-23,-0.6651254720602129,-0.6633675,0.0622902641689505,0.062290262,-0.0017579622182939403
2019-09-24,-0.6409108870009117,-0.63827926,0.062290266590409,0.062290266,-0.002631627796047198
2019-09-25,-0.6353019420257677,-0.62677085,0.0622902671513035,0.062290266,-0.008531088029490874
2019-09-26,-0.6180783500286946,-0.618466,0.0622902688736627,0.062290266,0.00038766960173752807
2019-09-27,-0.5615301940098405,-0.5568432,0.0622902745284783,0.062290274,-0.004686972822248947
2019-09-28,-0.5242073660566282,-0.5284225,0.0622902782607611,0.062290277,0.0042151088045168095
2019-09-29,-0.4967513990428163,-0.49093512,0.0622902810063578,0.06229028,-0.0058162820365144086
2019-09-30,-0.47646925301070286,-0.47253287,0.0622902830345724,0.06229028,-0.003936384625387923
2019-10-01,-0.4385268060486114,-0.4342824,0.0622902868288171,0.062290285,-0.004244413785198908
2019-10-02,-0.3839806180655492,-0.3883675,0.0622902922834359,0.062290292,0.004386885815905295
2019-10-03,-0.3285604590480551,-0.3252008,0.0622902978254518,0.062290296,-0.003359662920735751
2019-10-04,-0.31526946504822906,-0.31713837,0.0622902991545512,0.062290296,0.0018689088035470647
2019-10-05,-0.29786333601011794,-0.28466386,0.0622903008951641,0.0622903,-0.013199479980607443
2019-10-06,-0.2679685450618363,-0.25944316,0.0622903038846432,0.062290303,-0.00852538119007118
2019-10-07,-0.21884833306673457,-0.2302694,0.0622903087966644,0.062290307,0.011421069198814138
2019-10-08,-0.206868156008011,-0.21334495,0.0622903099946821,0.062290307,0.006476790495628215
2019-10-09,-0.19969433301403328,-0.1910811,0.0622903107120644,0.06229031,-0.008613226351283032
2019-10-10,-0.1673605360547059,-0.16175489,0.0622903139454441,0.062290315,-0.0056056447783463526
2019-10-11,-0.12435750602890483,-0.12547202,0.0622903182457471,0.06229032,0.0011145180542326827
2019-10-12,-0.078987214061077,-0.06965855,0.0622903227827763,0.062290322,-0.009328666421230203
2019-10-13,-0.056774868001374657,-0.05746055,0.0622903250040109,0.062290322,0.0006856822174459154
2019-10-14,-0.02032605604662674,-0.0040812246,0.0622903286488921,0.06229033,-0.01624483148961442
2019-10-15,0.02129438098075198,0.022640329,0.0622903328109358,0.062290333,-0.0013459478735704522
2019-10-16,0.0928810749839526,0.08294035,0.0622903399696052,0.062290337,0.00994072749125774
2019-10-17,0.12670811296022766,0.12283734,0.062290343352309,0.06229034,0.003870770638354948
2019-10-18,0.13624910998044637,0.13657133,0.0622903443064087,0.062290344,-0.000322222831862895
2019-10-19,0.18336705993882152,0.15034379,0.0622903490182037,0.062290344,0.03302326928845378
2019-10-20,0.230739334999841,0.23732814,0.0622903537554312,0.06229035,-0.00658880692787811
2019-10-21,0.2632556059950497,0.27051404,0.0622903570070583,0.062290356,-0.007258435190329315
2019-10-22,0.28004203497800084,0.28349257,0.0622903586857012,0.06229036,-0.0034505301770284547
2019-10-23,0.306004282954464,0.31475255,0.062290361281926,0.06229036,-0.00874826597856515
2019-10-24,0.3465678799496885,0.3463175,0.0622903653382857,0.062290363,0.00025038007366617876
2019-10-25,0.3891336579353588,0.3956874,0.0622903695948635,0.06229037,-0.00655374335934944
2019-10-26,0.42470850593334664,0.4241712,0.0622903731523483,0.06229037,0.0005372965980194877
2019-10-27,0.4397471639605577,0.4451267,0.0622903746562141,0.062290374,-0.005379548361677422
2019-10-28,0.49472979393727634,0.501384,0.0622903801544771,0.062290378,-0.006654225914408229
2019-10-29,0.5536448349774403,0.5465439,0.0622903860459812,0.062290385,0.00710093877916762
2019-10-30,0.600580030984954,0.599166,0.0622903907395008,0.06229039,0.0014140549374381806
2019-10-31,0.6398327729445485,0.6421452,0.062290394664775,0.062290393,-0.0023124435204477933
2019-11-01,0.7037365569451115,0.6926256,0.0622904010551534,0.0622904,0.011110974726941336
2019-11-02,0.7251466519614391,0.770762,0.0622904031961629,0.062290408,-0.045615374348527915
2019-11-03,0.776633651972114,0.782504,0.0622904083448629,0.062290408,-0.0058703701493154625
2019-11-04,0.8021586409695525,0.80072826,0.0622904108973618,0.062290408,0.0014303794987577945
2019-11-05,0.820255557990035,0.8149371,0.0622904127070535,0.06229041,0.005318443274458851
2019-11-06,0.8525892149918723,0.8497649,0.0622904159404192,0.062290415,0.002824331473653352
2019-11-07,0.8990874349884548,0.89924926,0.0622904205902412,0.06229042,-0.00016182066874126377
2019-11-09,0.9510112489868883,0.9572076,0.0622904257826226,0.062290426,-0.006196371157002112
2019-11-10,0.9791578189921601,0.98348176,0.0622904285972796,0.062290426,-0.004323945801235851
2019-11-11,1.0267121689638836,1.031832,0.0622904333527146,0.062290434,-0.005119810787703294
2019-11-12,1.097861245941134,1.1060004,0.0622904404676223,0.06229044,-0.008139177490262384
2019-11-13,1.1362396669378771,1.146558,0.0622904443054644,0.062290445,-0.010318379403065236
2019-11-14,1.162383748976037,1.1565387,0.0622904469198726,0.062290445,0.00584502407674492
2019-11-16,1.2830892749671197,1.2813361,0.0622904589904252,0.062290456,0.001753205860064
2019-11-17,1.3177898149779876,1.3154157,0.0622904624604792,0.06229046,0.0023740749648650805
2019-11-18,1.3345758219374115,1.331646,0.0622904641390799,0.062290464,0.0029298563612396578
2019-11-19,1.3644700299492163,1.362411,0.0622904671285007,0.062290467,0.002059007762936993
2019-11-20,1.412715726969993,1.3920708,0.0622904719530704,0.062290467,0.02064495670632116
2019-11-21,1.4535333649895454,1.4457155,0.0622904760348342,0.062290475,0.007817818381574249
2019-11-22,1.4759994579338631,1.4699028,0.0622904782814435,0.062290475,0.006096704103907058
2019-11-23,1.498902600996499,1.4881308,0.0622904805717578,0.06229048,0.010771793119912054
2019-11-24,1.5578170179525452,1.5635695,0.0622904864631995,0.062290486,-0.005752527793304374
2019-11-25,1.6060626029795744,1.6227695,0.062290491287758,0.062290493,-0.01670687200364096
2019-11-26,1.6473171869646475,1.6547171,0.0622904954132164,0.062290493,-0.007399900781019042
2019-11-27,1.6743348899700417,1.684001,0.0622904981149867,0.062290497,-0.009666078963063818
2019-11-28,0.9318999279889217,0.94054836,0.0622904238714905,0.062290423,-0.008648432358826064
2019-11-29,0.9479939829665218,0.9540937,0.062290425480896,0.062290426,-0.006099711720367829
2019-11-30,1.00891079699017,1.0061198,0.0622904315725774,0.06229043,0.0027909496925015986
2019-12-01,1.0525320939813732,1.0599443,0.0622904359347071,0.062290434,-0.0074121780599476494
2019-12-02,1.0776196779360703,1.0718062,0.0622904384434655,0.062290438,0.005813485537998986
2019-12-03,1.132856209951072,1.1227382,0.0622904439671187,0.06229044,0.010117967801718919
2019-12-04,1.1710521009844488,1.1728123,0.0622904477867078,0.062290445,-0.001760241659289008
2019-12-05,1.1797908209404406,1.1670555,0.0622904486605798,0.062290445,0.012735333307689167
2019-12-06,1.19220708097445,1.1988999,0.0622904499022058,0.06229045,-0.006692784176001609
2019-12-07,1.2089928239783498,1.2341933,0.0622904515807801,0.062290452,-0.02520050106437477
2019-12-08,1.2489364339951514,1.2424717,0.0622904555751411,0.062290452,0.006464739048862356
2019-12-09,1.3059206879773022,1.3076816,0.0622904612735665,0.06229046,-0.0017608725390552138
2019-12-10,1.3276947699591979,1.329343,0.0622904634509747,0.062290464,-0.0016481913521424474
2019-12-11,1.3471020499783437,1.332479,0.0622904653917027,0.062290464,0.014623049886790973
2019-12-12,-1.4436830790554023,-1.4693781,0.0622901863131898,0.062290184,0.025695034691240792
2019-12-13,-1.4350151700259772,-1.4270159,0.0622901871799807,0.062290188,-0.007999269414099786
2019-12-14,-1.4079958060575493,-1.4698821,0.0622901898819171,0.062290184,0.06188632456531451
2019-12-15,-1.3435826450025612,-1.3482969,0.0622901963232332,0.062290195,0.004714235719484705
2019-12-16,-1.3228634520440208,-1.3156477,0.0622901983951525,0.0622902,-0.007215730753432403
2019-12-17,-1.2674429950010335,-1.2544856,0.0622902039371982,0.062290203,-0.012957387853816726
2019-12-18,-1.2283724800526974,-1.2200229,0.0622902078442497,0.062290207,-0.008349563258874149
2019-12-19,-1.2041578550253673,-1.1990657,0.0622902102657122,0.06229021,-0.005092169753150522
2019-12-20,-1.1997885760589577,-1.1905966,0.0622902107026401,0.06229021,-0.00919199555358663
2019-12-21,-1.1679629440680683,-1.1609809,0.0622902138852033,0.062290214,-0.006982004202956027
2019-12-22,-1.1275815520184196,-1.1355428,0.0622902179233425,0.062290218,0.007961198340161957
2019-12-23,-1.098997517018363,-1.0936441,0.062290220781746,0.06229022,-0.005353374867484106
2019-12-24,-1.0778414560180805,-1.0619736,0.0622902228973521,0.06229022,-0.015867884240736707
2019-12-25,-1.0512591810257765,-1.0580037,0.0622902255555796,0.062290225,0.006744482990947098
2019-12-26,-1.0194335900437501,-1.0201019,0.0622902287381387,0.06229023,0.0006683148253294746
2019-12-27,-0.9701304110043552,-0.9640904,0.0622902336684566,0.062290233,-0.006040004109671315
2019-12-28,-0.9406725510335834,-0.94925475,0.0622902366142426,0.062290236,0.008582200171860954
2019-12-29,-0.9132164510011753,-0.89879185,0.0622902393598526,0.06229024,-0.014424601387985625
2019-12-30,-0.8783323550420885,-0.8757605,0.0622902428482622,0.06229024,-0.0025718593793992994
2019-12-31,-0.8296490670162138,-0.83381176,0.062290247716591,0.062290248,0.004162692932516698
2020-01-01,-0.8054344900060295,-0.8015637,0.0622902501380487,0.062290248,-0.0038708098340629604
2020-01-02,-0.800008415000053,-0.78495413,0.0622902506806562,0.06229025,-0.015054284350486391
2020-01-03,-0.7875912560323384,-0.77282596,0.0622902519223721,0.06229025,-0.01476529968773388
2020-01-04,-0.7550747960216597,-0.7394694,0.0622902551740181,0.062290255,-0.015605387032707085
2020-01-05,-0.718188946022269,-0.7337951,0.0622902588626031,0.062290255,0.01560616038871121
2020-01-06,-0.7014024170498567,-0.70249885,0.062290260541256,0.06229026,0.0010964361567777914
2020-01-07,-0.6818112849998892,-0.6675965,0.0622902625003692,0.062290262,-0.014214766006511503
2020-01-08,-0.6473641230020366,-0.63827926,0.0622902659450854,0.062290266,-0.009084863797172105
2020-01-09,-0.5998089100400783,-0.5934833,0.0622902707006067,0.06229027,-0.0063255812208034
2020-01-10,-0.5664186640552682,-0.55919987,0.0622902740396313,0.062290274,-0.007218794422547248
2020-01-11,-0.5389626770574418,-0.5465205,0.06229027678523,0.062290274,0.007557794515434146
2020-01-12,-0.5049525810679745,-0.5105166,0.0622902801862396,0.062290277,0.005564002851550676
2020-01-13,-0.45390188205263193,-0.4519225,0.0622902852913095,0.062290285,-0.0019793759586530513
2020-01-14,-0.4170160770172737,-0.42417783,0.06229028897989,0.06229029,0.007161748433623494
2020-01-15,-0.3967339770594158,-0.40956128,0.0622902910081,0.06229029,0.01282729937643623
2020-01-16,-0.3928728600083309,-0.38938951,0.0622902913942117,0.062290292,-0.003483345085235179
2020-01-17,-0.3712799770405617,-0.35146004,0.0622902935535,0.062290296,-0.0198199374249306
2020-01-18,-0.3383266450329714,-0.32323426,0.0622902968488332,0.062290296,-0.015092384950726512
2020-01-19,-0.31392933405594015,-0.30844593,0.0622902992885643,0.0622903,-0.0054834035749831145
2020-01-20,-0.3148745530284769,-0.29823604,0.0622902991940424,0.0622903,-0.016638510767353232
2020-01-21,-0.3033313850098196,-0.2832322,0.0622903003483592,0.0622903,-0.020099172943169208
2020-01-22,-0.2675737040269688,-0.25944316,0.0622903039241273,0.062290303,-0.008130540155203647
2020-01-23,-0.23225295305018268,-0.23828577,0.0622903074562024,0.062290307,0.00603281200165906
2020-01-24,-0.2126620630288345,-0.21334495,0.0622903094152914,0.062290307,0.0006828834748047186
2020-01-25,-0.19219734803677113,-0.1910811,0.0622903114617629,0.06229031,-0.0011162413740208876
2020-01-26,-0.15643974601853294,-0.16156748,0.0622903150375231,0.062290315,0.0051277333534915925
2020-01-27,-0.11631269405953937,-0.106544465,0.0622903190502283,0.06229032,-0.009768229232955505
2020-01-28,-0.07924429300254499,-0.06819168,0.0622903227570684,0.062290322,-0.011052615670620547
2020-01-29,-0.06751848705133234,-0.06819168,0.062290323929649,0.062290322,0.0006731902805920953
2020-01-30,-0.044614835020828636,-0.05168564,0.0622903262200142,0.062290326,0.007070803704928963
2020-01-31,0.005816180939643978,0.0139193665,0.0622903312631158,0.06229033,-0.008103185583979489
2020-02-01,0.03764120695692874,0.043206498,0.0622903344456184,0.062290333,-0.005565291069919098
2020-02-02,0.04699965493182301,0.054543052,0.0622903353814632,0.062290333,-0.00754339693685413
2020-02-03,0.04674542294913486,0.05887211,0.06229033535604,0.062290337,-0.012126688192546808
2020-02-04,0.08293993998542692,0.086040065,0.0622903389754917,0.062290337,-0.0031001247070703286
2020-02-05,0.11563879395715126,0.11433667,0.0622903422453771,0.06229034,0.0013021245121134228
2020-02-06,0.14964846695164624,0.16410321,0.0622903456463444,0.062290344,-0.01445474302073535
2020-02-07,0.17098683496863387,0.16510798,0.0622903477801812,0.062290344,0.005878854598112326
2020-02-08,0.18489726895387637,0.19428639,0.0622903491712246,0.062290348,-0.009389122185154086
2020-02-09,0.2429386299768188,0.24955127,0.0622903549753607,0.062290356,-0.006612636454989662
2020-02-10,0.2813175739579954,0.27791804,0.0622903588132551,0.062290356,0.003399533205584504
2020-02-11,0.30833605793589847,0.3135595,0.0622903615151035,0.06229036,-0.0052234444273064895
2020-02-12,0.3231203649783909,0.33011797,0.0622903629935342,0.062290363,-0.0069976057266414315
2020-02-13,0.34733465194281,0.34970513,0.0622903654149629,0.062290363,-0.002370477919021674
2020-02-14,0.37872250696624477,0.37813187,0.0622903685537484,0.062290367,0.0005906405111666402
2020-02-15,0.41447971797781147,0.41480476,0.0622903721294695,0.06229037,-0.00032503866357647127
2020-02-16,0.41746641595008516,0.42632946,0.0622903724281393,0.06229037,-0.008863047770236498
2020-02-17,0.4160836149930125,0.42779565,0.0622903722898592,0.06229037,-0.011712033581816605
2020-02-18,0.4350546119885612,0.4465929,0.0622903741869589,0.062290374,-0.01153828518818134
2020-02-19,0.5083887039819546,0.50845945,0.0622903815203681,0.06229038,-7.074483243751928e-05
2020-02-20,0.5056949769349783,0.5134807,0.0622903812509954,0.06229038,-0.007785745969226987
2020-02-21,0.5270328919809719,0.5413822,0.0622903833847869,0.062290385,-0.014349301584396734
2020-02-22,0.5623530239390329,0.56854755,0.0622903869168001,0.062290385,-0.006194522924523049
2020-02-23,0.6039726799939027,0.6192222,0.0622903910787657,0.062290393,-0.015249543764794815
2020-02-24,0.6423512909775608,0.6421452,0.0622903949166268,0.062290393,0.00020607451256449139
2020-02-25,0.6750495149671076,0.67599344,0.0622903981864492,0.062290397,-0.0009439275682927573
2020-02-26,0.7042522879446844,0.74990016,0.0622904011067265,0.062290404,-0.0456478742753168
2020-02-27,0.7338920629540446,0.73907274,0.062290404070704,0.062290404,-0.005180677123927779
2020-02-28,0.7880004949945008,0.78516054,0.0622904094815472,0.062290408,0.002839953460076927
2020-02-29,0.7991062149492745,0.795699,0.0622904105921192,0.062290408,0.0034072145906929308
2020-03-01,0.8047141259598378,0.8011665,0.0622904111529103,0.06229041,0.003547651140654473
2020-03-02,0.8389779569684119,0.8441531,0.0622904145792934,0.062290415,-0.005175149244204036
2020-03-03,0.873606078935496,0.873325,0.0622904180421056,0.062290415,0.00028108866297404944
2020-03-04,0.8930136539964106,0.89924926,0.0622904199828631,0.06229042,-0.006235601660785406
2020-03-05,0.9187207629379746,0.9207728,0.062290422553574,0.062290423,-0.002052027970838921
2020-03-06,0.9291348729983939,0.9063767,0.062290423594985,0.06229042,0.022758153523601443
2020-03-07,0.9596481059803708,0.9739659,0.0622904266463083,0.062290426,-0.014317777274634125
2020-03-08,0.9919090109694606,0.9994647,0.0622904298723988,0.06229043,-0.007555679715811614
2020-03-09,1.0326541359517716,1.031832,0.0622904339469113,0.062290434,0.000822156200184665
2020-03-10,1.0524986019527782,1.0599443,0.0622904359313579,0.062290434,-0.0074456700885425775
2020-03-13,-1.9810165210326636,-1.9627208,0.0622901325798456,0.062290132,-0.018295769270273432
2020-03-14,-1.9664142540676277,-1.9615253,0.0622901340400723,0.062290132,-0.004888933060852807
2020-03-15,-1.9485705000238385,-2.0062497,0.0622901358244477,0.06229013,0.05767916619015079
2020-03-16,-1.9252295690302956,-1.9193536,0.0622901381585408,0.062290136,-0.005875964713584203
2020-03-17,-1.8997743620602359,-1.9159336,0.0622901407040615,0.06229014,0.016159246948553196
2020-03-18,-1.8803658770327747,-1.883082,0.06229014264491,0.06229014,0.0027161551708996257
2020-03-19,-1.8642698380172407,-1.8675777,0.0622901442545139,0.062290143,0.0033078339874590412
2020-03-20,-1.8394349670519672,-1.7966282,0.062290146738001,0.06229015,-0.0428067302813373
2020-03-21,-1.802802759021116,-1.7768736,0.0622901504012218,0.06229015,-0.025929170459104256
2020-03-22,-1.7587425410470203,-1.7300308,0.0622901548072436,0.062290158,-0.028711765976829895
2020-03-23,-1.7297923750325683,-1.7224079,0.0622901577022602,0.062290158,-0.007384437982702607
2020-03-24,-1.697275769027562,-1.7134379,0.0622901609539208,0.062290158,0.016162145820765694
2020-03-25,-1.650594021046503,-1.6345011,0.0622901656220956,0.062290166,-0.016092921460016285
2020-03-26,-1.6283810220368844,-1.611609,0.0622901678433955,0.06229017,-0.016772039950702755
2020-03-27,-1.6142160960685992,-1.6070803,0.0622901692598881,0.06229017,-0.007135755683162159
2020-03-28,-1.5579218150263419,-1.5688381,0.0622901748893162,0.062290173,0.010916304480494077
2020-03-29,-1.5284638620050028,-1.53675,0.0622901778351115,0.062290177,0.008286096987001557
2020-03-30,-1.503192344001758,-1.5121868,0.0622901803622633,0.062290177,0.008994421669018315
2020-03-31,-1.4718038220118412,-1.460134,0.0622901835011155,0.062290184,-0.0116697926234135
2020-04-01,-1.4493369380336185,-1.4400431,0.0622901857478039,0.062290184,-0.0092938462596317
2020-04-02,-1.423628548033462,-1.4173754,0.0622901883186429,0.062290188,-0.006253102667556298
2020-04-03,-1.3813166500203922,-1.3766761,0.0622901925498327,0.06229019,-0.004640567409308183
2020-04-04,-1.3614715470289251,-1.3503925,0.062290194534343,0.062290195,-0.011079086205866062
2020-04-05,-1.3287722040039585,-1.3143933,0.0622901978042773,0.0622902,-0.01437892206731295
2020-04-06,-1.2794691580525486,-1.2831281,0.0622902027345819,0.062290203,0.0036589843043239867
2020-04-07,-1.261808819028043,-1.2544856,0.0622902045006158,0.062290203,-0.007323211880826186
2020-04-08,-1.2339159330410077,-1.2345862,0.0622902072899044,0.062290207,0.0006703058200763223
2020-04-09,-1.1833021450191605,-1.181296,0.0622902123512832,0.06229021,-0.0020061540752518425
2020-04-10,-1.14641636302093,-1.1509421,0.0622902160398614,0.062290214,0.004525724152531829
2020-04-11,-1.1189606110434402,-1.1159914,0.0622902187854366,0.062290218,-0.0029692570547927843
2020-04-12,-1.0838227640364018,-1.0804454,0.0622902222992213,0.06229022,-0.0033773552152958075
2020-04-13,-1.0375784200572502,-1.0325195,0.0622902269236557,0.062290225,-0.005058960332823936
2020-04-14,-1.0068098030280304,-1.0130384,0.0622902300005174,0.06229023,0.0062285938072967895
2020-04-15,-0.9928992720370511,-0.98035204,0.0622902313915705,0.062290233,-0.012547227931521299
2020-04-16,-0.9503334660182494,-0.94925475,0.0622902356481511,0.062290236,-0.0010787148128050816
2020-04-17,-0.9198190790288274,-0.9140868,0.0622902386995898,0.062290236,-0.005732260333759065
2020-04-18,-0.8964786520071488,-0.8882691,0.0622902410336325,0.06229024,-0.008209525591896139
2020-04-19,-0.8792553850278662,-0.8748079,0.0622902427559592,0.062290244,-0.004447490797977238
2020-04-20,-0.8343221250678434,-0.81950307,0.0622902472492852,0.062290248,-0.014819056143893228
2020-04-21,-0.7895714600192338,-0.77995723,0.0622902517243517,0.06229025,-0.009614225159767287
2020-04-22,-0.7577464320590588,-0.75024545,0.0622902549068545,0.062290255,-0.007500980131873725
2020-04-23,-0.7278518710657211,-0.7337951,0.0622902578963106,0.062290255,0.00594323534525909
2020-04-24,-0.6756734280410903,-0.6756007,0.0622902631141549,0.062290262,-7.272051011497638e-05
2020-04-25,-0.6440310900551749,-0.63827926,0.0622902662783887,0.062290266,-0.005751830850310391
2020-04-26,-0.6069628480376288,-0.6107019,0.0622902699852129,0.06229027,0.003739070564360958
2020-04-27,-0.5674557050638906,-0.55919987,0.0622902739359272,0.062290274,-0.0082558354311697
2020-04-28,-0.5296961970435721,-0.5284225,0.062290277711878,0.062290277,-0.0012737221824270506
2020-04-29,-0.4923736250661559,-0.49093512,0.0622902814441352,0.06229028,-0.0014385080598540156
2020-04-30,-0.4755872830275454,-0.47253287,0.0622902831227694,0.06229028,-0.003054414642230441
2020-05-01,-0.44001262605730673,-0.4342824,0.0622902866802351,0.062290285,-0.005730233793894257
2020-05-02,-0.39700987899959905,-0.40956128,0.0622902909805098,0.06229029,0.012551397436252998
2020-05-03,-0.352259375002717,-0.3595225,0.0622902954555602,0.062290292,0.007263116690779725
2020-05-04,-0.3328514470296584,-0.32323426,0.062290297396353,0.062290296,-0.009617186947413536
2020-05-05,-0.3068894380287013,-0.29823604,0.0622902999925539,0.0622903,-0.00865339576757762
2020-05-06,-0.2721885540568625,-0.26962355,0.0622903034626423,0.062290303,-0.0025650062644277938
2020-05-07,-0.23661377301920083,-0.24080929,0.0622903070201204,0.062290307,0.0041955185819801954
2020-05-08,-0.18399836702875927,-0.18395555,0.062290312281661,0.06229031,-4.2816834972647655e-05
2020-05-09,-0.16109491206284243,-0.16156748,0.0622903145720065,0.062290315,0.00047256730918210366
2020-05-10,-0.12814175200104305,-0.12547202,0.0622903178673225,0.06229032,-0.00266972791790554
2020-05-11,-0.0938778190601175,-0.08693236,0.0622903212937158,0.062290322,-0.006945457934171451
2020-05-12,-0.06442023102459782,-0.05746055,0.0622903242394746,0.062290322,-0.006959680805777246
2020-05-13,-0.023165261028856854,-0.010046761,0.0622903283649716,0.06229033,-0.013118500477225403
2020-05-14,0.012226912954327318,0.022640329,0.062290331904189,0.062290333,-0.010413415899995115
2020-05-15,0.03207192296461603,0.029687205,0.06229033388869,0.062290333,0.002384717635078637
2020-05-16,0.04754733495815344,0.05475925,0.0622903354362312,0.062290333,-0.007211914132994934
2020-05-17,0.06782914195591072,0.06956776,0.0622903374644119,0.062290337,-0.0017386203593625638
2020-05-18,0.11676655399528446,0.11433667,0.0622903423581531,0.06229034,0.0024298845502466193
2020-05-19,0.12936610699343376,0.12891054,0.0622903436181084,0.06229034,0.0004555654590099323
2020-05-20,0.16432129698595865,0.15499862,0.0622903471136274,0.062290344,0.009322681601856786
2020-05-21,0.21675425593281616,0.19522822,0.0622903523569233,0.062290348,0.021526036900528567
2020-05-22,0.24621194097407262,0.24955127,0.0622903553026918,0.062290356,-0.0033393254577358533
2020-05-23,0.2590658399609369,0.266036,0.0622903565880817,0.062290356,-0.0069701638671118005
2020-05-24,0.3099334609790727,0.31298417,0.0622903616748438,0.06229036,-0.0030507075504377923
2020-05-25,0.35144291699040764,0.35533676,0.0622903658257894,0.062290367,-0.0038938385237372586
2020-05-26,0.4049323679838901,0.39865628,0.0622903711747345,0.06229037,0.0062760891352420245
2020-05-27,0.4119235349347994,0.4129618,0.0622903718738512,0.06229037,-0.0010382758924558644
2020-05-28,0.4422549979704593,0.4451267,0.0622903749069975,0.062290374,-0.0028717143517758004
2020-05-29,0.4942511869915345,0.501384,0.0622903801066164,0.062290378,-0.007132832860150096
2020-05-30,0.5031725509863083,0.50640535,0.0622903809987528,0.06229038,-0.003232802559834269
2020-05-31,0.5378736499944692,0.53695637,0.0622903844688627,0.06229038,0.0009172801176076106
2020-06-01,0.5509819079457801,0.5552629,0.0622903857796885,0.062290385,-0.004281015294881563
2020-06-02,0.605345177942529,0.6192222,0.0622903912160155,0.062290393,-0.013877045816168554
2020-06-03,0.6215121569480564,0.6203192,0.0622903928327134,0.062290393,0.0011929693069125946
2020-06-04,0.6308705819552118,0.63894135,0.0622903937685559,0.062290393,-0.008070765643817701
2020-06-05,0.6999073139807299,0.6948959,0.0622904006722291,0.0622904,0.005011390843065122
2020-06-06,0.7436015629636028,0.72882617,0.062290405041654,0.062290404,0.014775397764323017
2020-06-07,0.7728769159387472,0.782504,0.0622904079691893,0.062290408,-0.009627106182682255
2020-06-08,0.8169360619925126,0.8149371,0.0622904123751039,0.06229041,0.0019989472769363914
2020-06-09,0.8553870169819566,0.8530628,0.0622904162201994,0.062290415,0.0023242084683152697
2020-06-10,0.8800382929330386,0.88308316,0.062290418685327,0.06229042,-0.0030448717588864582
2020-06-11,0.9101874329925375,0.9055052,0.062290421700241,0.06229042,0.004682252633650741
2020-06-12,0.9252259819403363,0.9207728,0.0622904232040959,0.062290423,0.004453191031522863
2020-06-13,0.9632399749354148,0.9739659,0.0622904270054952,0.062290426,-0.010725908319590083
2020-06-14,1.007116689974441,1.0184768,0.0622904313931667,0.06229043,-0.011360153859482303
2020-06-15,1.0058060519874124,1.0184768,0.0622904312621029,0.06229043,-0.012670791846510987
2020-06-16,1.033770428982006,1.0271121,0.0622904340585406,0.062290434,0.0066583026316031635
2020-06-17,1.0724038689707838,1.0718062,0.0622904379218846,0.062290438,0.00059767657271248
2020-06-18,-0.4861636030556449,-0.4578827,0.0622902820651374,0.062290285,-0.028280900705028422
2020-06-19,-0.5062626120405644,-0.47746402,0.0622902800552365,0.06229028,-0.028798591788336658
2020-06-20,-0.48860239000581007,-0.49237898,0.0622902818212587,0.06229028,0.00377658991553087
2020-06-21,-0.41956572903456557,-0.42368007,0.0622902887249248,0.06229029,0.004114338027812359
2020-06-22,-0.3791845800543703,-0.38933772,0.0622902927630397,0.062290292,0.01015313843241561
2020-06-23,-0.3682608510496843,-0.35712048,0.0622902938554126,0.062290292,-0.011140366935991075
2020-06-24,-0.3265689760278967,-0.31713837,0.0622902980246001,0.062290296,-0.009430602176120573
2020-06-25,-0.2903027280370951,-0.28563732,0.0622903016512249,0.0622903,-0.004665408949112937
2020-06-26,-0.2632122190343589,-0.25799978,0.0622903043602758,0.062290303,-0.005212441240474597
2020-06-27,-0.24835611005247227,-0.24030587,0.0622903058458867,0.062290307,-0.008050239281064187
2020-06-28,-0.22283103001674576,-0.22671907,0.0622903083983947,0.062290307,0.0038880364839180004
2020-06-29,-0.1891864850195324,-0.18285768,0.0622903117628492,0.06229031,-0.006328807679024884
2020-06-30,-0.16934160705639467,-0.17572801,0.062290313747337,0.06229031,0.0063864010946597105
2020-07-01,-0.15754404905643504,-0.14759439,0.0622903149270928,0.062290315,-0.009949656756782943
2020-07-02,-0.13726228403898588,-0.12681644,0.0622903169552693,0.06229032,-0.010445847390617047
2020-07-03,-0.11060873904289448,-0.10174947,0.0622903196206238,0.06229032,-0.008859266722814674
2020-07-04,-0.07783807300099088,-0.06819168,0.0622903228976904,0.062290322,-0.009646395669066443
2020-07-05,-0.05730184306218522,-0.05746055,0.0622903249513134,0.062290322,0.0001587071566353515
2020-07-06,-0.028718242020553397,-0.008437287,0.0622903278096735,0.06229033,-0.020280954958146857
2020-07-07,0.01672372296201985,0.022640329,0.06229033235387,0.062290333,-0.005916605892302584
2020-07-08,0.043996561949199986,0.044425447,0.0622903350811539,0.062290333,-0.0004288845909172778
2020-07-09,0.06471510195782404,0.06956776,0.0622903371530079,0.062290337,-0.0048526603574492455
2020-07-10,0.10640683896501191,0.11318757,0.0622903413221816,0.06229034,-0.0067807274345623725
2020-07-11,0.1374297119854928,0.13772045,0.0622903444244689,0.062290344,-0.00029073877344121257
2020-07-12,0.15377892993717612,0.16510798,0.0622903460593907,0.062290344,-0.011329050433345422
2020-07-13,0.1810516429834319,0.19428639,0.062290348786662,0.062290348,-0.013234748155598552
2020-07-14,0.20289861298039558,0.22319287,0.062290350971359,0.06229035,-0.020294257636517266
2020-07-15,0.21731773998390214,0.23732814,0.0622903524132717,0.06229035,-0.02001040194381698
2020-07-16,0.23698008798367365,0.25604117,0.0622903543795065,0.062290356,-0.019061081182891293
2020-07-17,0.2651265109537837,0.27709508,0.0622903571941488,0.062290356,-0.01196856846821337
2020-07-18,0.2922167699481726,0.2944719,0.0622903599031747,0.06229036,-0.002255119786095605
2020-07-19,0.32367651794928953,0.33011797,0.0622903630491495,0.062290363,-0.006441452755742816
2020-07-20,0.34046254197839243,0.3463175,0.0622903647277519,0.062290363,-0.005854957897629909
2020-07-21,0.3636203339818511,0.37353563,0.0622903670435311,0.062290367,-0.009915299105307085
2020-07-22,0.40880751499272616,0.40988216,0.0622903715622492,0.06229037,-0.0010746430482742042
2020-07-23,0.43546083294820903,0.4451267,0.062290374227581,0.062290374,-0.009665879374026076
2020-07-24,0.4570532409486905,0.47123367,0.0622903763868218,0.062290378,-0.014180424994455265
2020-07-25,0.4843257729592043,0.4902627,0.062290379114075,0.062290378,-0.005936914247063996
2020-07-26,0.5120352889603774,0.5228238,0.0622903818850266,0.06229038,-0.010788521617015157
2020-07-27,0.5476096499867911,0.54876083,0.0622903854424627,0.062290385,-0.0011511813692575146
2020-07-28,0.557841490986255,0.582671,0.0622903864656468,0.06229039,-0.02482949566611925
2020-07-29,0.5844947159605596,0.58634347,0.0622903891309693,0.06229039,-0.0018487512750056112
2020-07-30,0.6135149869385126,0.6203192,0.0622903920329964,0.062290393,-0.0068042007026312135
2020-07-31,0.6231275889723165,0.6203192,0.0622903929942566,0.062290393,0.0028084013311726608
2020-08-01,0.6416612769594154,0.6463394,0.0622903948476254,0.062290393,-0.004678139544490811
2020-08-02,0.676616332961899,0.67292005,0.062290398343131,0.062290397,0.0036962847250521236
2020-08-03,0.7056365919355656,0.7104695,0.0622904012451569,0.0622904,-0.004832892393658028
2020-08-04,0.7384070699334444,0.7492822,0.0622904045222047,0.062290404,-0.010875111329525566
2020-08-05,0.7726705219396335,0.77883375,0.0622904079485499,0.062290408,-0.006163224970461734
2020-08-06,0.8009990719315407,0.7961372,0.0622904107814049,0.062290408,0.0048618582245705255
2020-08-07,0.8527401509916821,0.84786034,0.0622904159555128,0.062290415,0.004879814687971162
2020-08-08,0.884381965993164,0.88308316,0.0622904191196943,0.06229042,0.0012988013012389388
2020-08-09,0.9105257039315751,0.9055052,0.0622904217340681,0.06229042,0.00502052357268834
2020-08-10,0.9406743959466946,0.94230586,0.0622904247489373,0.062290423,-0.001631466956900418
2020-08-11,0.9701315499544005,0.98348176,0.0622904276946527,0.062290426,-0.013350214838995456
2020-08-12,0.97992630593291,0.98348176,0.0622904286741283,0.062290426,-0.003555458860486027
2020-08-13,0.9988967839685836,0.9994647,0.0622904305711761,0.06229043,-0.0005679067166886043
2020-08-14,1.0203066699854269,1.0204813,0.0622904327121647,0.06229043,-0.00017467805229287592
2020-08-15,1.044083506943072,1.0411856,0.0622904350898484,0.062290434,0.0028978894961726454
2020-08-16,1.0608692329466818,1.0599443,0.062290436768421,0.062290434,0.0009249609053609831
2020-08-17,1.0833351979377959,1.0768152,0.0622904390150175,0.062290438,0.006519950402090302
2020-08-18,1.1244074129418413,1.1227382,0.062290443122239,0.06229044,0.0016691707924882948
2020-08-19,1.1490581329487437,1.146558,0.062290445587311,0.062290445,0.0025000866078013217
2020-08-20,1.1654069589916993,1.1648173,0.0622904472221936,0.062290445,0.0005896257702637797
2020-08-21,1.2002894029389255,1.1941946,0.062290450710438,0.06229045,0.006094847656332725
2020-08-22,1.2494087309883328,1.22887,0.0622904556223708,0.062290452,0.020538696770498355
2020-08-23,1.2635728449672534,1.2789652,0.0622904570387822,0.062290456,-0.01539238978921631
2020-08-24,1.2779190389916595,1.2961824,0.0622904584734016,0.06229046,-0.018263355036050477
2020-08-25,1.316551743943406,1.330176,0.0622904623366721,0.062290464,-0.013624251883315175
2020-08-26,1.3412024129494382,1.3341053,0.062290464801739,0.062290464,0.007097159729833713
2020-08-27,1.3553665349774757,1.3584255,0.0622904662181512,0.062290464,-0.003058963031252304
2020-08-28,1.3673458639645863,1.362411,0.0622904674160841,0.062290467,0.004934841778307053
2020-08-29,1.3898117899591167,1.3724997,0.0622904696626767,0.062290467,0.01731208559815478
2020-08-30,1.4135885569727114,1.4217474,0.0622904720403534,0.06229047,-0.008158889087469312
2020-08-31,1.4406788369919488,1.433897,0.0622904747493814,0.06229047,0.006781818559331576
2020-09-01,1.4662033499812654,1.4651194,0.0622904773018327,0.062290475,0.0010839881038240406
2020-09-02,1.5023964979737903,1.5160141,0.0622904809211475,0.062290482,-0.013617601147303482
2020-09-03,-1.2809476640507356,-1.242654,0.0622902025867313,0.062290207,-0.03829369810072336
2020-09-04,-1.2733367580480826,-1.242654,0.0622902033478219,0.062290207,-0.030682792098070344
2020-09-05,-1.2528715870319118,-1.2824595,0.062290205394339,0.062290203,0.02958791041987041
2020-09-06,-1.177788865047713,-1.1716911,0.0622902129026112,0.062290214,-0.006097804981489929
2020-09-07,-1.1464001870020724,-1.1616522,0.062290216041479,0.062290214,0.015252020372500397
2020-09-08,-1.1200008880052348,-1.1159914,0.0622902186814089,0.062290218,-0.004009534016587324
2020-09-09,-1.094292521042206,-1.0804454,0.0622902212522456,0.06229022,-0.013847112221100133
2020-09-10,-1.0807474240537296,-1.0795954,0.0622902226067553,0.06229022,-0.0011519774671207017
2020-09-11,-1.05784358404859,-1.0563912,0.0622902248971393,0.062290225,-0.0014523448823302587
2020-09-12,-1.0384353270331825,-1.0315084,0.062290226837965,0.062290225,-0.006926881293436438
2020-09-13,-1.0242703640112039,-1.017074,0.0622902282544613,0.06229023,-0.007196375096714114
2020-09-14,-0.9959403160508806,-0.98035204,0.0622902310874661,0.062290233,-0.01558827194535084
2020-09-15,-0.9712887270169057,-0.9640904,0.062290233552625,0.062290233,-0.0071983201222218796
2020-09-16,-0.9387722430670431,-0.94925475,0.0622902368042734,0.062290236,0.010482508138401236
2020-09-17,-0.9215487190017413,-0.89879185,0.0622902385266258,0.06229024,-0.022756869388551593
2020-09-18,-0.8739933510248932,-0.8757605,0.0622902432821626,0.06229024,0.0017671446377960365
2020-09-19,-0.8373614460155387,-0.83930063,0.0622902469453531,0.062290244,0.0019391864612678944
2020-09-20,-0.827128956021328,-0.8306471,0.0622902479686021,0.062290248,0.0035181549176979132
2020-09-21,-0.7904971630057211,-0.7845398,0.0622902516317814,0.06229025,-0.005957344241988238
2020-09-22,-0.7460003950687799,-0.7400933,0.0622902560814582,0.062290255,-0.005907104262963259
2020-09-23,-0.7216029330320284,-0.7337951,0.0622902585212044,0.062290255,0.012192173378951843
2020-09-24,-0.6978252910239124,-0.6866971,0.0622902608989686,0.062290262,-0.011128165589036954
2020-09-25,-0.6766692690202136,-0.6675965,0.0622902630145708,0.062290262,-0.00907275002683594
2020-09-26,-0.6432788840493586,-0.63827926,0.0622902663536093,0.062290266,-0.004999624844494122
2020-09-27,-0.6264922600140999,-0.62677085,0.0622902680322717,0.062290266,0.00027859398217700004
2020-09-28,-0.5889153540522551,-0.5651102,0.0622902717899623,0.062290274,-0.02380514744825124
2020-09-29,-0.5284346070444368,-0.5284225,0.062290277838037,0.062290277,-1.2132183291768683e-05
2020-09-30,-0.5022893490025382,-0.5128113,0.0622902804525628,0.062290277,0.010521954136194722
2020-10-01,-0.47851176403213014,-0.47253287,0.0622902828303213,0.06229028,-0.005978895646815197
2020-10-02,-0.43051959906781345,-0.42417783,0.0622902876295378,0.06229029,-0.006341773616916235
2020-10-03,-0.39126622802809763,-0.40232944,0.0622902915548749,0.06229029,0.011063216857156277
2020-10-04,-0.35070209500331906,-0.34192258,0.0622902956112882,0.062290296,-0.00877951380748776
2020-10-05,-0.31013802199997276,-0.31713837,0.0622902996676955,0.062290296,0.007000351851803366
2020-10-06,-0.28006062004204413,-0.26852623,0.0622903026754357,0.062290303,-0.011534393759924377
2020-10-07,-0.22595135006076017,-0.22991791,0.0622903080863627,0.062290307,0.003966563614548058
2020-10-08,-0.18862853203016616,-0.18395555,0.0622903118186445,0.06229031,-0.004672981836379542
2020-10-09,-0.176465649037727,-0.17572801,0.0622903130349328,0.06229031,-0.0007376408866726081
2020-10-10,-0.1413276100314942,-0.13014454,0.0622903165487367,0.06229032,-0.011183073536285448
2020-10-11,-0.10706339800825582,-0.103216335,0.0622903199751579,0.06229032,-0.003847062830834247
2020-10-12,-0.08415966000485664,-0.08693236,0.0622903222655317,0.062290322,0.002772701121089405
2020-10-13,-0.06475145204742905,-0.062416792,0.0622903242063525,0.062290322,-0.002334660131535493
2020-10-14,-0.038352223064030966,-0.024870703,0.0622903268462754,0.062290326,-0.013481520067180952
2020-10-15,0.007455016950985716,0.0139193665,0.0622903314269994,0.06229033,-0.006464349572637751
2020-10-16,0.050021033981551,0.046987917,0.0622903356836011,0.062290333,0.0030331167073143206
2020-10-17,0.08053527393581117,0.0821154,0.0622903387350251,0.062290337,-0.0015801229214504886
2020-10-18,0.11392553199429667,0.11318757,0.0622903420740509,0.06229034,0.0007379655947223895
2020-10-19,0.17021933897132246,0.16410321,0.0622903477034316,0.062290344,0.006116128998940873
2020-10-20,0.23044562695584414,0.21508041,0.0622903537260604,0.06229035,0.015365216713763452
2020-10-21,0.25134698794504473,0.24955127,0.0622903558161965,0.062290356,0.0017957215132362592
2020-10-22,0.2838633109819577,0.28302455,0.0622903590678288,0.06229036,0.0008387614977047875
2020-10-23,0.32511846895233454,0.3348169,0.0622903631933446,0.062290363,-0.00969843392356573
2020-10-24,0.3589455769420491,0.35597745,0.0622903665760554,0.062290367,0.0029681311012135225
2020-10-25,0.3984528519629382,0.3992376,0.0622903705267829,0.06229037,-0.0007847509862042301
2020-10-26,0.42659973199798973,0.43877557,0.0622903733414709,0.062290374,-0.012175837202526019
2020-10-27,0.47266125999256836,0.47149867,0.0622903779476237,0.062290378,0.0011625917987512224
2020-10-28,0.5076165159739743,0.50845945,0.0622903814431493,0.06229038,-0.0008429328404178094
2020-10-29,0.5383849299711585,0.53695637,0.0622903845199907,0.06229038,0.0014285600942969268
2020-10-30,0.6073497889336199,0.60619575,0.0622903914164766,0.06229039,0.0011540410812944657
2020-10-31,0.6566523049617023,0.6576307,0.0622903963467282,0.062290397,-0.0009783770298747996
2020-11-01,0.6941572799901152,0.6926256,0.0622904000972257,0.0622904,0.001531697771945062
2020-11-02,0.7587525229640901,0.7612164,0.06229040655675,0.062290404,-0.002463879089742882
2020-11-03,0.8281541879345822,0.85447556,0.0622904134969165,0.062290415,-0.02632136986952549
2020-11-04,0.8573572379821925,0.8530628,0.0622904164172215,0.062290415,0.004294429468551186
2020-11-05,0.8955535589494357,0.8973447,0.0622904202368536,0.06229042,-0.0017911494932523198
2020-11-06,0.948351351962029,0.9572076,0.0622904255166329,0.062290426,-0.00885626818186136
2020-11-07,1.0062100139901498,0.98258966,0.0622904313024991,0.062290426,0.02362035191510703
2020-11-11,1.152877995985735,1.146558,0.0622904459692973,0.062290445,0.006319949644792544
2020-11-12,1.1871417969488984,1.1781034,0.0622904493956774,0.06229045,0.009038349988449212
2020-11-13,1.26047563595022,1.2517016,0.0622904567290613,0.062290456,0.008774042551172201
2020-11-14,1.286874377962044,1.2958568,0.0622904593689355,0.06229046,-0.008982455495902819
2020-11-15,1.3595889969408859,1.3559662,0.0622904666403974,0.062290464,0.003622786575590453
2020-11-16,1.4067063689587878,1.3920708,0.0622904713521346,0.062290467,0.014635598695115881
2020-11-17,1.450765051980163,1.4457155,0.0622904757580029,0.062290475,0.005049505372191732
2020-11-18,1.493767530988399,1.4787691,0.0622904800582508,0.06229048,0.014998467038814134
2020-11-19,1.5382631449872841,1.541027,0.0622904845078122,0.062290482,-0.0027638048952232097
2020-11-20,1.593936914956462,1.5937424,0.0622904900751892,0.06229049,0.00019454435099319767
2020-11-21,1.624704964939272,1.6227695,0.0622904931519942,0.062290493,0.0019354899560566352
2020-11-22,1.6685812149336288,1.6558828,0.0622904975396192,0.062290493,0.012698379545445171
2020-11-23,1.7616495759376072,1.7790421,0.0622905068464553,0.06229051,-0.0173925488106228
2020-11-24,1.8133908449846636,1.7818906,0.0622905120205822,0.06229051,0.03150021426261773
2020-11-25,1.8332353269451263,1.828843,0.0622905140050304,0.062290512,0.004392329394161898
2020-11-26,1.87798540898787,1.8534553,0.0622905184800386,0.062290516,0.024530103888382726
2020-11-27,1.951573604941359,1.9148656,0.0622905258388582,0.06229052,0.036707991957655395
2020-11-28,2.013801378986102,1.9742604,0.0622905320616356,0.062290527,0.039540929576617145
2020-11-29,2.1063601599730086,2.088881,0.0622905413175137,0.062290538,0.017479144195420737
2020-11-30,2.145612232953842,2.0727196,0.062290545242721,0.062290538,0.07289265897923247
2020-12-01,2.2268105899503343,2.3385458,0.0622905533625567,0.062290564,-0.11173520930503678
2020-12-02,2.2966484459346903,2.2824426,0.0622905603463423,0.062290557,0.014205876202024292
2020-12-03,0.3043807219466066,0.3261306,0.0622903611195699,0.062290363,-0.02174987683688645
2020-12-04,0.334456862968735,0.31921238,0.062290364127184,0.062290363,0.015244485897354387
2020-12-05,0.35998150099691983,0.39148,0.0622903666796478,0.06229037,-0.03149849783006076
2020-12-06,0.4728941689624566,0.45542812,0.0622903779709146,0.062290374,0.017466045488335524
2020-12-07,0.5185179429573195,0.5163364,0.062290382533292,0.06229038,0.0021815615219251683
2020-12-08,0.5663264849437022,0.5612557,0.0622903873141462,0.062290385,0.0050707915080332455
2020-12-09,0.6473423949659995,0.6434846,0.0622903954157372,0.062290393,0.003857802528255405
2020-12-10,0.6658759229422051,0.6576307,0.06229039726909,0.062290397,0.008245240950627952
2020-12-11,0.7114996639773219,0.7227911,0.0622904018314641,0.0622904,-0.011291411729160039
2020-12-12,0.74707385597228,0.75873625,0.0622904053888833,0.062290404,-0.01166239681244896
2020-12-13,0.8029293369765655,0.80239946,0.0622904109744314,0.06229041,0.0005298804755584641
2020-12-14,0.8481161279522142,0.84786034,0.0622904154931105,0.062290415,0.0002557916485033118
2020-12-15,0.891300250965843,0.8973447,0.0622904198115228,0.06229042,-0.006044457476845011
2020-12-16,0.9408565369850574,0.94230586,0.0622904247671514,0.062290423,-0.0014493259185375251
2020-12-17,-2.382639502016004,-2.355832,0.0622900924175475,0.062290095,-0.02680740210145327
2020-12-18,-2.3573677470495324,-2.3275528,0.062290094944723,0.0622901,-0.029814951639376197
2020-12-19,-2.3248511700491026,-2.4032297,0.0622900981963807,0.062290087,0.07837854339083883
2020-12-20,-2.26917688306294,-2.263925,0.0622901037638094,0.062290102,-0.005251807531934105
2020-12-21,-2.22311515502005,-2.263925,0.0622901083699822,0.062290102,0.04080992051095578
2020-12-22,-2.183607601055626,-2.154013,0.0622901123207376,0.062290113,-0.029594682583335974
2020-12-23,-2.133796551048728,-2.1523092,0.0622901173018426,0.062290113,0.018512628257302488
2020-12-24,-2.095599748036525,-2.0811226,0.0622901211215229,0.06229012,-0.014477111241481211
2020-12-25,-2.054344389046392,-2.057513,0.0622901252470588,0.062290125,0.0031686095345406784
2020-12-26,-2.0165845930619763,-2.0557098,0.0622901290230384,0.062290125,0.03912524580521115
2020-12-27,-1.967718178050304,-1.9722997,0.0622901339096799,0.062290132,0.004581516964649701
2020-12-28,-1.9223473230606247,-1.9165391,0.0622901384467654,0.06229014,-0.005808250070207244
2020-12-29,-1.8708592810362523,-1.8830183,0.0622901435955696,0.06229014,0.012158974197512329
2020-12-30,-1.8163127420145475,-1.8119744,0.0622901490502235,0.062290147,-0.0043383357721769045
2020-12-31,-1.759581462063009,-1.7767439,0.0622901547233515,0.06229015,0.01716242679197144
2021-01-01,-1.7078395590092166,-1.7168193,0.0622901598975418,0.062290158,0.008979727337218968
2021-01-02,-1.6646534650027744,-1.6641834,0.0622901642161512,0.06229016,-0.000470086783169954
2021-01-03,-1.6282045710303006,-1.6248474,0.0622901678610406,0.062290166,-0.0033571589209255848
2021-01-04,-1.5917556109995568,-1.5759827,0.0622901715059366,0.062290173,-0.015772921142073848
2021-01-05,-1.5487525190094331,-1.5650997,0.0622901758062458,0.062290173,0.016347197177090322
2021-01-06,-1.5204224940168487,-1.5121868,0.0622901786392483,0.062290177,-0.008235728346072335
2021-01-07,-1.0849323170414316,-1.096721,0.062290222188266,0.06229022,0.011788736082042561
2021-01-08,-1.468060816037231,-1.460134,0.0622901838754161,0.062290184,-0.007926786648803308
2021-01-09,-1.4329226660086958,-1.4089727,0.0622901873892311,0.062290188,-0.023949925835355934
2021-01-10,-1.4089620820056936,-1.4155045,0.0622901897852895,0.062290188,0.006542373560712633
2021-01-11,-1.3828168290291876,-1.3766761,0.0622901923998148,0.06229019,-0.006140746418103582
2021-01-12,-1.3160360180092256,-1.3156477,0.0622901990778959,0.0622902,-0.000388296718637271
2021-01-13,-1.2916384930367064,-1.3112714,0.0622902015176484,0.0622902,0.019632936025183234
2021-01-14,-1.2571913780151656,-1.2544856,0.0622902049623599,0.062290203,-0.0027057708679487646
2021-01-15,-1.2115666890577526,-1.1990657,0.0622902095248288,0.06229021,-0.012501003785535758
2021-01-16,-1.1753718090479204,-1.1716911,0.0622902131443168,0.062290214,-0.003680748981697235
2021-01-17,-1.1396139150410267,-1.1520613,0.0622902167201062,0.062290214,0.012447428152027484
2021-01-18,-1.1053496990626188,-1.0936441,0.0622902201465278,0.06229022,-0.011705556911739912
2021-01-19,-1.063037702031533,-1.0628235,0.0622902243777275,0.06229022,-0.00021416801969209587
2021-01-20,-1.0466880130677314,-1.0580037,0.0622902260126964,0.062290225,0.011315650948992229
2021-01-21,-1.0111129680051567,-1.0100105,0.0622902295702009,0.06229023,-0.0011024871244194046
2021-01-22,-0.9899569890226001,-0.98035204,0.0622902316857988,0.062290233,-0.009604944917070313
2021-01-23,-0.9639946690204182,-0.9640904,0.0622902342820308,0.062290233,9.573787426564451e-05
2021-01-24,-0.9208087840134604,-0.9140868,0.0622902386006193,0.062290236,-0.006721965318392087
2021-01-25,-0.8981591720358395,-0.8882691,0.0622902408655805,0.06229024,-0.009890045620586818
2021-01-26,-0.8575950110473185,-0.8615618,0.0622902449219966,0.062290244,0.003966764160201031
2021-01-27,-0.8056704190601005,-0.8015637,0.0622902501144558,0.062290248,-0.004106738888133954
2021-01-28,-0.03279357604912825,-0.09641962,0.0622903274021401,0.06229032,0.06362604148455553
2021-01-29,0.009081437962743522,-0.05364761,0.0622903315896415,0.062290326,0.06272904925295997
2021-01-30,0.05532577597444632,0.08307522,0.0622903362140753,0.062290337,-0.027749441928214047
2021-01-31,0.10393740895731085,0.110411994,0.0622903410752386,0.06229034,-0.0064745852019107986
2021-02-01,0.11879343099485684,0.12561288,0.0622903425608408,0.06229034,-0.006819453765046113
2021-02-02,0.153240325984072,0.16510798,0.0622903460055303,0.062290344,-0.011867654386449544
2021-02-03,0.16827912695249747,0.14525579,0.0622903475094104,0.062290344,0.023023337791769016
2021-02-04,0.21233875296955418,0.22319287,0.062290351915373,0.06229035,-0.010854117647358663
2021-02-05,0.25071809593713024,0.24955127,0.0622903557533073,0.062290356,0.0011668295053217648
2021-02-06,0.26619377896386354,0.2746553,0.0622903573008756,0.062290356,-0.008461533335864857
2021-02-07,0.2853475979808229,0.2960537,0.0622903592162575,0.06229036,-0.010706109618817017
2021-02-08,0.33071797696238026,0.3456768,0.0622903637532954,0.062290363,-0.01495883258695141
2021-02-09,0.36210620897592083,0.36956668,0.0622903668921186,0.062290367,-0.007460470024933663
2021-02-10,0.391055305984378,0.39626873,0.0622903697870283,0.06229037,-0.005213419410824649
2021-02-11,0.4220064549892433,0.42632946,0.0622903728821432,0.06229037,-0.004323008731078382
2021-02-12,0.45732705698797727,0.47123367,0.0622903764142034,0.062290378,-0.013906608955168487
2021-02-13,0.5018233419779028,0.501384,0.0622903808638319,0.062290378,0.0004393221262182223
2021-02-14,0.5471934829553993,0.5465439,0.062290385400846,0.062290385,0.0006495867571265634
2021-02-15,0.5707165899593303,0.56571794,0.0622903877531567,0.062290385,0.004998654397196489
2021-02-16,0.6169606529826677,0.6203192,0.062290392377563,0.062290393,-0.003358534658476131
2021-02-17,0.6540289009676625,0.6576307,0.0622903960843878,0.062290397,-0.0036017810239146186
2021-02-18,0.657270091963813,0.66458374,0.0622903964085069,0.062290397,-0.007313650654747761
2021-02-19,0.7070095859457171,0.7266002,0.0622904013824563,0.062290404,-0.019590643794425766
2021-02-20,0.732097942962584,0.7653279,0.062290403891292,0.062290408,-0.033229927883210664
2021-02-21,0.7586794649461215,0.78747153,0.0622904065494442,0.062290408,-0.02879206787553379
2021-02-22,0.797058317958399,0.795699,0.0622904103873295,0.062290408,0.0013593175998174445
2021-02-23,0.8406805459409972,0.84224856,0.0622904147495523,0.062290415,-0.0015680130571107398
2021-02-24,0.895845615953017,0.8973447,0.0622904202660593,0.06229042,-0.00149909248967095
2021-02-25,0.9346614799482511,0.9322896,0.0622904241476457,0.062290423,0.002371879575936653
2021-02-26,0.9669229449754679,0.93807864,0.0622904273737922,0.062290423,0.028844303083988443
2021-02-27,1.0184099819704473,1.0204813,0.0622904325224959,0.06229043,-0.0020713660672724288
2021-02-28,1.0594103279359945,1.0599443,0.0622904366225305,0.062290434,-0.0005339441053262561
2021-03-01,1.094730357961704,1.1060004,0.0622904401545335,0.06229044,-0.011270065469692447
2021-03-02,1.1558300309910674,1.1565387,0.0622904462645008,0.062290445,-0.0007086939082245891
2021-03-03,1.1837220929844516,1.1781034,0.062290449053707,0.06229045,0.005618646024002416
2021-03-04,1.2297833279495407,1.2185886,0.0622904536598305,0.062290452,0.011194737327592463
2021-03-05,1.2533058349473158,1.2681819,0.0622904560120812,0.062290456,-0.014876085104258863
2021-03-06,1.2860041329748606,1.2958568,0.062290459281911,0.06229046,-0.009852700483086174
2021-03-07,1.3335584689994073,1.331646,0.0622904640373446,0.062290464,0.0019125034232354565
2021-03-08,1.3592656639832557,1.3584255,0.0622904666080641,0.062290464,0.0008401659745276291
2021-03-09,1.3812225609782791,1.3763512,0.0622904688037538,0.062290467,0.004871323681221007
2021-03-10,1.4248441289332892,1.4277434,0.0622904731659106,0.06229047,-0.0028993059727167036
2021-03-11,1.4649702579500046,1.4681454,0.0622904771785235,0.062290475,-0.0031751125333938646
2021-03-12,1.5011638439949015,1.4874289,0.0622904807978821,0.06229048,0.013734940415189634
2021-03-13,1.532551037949914,1.5402995,0.0622904839366015,0.062290482,-0.00774849684775436
2021-03-14,1.5827266579976351,1.5937424,0.0622904889541635,0.06229049,-0.011015712607833628
2021-03-15,1.6486321829933814,1.6547171,0.062290495544716,0.062290493,-0.00608490475228507
2021-03-16,1.6791454149345242,1.6857561,0.0622904985960392,0.062290497,-0.006610672368637438
2021-03-17,1.720145114958438,1.7280585,0.0622905026960092,0.0622905,-0.007913342416134839
2021-03-18,-2.303365373018673,-2.2220817,0.0622901003449604,0.062290106,-0.08128371179430793
2021-03-19,-2.314359387051157,-2.3129427,0.062290099245559,0.0622901,-0.0014166437497653561
2021-03-20,-2.3080590750429453,-2.3459256,0.0622900998755902,0.062290095,0.037866494491356484
2021-03-21,-2.2185570420357736,-2.2622213,0.0622901088257935,0.062290102,0.04366429432897245
2021-03-22,-2.1751167500472235,-2.154013,0.0622901131698227,0.062290113,-0.02110383157493345
2021-03-23,-2.1332412330349326,-2.1523092,0.0622901173573744,0.062290113,0.019067946271097647
2021-03-24,-2.100978470018222,-2.0811226,0.0622901205836507,0.06229012,-0.019855833223178188
2021-03-25,-2.062598549040784,-2.057513,0.0622901244216428,0.062290125,-0.005085550459851262
2021-03-26,-2.005430078041992,-1.9764925,0.0622901301384899,0.062290132,-0.028937553894958334
2021-03-27,-1.9556897070532875,-1.9722997,0.062290135112527,0.062290132,0.01660998796166613
2021-03-28,-1.9216793080423233,-1.9165391,0.0622901385135669,0.06229014,-0.0051402350519058615
2021-03-29,-1.8728129700523732,-1.8830183,0.0622901434002007,0.06229014,0.01020528518139141
2021-03-30,-1.8250034880540333,-1.8119744,0.0622901481811489,0.062290147,-0.013029081811662735
2021-03-31,-1.7861867600277304,-1.791018,0.0622901520628217,0.06229015,0.004831249158060658
2021-04-01,-1.7444945320244098,-1.730653,0.0622901562320445,0.062290158,-0.013841484462764342
2021-04-02,-1.7179122780569545,-1.7168193,0.0622901588902699,0.062290158,-0.001092991710518909
2021-04-03,-1.6734153740483038,-1.6641834,0.0622901633399603,0.06229016,-0.009231995828699269
2021-04-04,-1.6487638460072063,-1.6345011,0.0622901658051131,0.062290166,-0.014262746420719452
2021-04-05,-1.6282987960053452,-1.6163695,0.0622901678516181,0.06229017,-0.011929310150242678
2021-04-06,-1.5728786320612365,-1.5763472,0.0622901733936345,0.062290173,0.00346859980369274
2021-04-07,-1.545422554025122,-1.5384175,0.0622901761392423,0.062290177,-0.007005095490881352
2021-04-08,-1.517092622013716,-1.5121868,0.0622901789722355,0.062290177,-0.004905856342939607
2021-04-09,-1.4832655370611292,-1.460134,0.062290182354944,0.062290184,-0.023131507672701446
2021-04-10,-1.4348365120347983,-1.4246856,0.0622901871978465,0.062290188,-0.01015091461505957
2021-04-11,-1.387718289030948,-1.3766761,0.0622901919096688,0.06229019,-0.011042206419864087
2021-04-12,-1.3661254500557662,-1.3766761,0.0622901940689527,0.06229019,0.01055063255531774
2021-04-13,-1.3159487400465908,-1.3156477,0.0622901990866237,0.0622902,-0.00030101875600241357
2021-04-14,-1.2701413870663814,-1.2544856,0.062290203667359,0.062290203,-0.01565577991916456
2021-04-15,-1.2144673390557248,-1.2200229,0.0622902092347638,0.062290207,0.0055555777380984495
2021-04-16,-1.1979350340168837,-1.1990657,0.0622902108879943,0.06229021,0.0011306512553330705
2021-04-17,-1.1505628590147143,-1.1524502,0.0622902156252118,0.062290214,0.0018873448808545135
2021-04-18,-1.0961996370351113,-1.0887692,0.062290221061534,0.06229022,-0.007430439571121994
2021-04-19,-1.044712116052282,-1.0354097,0.0622902262102861,0.062290225,-0.00930242710269713
2021-04-20,-1.003457144044262,-1.0130384,0.0622902303357833,0.06229023,0.009581252791065253
2021-04-21,-0.957832768030964,-0.94925475,0.0622902348982209,0.062290236,-0.008578016825519619
2021-04-22,-0.9017217810630695,-0.90768033,0.0622902405093196,0.06229024,0.005958551597605499
2021-04-23,-0.8692056060327635,-0.8658203,0.0622902437609371,0.062290244,-0.0033853173746214438
2021-04-24,-0.8330112130638945,-0.83381176,0.0622902473803764,0.062290248,0.0008005468848359953
2021-04-25,-0.7685983210298231,-0.7778015,0.0622902538216656,0.06229025,0.009203192642051938
2021-04-26,-0.7054962570390844,-0.70312274,0.062290260131872,0.06229026,-0.002373522015585827
2021-04-27,-0.6655520910087143,-0.6633675,0.0622902641262886,0.062290262,-0.0021845811667953186
2021-04-28,-0.6264818490364643,-0.62677085,0.0622902680333128,0.062290266,0.00028900495981254437
2021-04-29,-0.5590105640190801,-0.56514806,0.0622902747804413,0.062290274,0.006137491534356165
2021-04-30,-0.5028995590100616,-0.51411146,0.0622902803915418,0.062290277,0.011211900245156947
2021-05-01,-0.4756266430011591,-0.4820962,0.0622902831188334,0.06229028,0.006469552219788177
2021-05-02,-0.4439843960535317,-0.4342824,0.0622902862830581,0.062290285,-0.009702003790119207
2021-05-03,-0.38812773606178297,-0.3843008,0.0622902918687241,0.062290292,-0.0038269378840638524
2021-05-04,-0.3298320560424228,-0.3252008,0.0622902976982921,0.062290296,-0.004631259915103492
2021-05-05,-0.31260889606088416,-0.31713837,0.0622902994206081,0.062290296,0.004529477790891967
2021-05-06,-0.27747114904330683,-0.26852623,0.0622903029343828,0.062290303,-0.00894492276118708
2021-05-07,-0.24189637806704134,-0.24637973,0.0622903064918599,0.062290303,0.004483355018590984
2021-05-08,-0.21506040503993518,-0.21334495,0.0622903091754572,0.062290307,-0.0017154585362959551
2021-05-09,-0.18603981105647094,-0.18285768,0.0622903120775166,0.06229031,-0.003182133715963431
2021-05-10,-0.1360461120147871,-0.14411761,0.0622903170768865,0.062290315,0.00807149665163287
2021-05-11,-0.08361329503769888,-0.072986685,0.0622903223201682,0.062290322,-0.010626610298109185
2021-05-12,-0.04304948501843153,-0.05746055,0.0622903263765492,0.062290322,0.01441106520038904
2021-05-13,-0.043148756026512025,-0.05168564,0.0622903263666221,0.062290326,0.008536882699245574
2021-05-14,0.04583187593332205,0.047232896,0.0622903352646853,0.062290333,-0.0014010201562317803
2021-05-15,0.11155554195674267,0.103120044,0.0622903418370519,0.06229034,0.008435498082955739
2021-05-16,0.1650448329393317,0.16258533,0.062290347185981,0.062290344,0.00245949994963901
2021-05-17,0.18995043093994468,0.17203863,0.0622903496765408,0.062290348,0.01791180128887504
2021-05-19,0.3026094879537977,0.2974563,0.0622903609424465,0.06229036,0.005153193655625721
2021-05-20,0.31309603396034724,0.31517035,0.0622903619911011,0.06229036,-0.0020743137302350334
2021-05-21,0.37881977693610125,0.37690985,0.0622903685634754,0.062290367,0.0019099249082081826
2021-05-22,0.4037253339972402,0.3992376,0.0622903710540311,0.06229037,0.004487731048097743
2021-05-23,0.4467281349701535,0.45000607,0.0622903753543112,0.062290374,-0.0032779327826846227
2021-05-24,0.49278954493414684,0.4852414,0.0622903799604522,0.062290378,0.007548131817691761
2021-05-25,0.5417270399626917,0.5355292,0.0622903848542017,0.06229038,0.006197843700332051
2021-05-26,0.5827994219859134,0.5649282,0.0622903889614399,0.062290385,0.017871247967053527
2021-05-27,0.6214328459458462,0.6203192,0.0622903928247823,0.062290393,0.0011136583047024473
2021-05-28,0.6861002939395622,0.6779779,0.0622903992915271,0.062290397,0.008122374361009932
2021-05-29,0.7140645639364118,0.7112552,0.0622904020879541,0.0622904,0.0028093711797589904
2021-05-30,0.7557564809385076,0.75873625,0.0622904062571458,0.062290404,-0.002979771846221446
2021-05-31,0.8053134569613318,0.8190755,0.0622904112128434,0.06229041,-0.013762067845644488
2021-06-01,0.8413252879785338,0.84224856,0.0622904148140265,0.062290415,-0.0009232710195741234
2021-06-02,-0.9565029520514079,-0.8967949,0.0622902350312025,0.06229024,-0.05970803685212811
2021-06-03,-0.9315972410162132,-0.89013684,0.0622902375217736,0.06229024,-0.04146040305692367
2021-06-04,-0.9058175770570998,-0.9323271,0.06229024009974,0.062290236,0.02650951463677842
2021-06-05,-0.8610670250430719,-0.8615618,0.0622902445747952,0.062290244,0.000494750164447666
2021-06-06,-0.8361613110241528,-0.8373305,0.0622902470653666,0.062290248,0.0011692091288928452
2021-06-07,-0.7946518740253872,-0.7888915,0.0622902512163103,0.06229025,-0.005760379751247768
2021-06-08,-0.754890006060549,-0.7400933,0.0622902551924971,0.062290255,-0.014796715254732362
2021-06-09,-0.7254322950678294,-0.7337951,0.0622902581382682,0.062290255,0.008362811343150867
2021-06-10,-0.6786795170299342,-0.6756007,0.062290262813546,0.062290262,-0.00307880949895889
2021-06-11,-0.6422307570475017,-0.63827926,0.062290266458422,0.062290266,-0.003951497842637153
2021-06-12,-0.5906715140613361,-0.5934833,0.0622902716143463,0.06229027,0.002811814757938791
2021-06-13,-0.5668939720426813,-0.55919987,0.0622902739921005,0.062290274,-0.007694102409960379
2021-06-14,-0.5107828870282161,-0.5128113,0.062290279603209,0.062290277,0.0020284161105168508
2021-06-15,-0.4469894130526564,-0.44848004,0.0622902859825564,0.062290285,0.001490626782319815
2021-06-16,-0.4190249270480395,-0.4203955,0.062290288779005,0.06229029,0.0013705664593457456
2021-06-17,-0.3803914690181376,-0.38398775,0.0622902926423508,0.062290292,0.00359628556522118
2021-06-18,-0.3314539040455422,-0.32889467,0.0622902975361073,0.062290296,-0.0025592292675575834
2021-06-19,-0.2812054870210412,-0.28742862,0.062290302560949,0.0622903,0.006223130456375792
2021-06-20,-0.26853396700721177,-0.25799978,0.062290303828101,0.062290303,-0.010534189213327494
2021-06-21,-0.22771581703606714,-0.23473543,0.062290307909916,0.062290307,0.007019612250889651
2021-06-22,-0.20761645805333906,-0.21334495,0.0622903099198519,0.062290307,0.005728488450300162
2021-06-23,-0.13901636002067175,-0.14411761,0.0622903167798617,0.062290315,0.005101248645748235
2021-06-24,-0.11436506006101688,-0.12051757,0.0622903192449917,0.06229032,0.006152506739100616
2021-06-25,-0.09513949003614464,-0.08693236,0.0622903211675487,0.062290322,-0.008207128910198591
2021-06-26,-0.04139560305649326,-0.03159287,0.0622903265419374,0.062290326,-0.00980273478800342
2021-06-27,0.011911374941941943,0.020083604,0.0622903318726352,0.062290333,-0.008172229438546452
2021-06-28,0.04836008794806279,0.047232896,0.0622903355175065,0.062290333,0.001127191858508958
2021-06-29,0.07807224193523421,0.0821154,0.0622903384887219,0.062290337,-0.004043154922027448
2021-06-30,0.14117436497596003,0.1344228,0.0622903447989342,0.062290344,0.006751570991546885
2021-07-01,0.18374030297252375,0.17103386,0.062290349055528,0.062290348,0.012706443719594063
2021-07-02,0.19510091993357737,0.21057314,0.0622903501915897,0.06229035,-0.015472216872910671
2021-07-03,0.2488447229526125,0.25190002,0.06229035556597,0.062290356,-0.00305529430889262
2021-07-04,0.2835455969324441,0.2825273,0.0622903590360574,0.06229036,0.0010182991972298439
2021-07-05,0.3241813249788006,0.3217514,0.0622903630996302,0.062290363,0.0024299390516002717
2021-07-06,0.3372896929809688,0.3456768,0.062290364410467,0.062290363,-0.008387116568362885
2021-07-07,0.3927812449594503,0.39626873,0.0622903699596222,0.06229037,-0.0034874804357523104
2021-07-08,0.42992126997321023,0.4241712,0.0622903736736247,0.06229037,0.005750060637883081
2021-07-09,0.46112671493736546,0.46976748,0.0622903767941692,0.062290378,-0.00864076615127285
2021-07-10,0.4921496049581364,0.4902627,0.0622903798964582,0.062290378,0.0018869177518681113
2021-07-11,0.529035157972868,0.53255534,0.0622903835850135,0.06229038,-0.0035201837477130127
2021-07-12,0.5792833889656235,0.56571794,0.0622903886098366,0.062290385,0.013565453403489691
2021-07-13,0.6187906309573776,0.6203192,0.0622903925605608,0.062290393,-0.001528556683766169
2021-07-14,0.6390724409388593,0.6421452,0.0622903945887418,0.062290393,-0.0030727755261370504
2021-07-15,0.680327211996512,0.67599344,0.0622903987142189,0.062290397,0.004333769461111636
2021-07-16,0.7157195109491754,0.7104695,0.0622904022534488,0.0622904,0.005250026619951775
2021-07-17,0.7412445289511904,0.7492822,0.0622904048059506,0.062290404,-0.008037652311779553
2021-07-18,0.7499832919977134,0.77174205,0.0622904056798269,0.062290408,-0.021758753881650605
2021-07-19,0.7903641349726875,0.78392756,0.0622904097179112,0.062290408,0.00643657512008744
2021-07-20,0.8458558939383742,0.84224856,0.0622904152670871,0.062290415,0.003607334940266327
2021-07-21,0.8469122189658229,0.84224856,0.0622904153727196,0.062290415,0.004663659967715006
2021-07-22,0.8879845439513367,0.88308316,0.0622904194799521,0.06229042,0.004901379259411698
2021-07-23,0.9714401519311799,0.9735074,0.0622904278255129,0.062290426,-0.0020672523962126377
2021-07-24,1.0002782389884057,0.98949033,0.0622904307093216,0.06229043,0.010787908769136934
2021-07-25,1.0454655179764627,1.0411856,0.0622904352280495,0.062290434,0.004279900529563285
2021-07-26,1.0668754939907599,1.0718062,0.0622904373690471,0.062290438,-0.004930698407311418
2021-07-27,1.1173059199370838,1.1227382,0.0622904424120897,0.06229044,-0.005432322212269192
2021-07-28,1.1738535759392432,1.1728123,0.0622904480668553,0.062290445,0.0010412332955054282
2021-07-29,1.2039302509786465,1.1801591,0.0622904510745228,0.06229045,0.023771159029183586
2021-07-30,1.24868038797743,1.2404686,0.0622904555495365,0.062290452,0.008211766723462688
2021-07-31,1.2886242209408927,1.2958568,0.0622904595439198,0.06229046,-0.007232612517054093
2021-08-01,1.3178991829787545,1.329343,0.062290462471416,0.062290464,-0.011443778332585808
2021-08-02,1.3307526849914986,1.332479,0.0622904637567662,0.062290464,-0.0017263151000541654
2021-08-03,1.3595906089847176,1.3584255,0.0622904666405586,0.062290464,0.0011651109759895917
2021-08-04,1.398478202963016,1.3920708,0.062290470529318,0.062290467,0.006407432699344184
2021-08-05,1.420944379937339,1.4277434,0.0622904727759357,0.06229047,-0.006799054968666951
2021-08-06,1.4517123449880875,1.4356544,0.0622904758527322,0.062290475,0.01605794320891274
2021-08-07,1.4805502569770201,1.4881308,0.0622904787365234,0.06229048,-0.007580550899566774
2021-08-08,1.537534724954659,1.541027,0.0622904844349702,0.062290482,-0.0034922249278483974
2021-08-09,1.5779154389355954,1.5635695,0.0622904884730416,0.062290486,0.014345893189745773
2021-08-10,1.5961943889558627,1.5937424,0.0622904903009366,0.06229049,0.002452018350393992
2021-08-11,0.18811656593564763,0.19399679,0.0622903494931543,0.062290348,-0.005880221135580399
2021-08-12,0.18436619397821374,0.19399679,0.0622903491181171,0.062290348,-0.009630593093014284
2021-08-13,0.24834159895181784,0.20977211,0.0622903555156576,0.06229035,0.03856948896646628
2021-08-14,0.2747400209418549,0.27098206,0.0622903581554998,0.062290356,0.0037579640856995056
2021-08-15,0.2969513139550184,0.29504722,0.0622903603766291,0.06229036,0.0019040903870557457
2021-08-16,0.3284108269357988,0.3456768,0.0622903635225804,0.062290363,-0.01726598261353285
2021-08-17,0.3548093689687004,0.35597745,0.0622903661624346,0.062290367,-0.0011680768721351598
2021-08-18,0.3930051629963405,0.39626873,0.062290369982014,0.06229037,-0.003263562398862163
2021-08-19,0.40716924193384685,0.40231723,0.0622903713984219,0.06229037,0.004852016000771897
2021-08-20,0.44168739193883866,0.4451267,0.0622903748502369,0.062290374,-0.003439320383396449
2021-08-21,0.48294183693786685,0.4852414,0.0622903789756814,0.062290378,-0.002299576178588225
2021-08-22,0.5110879609804275,0.5228238,0.0622903817902938,0.06229038,-0.011735849596965053
2021-08-23,0.5588964699376753,0.5612557,0.0622903865711447,0.062290385,-0.0023592234979936677
2021-08-24,0.6108197169590879,0.6203192,0.0622903917634694,0.062290393,-0.009499470682055922
2021-08-25,0.6179927879851332,0.6203192,0.0622903924807765,0.062290393,-0.002326399656010558
2021-08-26,0.6681681569836728,0.65924,0.0622903974983134,0.062290397,0.008928149583160128
2021-08-27,0.7375687579441736,0.72135097,0.0622904044383735,0.0622904,0.016217790060109927
2021-08-28,0.8019810779358316,0.8010405,0.0622904108796055,0.06229041,0.0009406073357034472
2021-08-29,0.8543411309652749,0.8475179,0.0622904161156108,0.062290415,0.006823223345798546
2021-08-30,0.8776809179433798,0.87142044,0.0622904184495895,0.062290415,0.006260474885365852
2021-08-31,0.8940296139514636,0.89924926,0.0622904200844591,0.06229042,-0.005219641705732414
2021-09-01,0.9316063429715138,0.9322896,0.062290423842132,0.062290423,-0.0006832574008006631
2021-09-02,0.9448964999325682,0.916393,0.0622904251711477,0.062290423,0.028503517926495192
2021-09-03,0.9691101499759158,0.9739659,0.0622904275925127,0.062290426,-0.004855733279089058
2021-09-04,1.0291529719402837,1.031832,0.0622904335967949,0.062290434,-0.002679007811303258
2021-09-05,1.0616685439807094,1.0599443,0.0622904368483521,0.062290434,0.0017242719393886219
2021-09-06,1.078454211975166,1.0718062,0.0622904385269189,0.062290438,0.006648019577094821
2021-09-07,1.1316880049738742,1.1227382,0.0622904438502982,0.06229044,0.008949762824521201
2021-09-08,1.1853587999349768,1.1781034,0.0622904492173777,0.06229045,0.007255352974527618
2021-09-09,-1.527973515005887,-1.5454655,0.0622901778841462,0.062290177,0.01749195435446449
2021-09-10,-1.481291889010583,-1.4845186,0.0622901825523088,0.06229018,0.0032267581833256287
2021-09-11,-1.429366877012117,-1.4744813,0.06229018774481,0.06229018,0.045114467210905396
2021-09-12,-1.3783157320340633,-1.3766761,0.0622901928499245,0.06229019,-0.001639649422979339
2021-09-13,-1.3506055010492624,-1.3503925,0.0622901956209476,0.062290195,-0.000213040226203276
2021-09-14,-1.3214015060630802,-1.3143933,0.0622901985413471,0.0622902,-0.007008224126434648
2021-09-15,-1.2840786480644573,-1.2831281,0.0622902022736329,0.062290203,-0.0009505057075847034
2021-09-16,-1.2458818290234097,-1.2345862,0.0622902060933148,0.062290207,-0.01129559016232573
2021-09-17,-1.2142391550562515,-1.2200229,0.0622902092575822,0.062290207,0.00578376173757178
2021-09-18,-1.1952677550497448,-1.1839404,0.0622902111547222,0.06229021,-0.011327344435731135
2021-09-19,-1.1610034590658902,-1.1524502,0.0622902145811518,0.062290214,-0.00855325517032135
2021-09-20,-1.1092614890517716,-1.1019679,0.0622902197553488,0.062290218,-0.007293558258009369
2021-09-21,-1.0811143560246483,-1.0804454,0.0622902225700621,0.06229022,-0.0006689472035423805
2021-09-22,-1.0204506490502085,-1.021113,0.0622902286364328,0.06229023,0.0006623890128407695
2021-09-23,-0.9506111780382964,-0.9613534,0.0622902356203799,0.062290233,0.010742243172946253
2021-09-24,-0.9235918710381874,-0.9140868,0.0622902383223106,0.062290236,-0.009505052343119047
2021-09-25,-0.872540893009921,-0.8790664,0.0622902434274084,0.06229024,0.006525514670590482
2021-09-26,-0.8127511390287889,-0.8158724,0.0622902494063838,0.062290248,0.003121232167957899
2021-09-27,-0.7512136220022558,-0.7522557,0.0622902555601355,0.062290255,0.0010420561746240509
2021-09-28,-0.6999085840064811,-0.70249885,0.0622902606906393,0.06229026,0.0025902692001533723
2021-09-29,-0.6713244930095508,-0.6756007,0.0622902635490484,0.062290262,0.004276214521424571
2021-09-30,-0.6361863280623936,-0.62677085,0.0622902670628649,0.062290266,-0.009415474066116758
2021-10-01,-0.5739578300134607,-0.5710584,0.0622902732857147,0.062290274,-0.002899437488741441
2021-10-02,-0.5130400620306785,-0.51411146,0.0622902793774915,0.062290277,0.0010713972245399717
2021-10-03,-0.47790182700069295,-0.4820962,0.062290282891315,0.06229028,0.004194368220254319
2021-10-04,-0.43471584304510813,-0.43050006,0.0622902872099134,0.062290285,-0.004215782725207617
2021-10-05,-0.3737981060097928,-0.36489776,0.0622902933016871,0.062290292,-0.008900348241161815
2021-10-06,-0.320745346046869,-0.3227988,0.0622902986069631,0.062290296,0.0020534425006468737
2021-10-07,-0.26969449201663664,-0.27873614,0.0622903037120485,0.062290303,0.009041652287638868
2021-10-08,-0.19417498706153502,-0.19680952,0.062290311263999,0.06229031,0.0026345282954824967
2021-10-09,-0.13700696105400922,-0.14521548,0.0622903169808016,0.062290315,0.008208520465689872
2021-10-10,-0.07765422506411657,-0.072986685,0.0622903229160752,0.062290322,-0.004667540324526875
2021-10-11,-0.02460152900840562,-0.015821679,0.0622903282213448,0.06229033,-0.008779850444453174
2021-10-12,0.03868363795955787,0.041424695,0.0622903345498615,0.062290333,-0.0027410574428259338
2021-10-13,0.10702933095352307,0.10444319,0.0622903413844308,0.06229034,0.002586138471528443
2021-10-14,0.14391529398749547,0.14875714,0.0622903450730271,0.062290344,-0.004841850821273752
2021-10-15,0.18535330194302535,0.17203863,0.0622903492168279,0.062290348,0.01331467229195571
2021-10-16,0.2338538579449434,0.24955127,0.0622903540668835,0.062290356,-0.015697408486865072
2021-10-17,0.30176271793858067,0.299805,0.0622903608577695,0.06229036,0.0019577324153567943
2021-10-18,0.3430179619512419,0.33630374,0.0622903649832939,0.062290363,0.006714221211419513
2021-10-19,0.39450558299292116,0.3950467,0.062290370132056,0.06229037,-0.0005411279750964226
2021-10-20,0.4562970959409718,0.45516312,0.0622903763112073,0.062290374,0.0011339747175220793
2021-10-21,0.5208930679845292,0.5163364,0.0622903827708045,0.06229038,0.004556686549134881
2021-10-22,0.5701958989690059,0.563501,0.0622903877010876,0.062290385,0.006694898564648
2021-10-23,0.6166227619480713,0.6203192,0.0622903923437739,0.062290393,-0.0036964256930724915
2021-10-24,0.6722969949496393,0.6690404,0.0622903979111972,0.062290397,0.0032566130412226
2021-10-25,0.7578658649948222,0.74587137,0.0622904064680842,0.062290404,0.011994499924479207
2021-10-26,0.8111010579847644,0.80606973,0.0622904117916035,0.06229041,0.005031326272423087
2021-10-27,0.8523562889523051,0.8475179,0.0622904159171266,0.062290415,0.004838381332828767
2021-10-28,0.9521615939450667,0.9553031,0.0622904258976571,0.062290426,-0.0031414789843156044
2021-10-29,1.002592541973768,1.0085025,0.0622904309407519,0.06229043,-0.0059099413941519074
2021-10-30,1.1015238589318077,1.1060004,0.0622904408338836,0.06229044,-0.0044765644995887754
2021-10-31,1.1716171139514175,1.1728123,0.0622904478432091,0.062290445,-0.0011952286923202493
2021-11-01,1.2106875899725589,1.2113938,0.0622904517502567,0.062290452,-0.0007062431878415154
2021-11-02,1.2746637089583457,1.2769622,0.0622904581478686,0.062290456,-0.0022984521058022622
2021-11-03,1.4190368969463352,1.4228141,0.0622904725851874,0.06229047,-0.0037772338367458858
2021-11-04,1.4910603899492836,1.4902225,0.0622904797875367,0.06229048,0.0008379358782386603
2021-11-05,-0.7492061790403959,-0.7596079,0.0622902557608798,0.062290255,0.010401732069528435
2021-11-06,-0.7341676220434801,-0.72600305,0.0622902572647355,0.06229026,-0.008164571239341889
2021-11-07,-0.6936039960436791,-0.7260074,0.0622902613210981,0.06229026,0.032403405899527726
2021-11-08,-0.5383074790088482,-0.5253231,0.0622902768507498,0.062290277,-0.01298438607137875
2021-11-09,-0.47021652203882436,-0.46729678,0.0622902836598455,0.06229028,-0.002919742883093157
2021-11-10,-0.40973615604567026,-0.4203754,0.0622902897078821,0.06229029,0.010639250696425684
2021-11-11,-0.34051704400628324,-0.33260524,0.0622902966297933,0.062290296,-0.007911801277096231
2021-11-12,-0.294018793062234,-0.29432976,0.0622903012796184,0.0622903,0.0003109693965672733
2021-11-13,-0.24446190204086005,-0.2449364,0.0622903062353075,0.062290303,0.00047450457153619396
2021-11-14,-0.20451780602392944,-0.19151284,0.0622903102297171,0.06229031,-0.013004968017909846
2021-11-15,-0.15558047801456087,-0.15555196,0.0622903151234499,0.062290315,-2.8522910686668013e-05
2021-11-16,-0.08723524305698227,-0.09172735,0.0622903219579734,0.062290322,0.004492110575467834
2021-11-17,-0.04030004600863446,-0.03159287,0.0622903266514931,0.062290326,-0.008707177740144623
2021-11-18,0.0072544399654095315,0.011362645,0.0622903314069417,0.06229033,-0.004108204878347621
2021-11-19,0.05786740496505072,0.05632242,0.0622903364682382,0.062290337,0.001544986811764737
2021-11-20,0.13600762294174729,0.13164721,0.06229034428226,0.062290344,0.0043604086482673665
2021-11-21,0.19448548195521997,0.1876454,0.0622903501300459,0.062290348,0.006840076424290409
2021-11-22,0.26432377196738965,0.26632273,0.0622903571138749,0.062290356,-0.001998960004351069
2021-11-23,0.3116956779486424,0.31212622,0.0622903618510655,0.06229036,-0.0004305413239711342
2021-11-24,0.37760146093246405,0.37352222,0.0622903684416438,0.062290367,0.00407923889038031
2021-11-25,0.4293428319812609,0.4235899,0.0622903736157809,0.06229037,0.0057529467464281225
2021-11-26,0.48370568495048616,0.48377523,0.0622903790520662,0.062290378,-6.954331146147297e-05
2021-11-27,0.5313321299604823,0.52753407,0.0622903838147107,0.06229038,0.003798062329714469
2021-11-28,0.5944338849622754,0.5978069,0.0622903901248862,0.06229039,-0.0033729859750719626
2021-11-29,0.6514184159450709,0.6434846,0.0622903958233393,0.062290393,0.007933823507326743
2021-11-30,0.7215111169633914,0.7139157,0.0622904028326094,0.0622904,0.007595411282544262
2021-12-01,4.530942140992811,4.3228745,0.0622907837757118,0.06229076,0.2080675949417854
2021-12-02,4.615016989950593,4.291382,0.0622907921831967,0.062290758,0.3236351540130933
2021-12-03,4.673057647994194,4.4759655,0.0622907979872625,0.062290777,0.19709214811626463
2021-12-04,-2.6571322780249984,-2.6195555,0.0622900649682699,0.06229007,-0.03757680469736169
2021-12-05,-2.634229154044321,-2.6195555,0.0622900672585823,0.06229007,-0.014673680716684068
2021-12-06,-2.5724383410224982,-2.5964844,0.0622900734376636,0.06229007,0.024046081661217578
2021-12-07,-2.4650236590123553,-2.4550004,0.0622900841791318,0.062290084,-0.010023258469142426
2021-12-08,1.2661948739500772,1.2104822,0.0622904573009851,0.06229045,0.05571263422687167
2021-12-09,1.3043908159843243,1.2374188,0.0622904611205793,0.062290452,0.06697204519422417
2021-12-10,1.3766680059812408,1.4709319,0.0622904683482983,0.062290475,-0.09426388164540711
2021-12-11,1.3982602029699587,1.3920708,0.062290470507518,0.062290467,0.0061894327062868015
2021-12-12,1.4259694009616242,1.4159249,0.0622904732784378,0.06229047,0.010044494230972312
2021-12-13,1.4779651869717414,1.4651194,0.0622904784780164,0.062290475,0.01284582509429999
2021-12-14,1.5227151939356531,1.5160141,0.0622904829530171,0.062290482,0.006701094814559383
2021-12-15,1.5582893869714454,1.5635695,0.0622904865104364,0.062290486,-0.005280158774404242
2021-12-16,-1.5376957350488052,-1.5446738,0.0622901769119242,0.062290177,0.006978065419639634
2021-12-17,-1.412984663023975,-1.4385914,0.0622901893830314,0.062290184,0.02560669802186233
2021-12-18,-1.3413973120462996,-1.3629279,0.0622901965417665,0.06229019,0.021530601619471845
2021-12-19,-1.33447737506176,-1.335766,0.0622901972337602,0.062290195,0.0012885827705764186
2021-12-20,-1.2187591710149936,-1.2227747,0.0622902088055806,0.062290207,0.004015573018819829
2021-12-21,-1.1222662910093106,-1.1432577,0.0622902184548686,0.062290214,0.02099144615041837
2021-12-22,-1.0456188350577156,-1.0542452,0.0622902261196142,0.062290225,0.008626398478051023
2021-12-23,-0.9499999790302249,-0.96500605,0.0622902356814998,0.062290233,0.01500607441749846
2021-12-24,-0.8584965780628062,-0.88463014,0.0622902448318399,0.06229024,0.026133565579619322
2021-12-25,-0.7683039680156378,-0.78664535,0.0622902538511009,0.06229025,0.018341384824785756
2021-12-26,-0.6684986350591338,-0.67931837,0.0622902638316342,0.062290262,0.010819733375772245
2021-12-27,-0.6185046260570592,-0.6322191,0.0622902688310351,0.062290266,0.013714450099556963
2021-12-28,-0.5132021550086074,-0.52241635,0.0622902793612822,0.062290277,0.009214198217100567
2021-12-29,-0.4337500490031454,-0.44197032,0.0622902873064928,0.062290285,0.00822026955268651
2021-12-30,-0.3601611710257746,-0.36043605,0.0622902946653806,0.062290292,0.00027488105819450936
2021-12-31,-0.30648869206451046,-0.31949043,0.0622903000326285,0.062290296,0.013001740674747353
2022-01-01,-0.2433864660505991,-0.2551462,0.0622903063428511,0.062290303,0.011759739374663347
2022-01-02,-0.14820457000519482,-0.15621664,0.0622903158610407,0.062290315,0.00801206629489215
2022-01-03,-0.0967167620297138,-0.10570045,0.0622903210098215,0.06229032,0.008983686125689339
2022-01-04,-0.045848879068333126,-0.05746055,0.0622903260966098,0.062290322,0.011611671150487446
2022-01-05,0.028796677958853323,0.02507698,0.0622903335611655,0.062290333,0.003719698187596876
2022-01-06,0.08465386697187327,0.07281368,0.0622903391468844,0.062290337,0.01184018471374415
2022-01-07,0.12678296697210545,0.12262115,0.0622903433597944,0.06229034,0.004161818147413676
2022-01-08,-2.339377852059177,-2.3331118,0.0622900967437125,0.062290095,-0.006266089058688529
2022-01-09,-2.330893165009007,-2.3549151,0.0622900975921812,0.062290095,0.024021977050319165
2022-01-10,-2.3066785460185146,-2.289666,0.0622901000136431,0.062290102,-0.017012608594808576
2022-01-11,-2.1872109250142824,-2.161202,0.0622901119604052,0.062290113,-0.026008971126342928
2022-01-12,-2.145518707002969,-2.154013,0.062290116129627,0.062290113,0.008494211469320945
2022-01-13,-2.1095068120091653,-2.0811226,0.0622901197308165,0.06229012,-0.0283841752141214
2022-01-14,-2.0401044980439265,-2.057513,0.0622901266710479,0.062290125,0.017408500537006155
2022-01-15,-1.9549723850181833,-1.9764925,0.0622901351842592,0.062290132,0.021520139128850424
2022-01-16,-1.8597907900513855,-1.8222953,0.0622901447024187,0.062290147,-0.037495481938287334
2022-01-17,-1.761550449050353,-1.7881604,0.0622901545264528,0.06229015,0.026609994255616165
2022-01-18,-1.6899635270350988,-1.6949362,0.062290161685145,0.06229016,0.0049726292377894055
2022-01-19,-1.6122595260237294,-1.6283642,0.0622901694555451,0.062290166,0.016104679336683247
2022-01-20,-0.6253533990641102,-0.6641782,0.0622902681461578,0.062290262,0.038824793551398784
2022-01-21,-0.5855918110142522,-0.6068957,0.0622902721223166,0.06229027,0.02130387418167068
2022-01-22,-0.43990789802550445,-0.43190518,0.0622902866907079,0.062290285,-0.00800271780966888
2022-01-23,-0.5122574200239205,-0.5105166,0.0622902794557557,0.062290277,-0.001740836104395349
2022-01-24,-0.4555266510525291,-0.4358612,0.0622902851288326,0.062290285,-0.019665450958306074
2022-01-25,-0.3959200750580649,-0.40642992,0.0622902910894902,0.06229029,0.010509841562189592
2022-01-26,-0.32801152002881473,-0.32650936,0.0622902978803457,0.062290296,-0.0015021635300964675
2022-01-27,-0.28395214700382976,-0.29432976,0.062290302286283,0.0622903,0.010377615454971512
2022-01-28,-0.22066736105053053,-0.2313496,0.0622903086147616,0.062290307,0.010682241291121386
2022-01-29,-0.15607181803878323,-0.15664983,0.0622903150743159,0.062290315,0.0005780099183700926
2022-01-30,-0.07705723503725892,-0.086959794,0.0622903229757742,0.062290322,0.009902559126444999
2022-01-31,0.006763617999006044,0.0055877334,0.0622903313578595,0.06229033,0.0011758846483118646
2022-02-01,0.14738675793712908,0.13914673,0.0622903454201735,0.062290344,0.008240027633364733
2022-02-02,0.17527923799887102,0.16723329,0.0622903482094215,0.062290344,0.008045949710754563
2022-02-03,0.26103041894653956,0.258518,0.0622903567845396,0.062290356,0.002512408568655644
2022-02-04,0.3854866599539708,0.35373262,0.0622903692301637,0.062290363,0.03175404424466599
2022-02-05,0.5045170039380542,0.48974374,0.0622903811331981,0.062290378,0.014773264571522837
2022-02-06,0.6053784329385081,0.5912513,0.062290391219341,0.06229039,0.014127119252137277
2022-02-07,0.6619262639395718,0.64271754,0.0622903968741241,0.062290393,0.01920872367544213
2022-02-08,0.7204043919739611,0.71552503,0.0622904027219369,0.0622904,0.004879360884178396
2022-02-09,0.8110335159711157,0.80606973,0.0622904117848493,0.06229041,0.004963784258774417
2022-02-10,0.8695116649609647,0.9201413,0.0622904176326642,0.062290423,-0.050629614736453554
2022-02-11,1.0088238159428053,1.0058565,0.0622904315638793,0.06229043,0.002967301965754565
2022-02-12,1.0887120179686738,1.0670736,0.0622904395526995,0.062290438,0.02163843436576851
2022-02-13,1.1777758619768708,1.1728123,0.0622904484590839,0.062290445,0.004963519333132993
2022-02-14,1.2795109219365663,1.2730575,0.0622904586325899,0.062290456,0.006453461151654238
2022-02-15,1.3502232140000237,1.3536376,0.0622904657038191,0.062290464,-0.0034143621031867966
2022-02-16,1.4161291439496182,1.4231397,0.0622904722944121,0.06229047,-0.007010547403226042
2022-02-17,1.5123664209859555,1.5167135,0.0622904819181398,0.062290482,-0.004347079036932655
2022-02-18,1.5931282789510837,1.585108,0.0622904899943256,0.06229049,0.008020237187778001
2022-02-19,1.6655881989596777,1.6547171,0.0622904972403176,0.062290493,0.010871111214011187
2022-02-20,1.7402328199994654,1.7263902,0.0622905047047797,0.0622905,0.01384257742286632
2022-02-21,1.8151320779757896,1.7811579,0.0622905121947055,0.06229051,0.033974226756612325
2022-02-22,1.893709160941115,1.8844709,0.0622905200524138,0.06229052,0.009238221304884497
2022-02-23,1.9403894479380623,1.9145895,0.0622905247204425,0.06229052,0.025799923668958336
2022-02-24,0.0881253149620509,0.15542933,0.0622903394940292,0.062290344,-0.06730401848635914
2022-02-25,0.14004910599274556,0.17049107,0.0622903446864083,0.062290348,-0.030441963562537033
2022-02-26,0.22212165898261027,0.22211528,0.0622903528936636,0.06229035,6.38073859171584e-06
2022-02-27,0.2484478009434632,0.24770862,0.0622903555262778,0.062290356,0.0007391823025635347
2022-02-28,0.3672231609769261,0.35659158,0.0622903674038138,0.062290367,0.01063157867864728
2022-03-01,0.42832241399504145,0.40870166,0.0622903735137391,0.06229037,0.019620755746140084
2022-03-02,0.4715070329314175,0.4691268,0.062290377832201,0.062290378,0.0023802421694698594
2022-03-03,0.5483359159785817,0.5415226,0.0622903855150893,0.062290385,0.0068132938701221946
2022-03-04,0.643079487994136,0.620992,0.0622903949894465,0.062290393,0.022087483122767537
2022-03-05,0.7286473369810809,0.7167746,0.0622904035462314,0.0622904,0.011872754118226858
2022-03-06,0.8714544109944544,0.86640483,0.0622904178269388,0.062290415,0.005049579585000075
2022-03-07,0.9312425809648861,0.93222016,0.0622904238057558,0.062290423,-0.0009775799962650211
2022-03-08,1.0334139529527553,1.019953,0.062290434022893,0.06229043,0.013460940486324624
2022-03-09,1.101067087991292,1.1060004,0.0622904407882065,0.06229044,-0.004933335440104436
2022-03-10,1.1687201949966974,1.1728123,0.0622904475535172,0.062290445,-0.004092147647040356
2022-03-11,1.2669591159530924,1.2561657,0.0622904573774093,0.062290456,0.0107933730789469
2022-03-12,1.3619573769468873,1.3576231,0.0622904668772354,0.062290464,0.004334276666125625
2022-03-13,1.4774190919969454,1.4813561,0.0622904784234069,0.06229048,-0.003937051954470583
2022-03-14,-2.0601237990525156,-2.0459948,0.0622901246691178,0.062290125,-0.014129040446558605
2022-03-15,-2.1218032680153653,-2.130219,0.0622901185011709,0.062290117,0.008415714681167863
2022-03-16,-2.0650718700332416,-2.0688052,0.0622901241743107,0.06229012,0.0037333477096783696
2022-03-17,-1.9296913830041396,-1.9362265,0.0622901377123594,0.062290136,0.006535104155589444
2022-03-18,-1.7698421010681198,-1.8071783,0.0622901536972876,0.062290147,0.037336157827754235
2022-03-19,-1.6589301110592203,-1.6933378,0.0622901647884866,0.06229016,0.03440768705937103
2022-03-20,-1.5679344390201466,-1.5857533,0.0622901738880538,0.06229017,0.017818882627497423
2022-03-21,-1.531668355064797,-1.5413605,0.0622901775146622,0.062290177,0.009692142409873483
2022-03-22,-1.4605181140187051,-1.4701582,0.0622901846296863,0.062290184,0.009640105318758252
2022-03-23,-1.3976696870005023,-1.396273,0.062290190914529,0.06229019,-0.0013966700708758495
2022-03-24,-1.2871946350467844,-1.3125272,0.0622902019620342,0.0622902,0.025332544671233137
2022-03-25,-1.212111924026038,-1.2023246,0.0622902094703053,0.06229021,-0.009787295196082013
2022-03-26,-1.1296013600198274,-1.1597763,0.0622902177213617,0.062290214,0.0301749699743743
2022-03-27,-1.0542646690370194,-1.0793259,0.0622902252550308,0.06229022,0.02506124534591514
2022-03-28,-0.9215057870243237,-0.9298381,0.062290238530919,0.062290236,0.008332333913023682
2022-03-29,-0.8213347360563894,-0.8451922,0.0622902485480241,0.062290244,0.02385745792859595
2022-03-30,-0.7342007620619873,-0.75157046,0.0622902572614215,0.062290255,0.017369701118554737
2022-04-02,-0.21227026504588853,-0.25933293,0.0622903094544712,0.062290303,0.04706266003536452
2022-04-03,-0.031448181003757014,-0.07160604,0.0622903275366796,0.062290322,0.04015785899715851
2022-04-04,0.11966184994272044,0.10835527,0.0622903426476827,0.06229034,0.01130658110669902
2022-04-05,0.320146285939793,0.2852788,0.0622903626961263,0.06229036,0.03486748879013479
2022-04-06,0.43717494298267656,0.38885298,0.062290374398992,0.062290367,0.04832195926952654
2022-04-07,0.5544577989791133,0.54569715,0.0622903861272776,0.062290385,0.008760646364519786
2022-04-08,0.7093175459493839,0.68025553,0.0622904016132523,0.062290397,0.029062013684674426
2022-04-09,0.837706835982166,0.80937225,0.0622904144521813,0.06229041,0.02833458971675462
2022-04-10,0.9442489009442445,0.9409922,0.0622904251063878,0.062290423,0.0032567244114991567
2022-04-11,1.0803202319525917,1.0636897,0.0622904387135209,0.062290438,0.01663052324287495
2022-04-12,1.2382385509990268,1.2196722,0.0622904545053528,0.062290452,0.018566347935061955
2022-04-13,1.3583257509747204,1.3328412,0.0622904665140728,0.062290464,0.025484593061512406
2022-04-14,-2.3168538990092635,-2.3350527,0.0622900989961078,0.062290095,0.018198829643690573
2022-04-15,-2.189521443041187,-2.1464024,0.0622901117293534,0.062290113,-0.043119084032397836
2022-04-16,-2.06437367006318,-2.063404,0.0622901242441307,0.062290125,-0.0009695868112267192
2022-04-17,-1.9303045320495649,-1.945854,0.0622901376510445,0.062290136,0.015549416543574779
2022-04-18,-1.8069046850421877,-1.8171741,0.0622901499910292,0.062290147,0.010269391991808874
2022-04-19,-1.6861264220263683,-1.7225053,0.0622901620688555,0.062290158,0.0363789090130604
2022-04-20,-1.5574831680603696,-1.5857533,0.0622901749331809,0.06229017,0.02827015358727447
2022-04-21,-1.4262182370522458,-1.4500704,0.062290188059674,0.062290184,0.023852144112304963
2022-04-22,-1.2917122890060417,-1.3056915,0.0622902015102688,0.0622902,0.013979191630554944
2022-04-23,-1.1521456490248827,-1.1554952,0.0622902154669328,0.062290214,0.003349517753681752
2022-04-24,-1.0239394070132857,-1.0500444,0.062290228287557,0.062290225,0.026105010368000947
2022-04-25,-0.9204561950137968,-0.9289402,0.0622902386358782,0.062290236,0.008483981950009323
2022-04-26,-0.7856958750274146,-0.8105802,0.0622902521119102,0.062290248,0.024884318969014885
2022-04-27,-0.6006873020519832,-0.6265457,0.0622902706127675,0.062290266,0.02585842520097703
2022-04-28,-0.35432445505412247,-0.36729148,0.0622902952490522,0.062290292,0.012967025248688202
2022-04-29,-0.21475785205726794,-0.25669962,0.0622903092057125,0.062290303,0.04194176962013074
2022-04-30,-0.07824980101378554,-0.08423769,0.0622903228565176,0.062290322,0.005987886275929277
2022-05-01,0.08622248998113591,0.053496927,0.0622903393037467,0.062290333,0.03272556295820195
2022-05-02,0.26030745697847024,0.22420008,0.0622903567122434,0.06229035,0.036107372172981655
2022-05-03,0.36011243098599266,0.32914189,0.0622903666927408,0.062290363,0.030970545943802108
2022-05-04,0.5368189339577389,0.51305634,0.0622903843633911,0.06229038,0.0237625961243344
2022-05-05,0.659344947945284,0.63293546,0.0622903966159925,0.062290393,0.026409483563112346
2022-05-06,0.8858627749408488,0.8704154,0.0622904192677752,0.062290415,0.015447385403037472
2022-05-07,0.985230781958002,1.0232992,0.0622904292045759,0.06229043,-0.03806843526611914
2022-05-08,1.0308551599835791,1.071104,0.0622904337670137,0.062290438,-0.04024888969903806
2022-05-09,1.0935202879314154,1.1060004,0.0622904400335265,0.06229044,-0.01248013549998106
2022-05-10,1.1990055149430079,1.1859158,0.0622904505820492,0.06229045,0.01308968719184822
2022-05-11,1.2926932259349488,1.2730575,0.0622904599508203,0.062290456,0.019635765150036733
2022-05-12,1.4438747939632401,1.4447792,0.0622904750689771,0.062290475,-0.0009043636753096607
2022-05-13,1.5913063449585207,1.5965614,0.0622904898121322,0.06229049,-0.0052550869262448785
2022-05-14,1.7040372029403228,1.6871597,0.062290501085218,0.062290497,0.016877545461990273
2022-05-15,1.8588966279459163,1.8472294,0.0622905165711605,0.062290516,0.011667266411797605
2022-05-16,2.0286119739587605,2.044853,0.0622905335426951,0.062290534,-0.016240998071879176
2022-05-17,2.223050646968372,2.3079793,0.0622905529865624,0.06229056,-0.08492869835328332
2022-05-18,2.4367147669762668,2.553289,0.0622905743529744,0.062290587,-0.11657416963872347
2022-05-19,-1.3940167230275247,-1.3763772,0.0622901912798254,0.06229019,-0.017639498105344487
2022-05-20,-1.3415836540298098,-1.2932673,0.0622901965231323,0.0622902,-0.04831640396877468
2022-05-21,-1.1807894030602117,-1.1690813,0.0622902126025574,0.062290214,-0.011708072760834298
2022-05-22,-0.915384126068397,-0.9448302,0.0622902391430851,0.062290236,0.02944605314608051
2022-05-23,-0.7613986230392555,-0.8024163,0.0622902545416354,0.062290248,0.041017701576222976
2022-05-24,-0.5927395790167322,-0.6070073,0.0622902714075398,0.06229027,0.014267745678854915
2022-05-25,-0.41428534505727477,-0.41651943,0.0622902892529632,0.06229029,0.0022340882026892217
2022-05-26,-0.291759514048362,-0.3141516,0.0622903015055463,0.0622903,0.02239207105371932
2022-05-27,-0.16373590004670202,-0.17803383,0.0622903143079077,0.06229031,0.014297928688649542
2022-05-28,0.005979507999853695,-0.000867216,0.0622903312794485,0.06229033,0.0068467239745757524
2022-05-29,0.09205692798330833,0.08253048,0.0622903398871905,0.062290337,0.009526444379830856
2022-05-30,0.21327182596342364,0.19761804,0.0622903520086803,0.062290348,0.015653788501189148
2022-05-31,0.3128942809710322,0.28301448,0.0622903619709258,0.06229036,0.029879804671746335
2022-06-01,0.4279920449989927,0.40849128,0.0622903734807022,0.06229037,0.019500761343826056
2022-06-02,0.5214973299721981,0.50109124,0.0622903828312307,0.062290378,0.020406088135650258
2022-06-03,0.620428294989539,0.5912513,0.0622903927243272,0.06229039,0.029176981303168148
2022-06-04,0.7136790109579794,0.7056313,0.0622904020493988,0.0622904,0.008047695249818965
2022-06-05,0.7814048369469972,0.76814204,0.0622904088219814,0.062290408,0.01326279240277728
2022-06-06,0.8613649740002449,0.85885245,0.0622904168179951,0.062290415,0.0025125279209907703
2022-06-07,0.9467507219862448,0.94091755,0.0622904253565699,0.062290423,0.0058331704687581976
2022-06-08,1.0197198369726879,1.010507,0.0622904326534814,0.06229043,0.009212849400971557
2022-06-09,1.1169030069563268,1.1227382,0.0622904423717984,0.06229044,-0.0058352351930262
2022-06-10,1.1850657729434166,1.1781034,0.062290449188075,0.06229045,0.006962325982967421
2022-06-11,1.2921161939710712,1.2793765,0.0622904598931171,0.062290456,0.012739687165651326
2022-06-12,1.3781934739970358,1.3715633,0.0622904685008451,0.062290467,0.006630158605495318
2022-06-13,1.5110234959786473,1.5181057,0.0622904817838473,0.062290482,-0.007082249336904489
2022-06-14,1.6617680589914308,1.6468692,0.0622904968583036,0.062290493,0.014898876404760841
2022-06-15,-0.8384069280498174,-0.8233229,0.0622902468408049,0.062290248,-0.015084035860791545
2022-06-16,-0.7615053340681577,-0.7554475,0.0622902545309643,0.062290255,-0.006057827163555629
2022-06-19,-0.3947298890527584,-0.42614013,0.0622902912085088,0.06229029,0.03141024051343422
2022-06-20,-0.3329389760414747,-0.34350532,0.0622902973876001,0.062290296,0.010566346891722311
2022-06-21,-0.21190639604151684,-0.21595049,0.0622903094908581,0.062290307,0.004044093002672611
2022-06-22,-0.10248893705933071,-0.111428834,0.062290320432604,0.06229032,0.00893989743859791
2022-06-23,-0.009857544017166653,-0.02303514,0.0622903296957433,0.062290326,0.013177596690922222
2022-06-24,0.07665665095746288,0.069177434,0.0622903383471628,0.062290337,0.007479217109081837
2022-06-25,0.14631251196717265,0.13003744,0.0622903453127489,0.06229034,0.016275070117464097
2022-06-26,0.28045327393755315,0.25294766,0.0622903587268251,0.062290356,0.02750561563715337
2022-06-27,0.3355077779487736,0.3265379,0.0622903642322755,0.062290363,0.008969870825207948
2022-06-28,0.4006119059402069,0.39315346,0.0622903707426883,0.06229037,0.007458447106512445
2022-06-29,0.49499103496608576,0.4853136,0.0622903801806012,0.062290378,0.009677440624807687
2022-06-30,0.5471692619829494,0.5400564,0.0622903853984239,0.06229038,0.007112854531319712
2022-07-01,0.6419853319783453,0.620992,0.0622903948800309,0.062290393,0.020993327106976878
2022-07-02,0.7365468569775491,0.7167746,0.0622904043361834,0.0622904,0.019772274114695065
2022-07-03,0.7970269849666423,0.7902352,0.0622904103841962,0.062290408,0.00679176358068645
2022-07-04,0.9020750199595362,0.90587395,0.0622904208889997,0.06229042,-0.0037989343365758543
2022-07-05,0.9413995789853136,0.9404013,0.0622904248214556,0.062290423,0.0009982632962266536
2022-07-06,1.019794223997006,1.0204813,0.0622904326609201,0.06229043,-0.0006871240407138046
2022-07-07,1.0875200369409033,1.0768152,0.0622904394335014,0.062290438,0.010704789405197701
2022-07-08,1.1797145319653035,1.1728123,0.0622904486529509,0.062290445,0.0069021893215657215
2022-07-09,1.2607308009365825,1.2453825,0.0622904567545778,0.062290452,0.01534825355804248
2022-07-10,1.3677812409768064,1.3576231,0.0622904674596218,0.062290464,0.010158140696044704
2022-07-11,1.46565592600012,1.4813561,0.0622904772470903,0.06229048,-0.015700217951295947
2022-07-12,1.6321303979854873,1.6119,0.0622904938945375,0.06229049,0.020230426023512216
2022-07-13,1.7077211179883367,1.7245226,0.0622905014536095,0.0622905,-0.01680147264887033
2022-07-14,1.7828749109688458,1.7770528,0.0622905089689888,0.06229051,0.005822150844639218
2022-07-15,1.8960424029434986,1.8913132,0.062290520285738,0.06229052,0.0047292077149219125
2022-07-16,2.019442011946815,2.0137627,0.0622905326256989,0.06229053,0.005679299468177135
2022-07-17,2.1273663989435088,2.1821306,0.0622905434181376,0.06229055,-0.05476417623654495
2022-07-18,2.250765974987079,2.4453037,0.0622905557580952,0.062290575,-0.19453770352549427
2022-07-19,2.3614942109423387,2.3385458,0.0622905668309188,0.062290564,0.022948411686967596
2022-07-20,2.548250167960786,2.6115344,0.0622905855065145,0.06229059,-0.06328418911013678
2022-07-21,2.6008652339454263,2.5307782,0.0622905907680211,0.062290583,0.07008706431346834
2022-07-22,-0.14487042503119607,-0.16774854,0.0622903161944552,0.06229031,0.02287811560868125
2022-07-23,-0.07801847903832204,-0.104605846,0.0622903228796498,0.06229032,0.02658736706868403
2022-07-24,-0.03982247101519398,-0.020206895,0.0622903266992506,0.062290326,-0.01961557628963284
2022-07-25,0.043633054946923266,0.041424695,0.0622903350448032,0.062290333,0.002208359544539462
2022-07-26,0.09693981194158763,0.09233035,0.0622903403754789,0.062290337,0.004609460469686688
2022-07-27,0.14824410095315432,0.14875714,0.0622903455059078,0.062290344,-0.0005130438556149031
2022-07-28,0.2251456459462231,0.21407564,0.0622903531960623,0.06229035,0.01107000610228237
2022-07-29,0.2930536509987425,0.28528136,0.0622903599868628,0.06229036,0.0077722908493589316
2022-07-30,0.3592139119490412,0.35659158,0.0622903666028889,0.062290367,0.0026223296507623672
2022-07-31,0.4115742709837056,0.4052725,0.0622903718389248,0.06229037,0.0063017573556996
2022-08-01,0.4724912229525646,0.47003248,0.06229037793062,0.062290378,0.0024587396132549344
2022-08-02,0.545205606980459,0.53050786,0.0622903852020584,0.06229038,0.014697744412557334
2022-08-03,0.596509848946325,0.5978069,0.0622903903324826,0.06229039,-0.00129702199102244
2022-08-04,0.649998801935392,0.6434846,0.0622903956813779,0.062290393,0.006514209497647805
2022-08-05,0.7214023559770633,0.71552503,0.0622904028217333,0.0622904,0.005877324887280544
2022-08-06,0.7733983179575299,0.81705225,0.0622904080213295,0.06229041,-0.04365392718254579
2022-08-07,0.8364999149607089,0.8439032,0.0622904143314892,0.062290415,-0.007403268976363897
2022-08-08,0.9620841099483579,0.96191275,0.0622904268899087,0.062290426,0.00017135875054297145
2022-08-09,1.0145170509928692,1.010507,0.0622904321332028,0.06229043,0.004010063421152843
2022-08-10,1.083735922946527,1.0768152,0.06229043905509,0.062290438,0.006920675410821531
2022-08-11,1.191405494954667,1.1781034,0.0622904498220472,0.06229045,0.013302047994217858
2022-08-12,1.2512663389446788,1.2453825,0.0622904558081316,0.062290452,0.0058837915661387186
2022-08-13,1.3506340309360487,1.3536376,0.0622904657449008,0.062290464,-0.0030035451671617253
2022-08-14,1.4495648279627682,1.4471078,0.0622904756379805,0.062290475,0.002457036062133433
2022-08-15,1.5250828739460376,1.5018734,0.0622904831897851,0.06229048,0.02320949996074706
2022-08-16,1.6428020379460895,1.6253388,0.0622904949617015,0.062290493,0.017463245145186157
2022-08-17,1.7347417179819358,1.7252245,0.0622905041556695,0.0622905,0.00951722304785374
2022-08-18,1.8452150629677533,1.8333329,0.062290515203004,0.062290512,0.011882166735148303
2022-08-19,1.9100644089997676,1.8913132,0.0622905216879386,0.06229052,0.018751213771190933
2022-08-20,1.9539406049401409,1.9457482,0.0622905260755582,0.062290523,0.008192394986832774
2022-08-21,2.027091772979772,2.0076396,0.062290533390675,0.06229053,0.0194521264496208
2022-08-22,2.0891373479769992,2.088059,0.0622905395952325,0.062290538,0.001078399460153534
2022-08-23,2.1238377479609882,2.0727196,0.0622905430652725,0.062290538,0.051118173986378856
2022-08-24,2.17776357600008,2.1084805,0.0622905484578553,0.06229054,0.06928312250886925
2022-08-25,2.239809190965336,2.2824426,0.0622905546624168,0.062290557,-0.042633378767329866
2022-08-26,-2.286823944028238,-2.362404,0.0622901019991033,0.062290095,0.0755801640192475
2022-08-27,-2.1760948960142246,-2.1486387,0.0622901130720081,0.062290113,-0.027456170733462848
2022-08-28,-2.1027597530559605,-2.0660753,0.0622901204055224,0.062290125,-0.03668442804375349
2022-08-29,-2.0741756130010502,-2.0811226,0.0622901232639364,0.06229012,0.006947023793993701
2022-08-30,-2.02705685500848,-2.0557098,0.0622901279758122,0.062290125,0.028652983858707515
2022-08-31,-1.9371180240423946,-1.9333578,0.0622901369696953,0.062290136,-0.0037601892264156334
2022-09-01,-1.8952427410096062,-1.881011,0.0622901411572236,0.062290143,-0.01423173179329762
2022-09-02,-1.826023118059461,-1.8102136,0.0622901480791859,0.062290147,-0.015809552233045032
2022-09-03,-1.7146742110202284,-1.7398099,0.0622901592140766,0.062290154,0.025135659699681234
2022-09-04,-1.683905449037515,-1.697338,0.0622901622909528,0.062290158,0.01343253600124239
2022-09-05,-1.5439014310059118,-1.5579613,0.0622901762913546,0.062290173,0.014059913713021288
2022-09-06,-1.4532717110271598,-1.471213,0.0622901853543266,0.062290184,0.017941272104248895
2022-09-07,-1.3949756430542415,-1.3914793,0.0622901911839334,0.06229019,-0.003496389285320589
2022-09-08,-1.27681880901509,-1.2836366,0.0622902029996168,0.062290203,0.006817760961716601
2022-09-09,-1.1660899320448115,-1.1665827,0.0622902140725045,0.062290214,0.0004927715455815829
2022-09-10,-1.0907531590442776,-1.1077117,0.0622902216061818,0.062290218,0.01695851373862034
2022-09-11,-0.9610529040637861,-0.96370476,0.0622902345762073,0.062290233,0.0026518607792009874
2022-09-12,-0.833283355025638,-0.8661595,0.0622902473531622,0.062290244,0.03287614366592084
2022-09-13,-0.6939704720598794,-0.7039231,0.0622902612844505,0.06229026,0.009952634133663096
2022-09-14,-0.5625225210637019,-0.5722031,0.0622902744292456,0.062290274,0.009680578663928685
2022-09-15,-0.41403395004135923,-0.42376482,0.0622902892781027,0.06229029,0.009730874825889302
2022-09-16,-0.34113605905383704,-0.36551285,0.0622902965678918,0.062290292,0.024376788846553588
2022-09-17,-0.2745382580299216,-0.2816417,0.0622903032276719,0.0622903,0.007103433893219879
2022-09-18,-0.17997625001431317,-0.18145642,0.0622903126838727,0.06229031,0.0014801668310084892
2022-09-19,-0.08148175606459418,-0.087391526,0.0622903225333221,0.062290322,0.005909769442379087
2022-09-20,0.010895628982376948,0.012841827,0.0622903317710606,0.06229033,-0.0019461982537389844
2022-09-21,0.10283602698557548,0.097474016,0.0622903409651004,0.06229034,0.005362010736395639
2022-09-22,0.19390244493378006,0.18536271,0.0622903500717422,0.062290348,0.008539733384974824
2022-09-23,0.3015724959337662,0.26665607,0.0622903608387473,0.062290356,0.03491642498611913
2022-09-24,0.3760352349641005,0.36022255,0.0622903682850212,0.062290367,0.01581268671771685
2022-09-25,0.5092308690002323,0.49460587,0.0622903816045846,0.062290378,0.014624999945437978
2022-09-26,0.5886826829476499,0.5898922,0.062290389549766,0.06229039,-0.001209525628552477
2022-09-27,0.6821165319387257,0.67718816,0.0622903988931509,0.062290397,0.004928373903447358
2022-09-28,0.8323526529824266,0.80804306,0.062290413916763,0.06229041,0.02430959029550639
2022-09-29,0.9450118639703353,0.95349395,0.0622904251826841,0.062290426,-0.008482088780824348
