"date","actual","fitted"
2016-03-04,0.0622901374821452,0.0622902114300274
2016-03-05,0.0622901245851963,0.0622901522295654
2016-03-06,0.0622900849181995,0.0622901404633274
2016-03-07,0.0622900715732621,0.0622901028658266
2016-03-08,0.0622900705682888,0.0622900910351671
2016-03-09,0.0622901622132918,0.0622900922032163
2016-03-10,0.0622901622132918,0.0622901808819678
2016-03-11,0.0622901912484303,0.0622901777034838
2016-03-12,0.0622902393794011,0.0622901999680302
2016-03-13,0.06229025505822,0.0622902471802688
2016-03-14,0.0622902665573263,0.0622902621083779
2016-03-15,0.0622903002232813,0.0622902698532849
2016-03-16,0.0622903336334398,0.0622903025244328
2016-03-17,0.0622903898589246,0.0622903350232522
2016-03-18,0.0622904079046831,0.0622903870118522
2016-03-19,0.0622904164142626,0.062290401848268
2016-03-20,0.0622904203285853,0.0622904076773634
2016-03-21,0.0622904269445077,0.0622904117507162
2016-03-22,0.0622904257793514,0.0622904191965491
2016-03-23,0.0622904184605669,0.0622904180569323
2016-03-24,0.0622904008991889,0.0622904107923592
2016-03-25,0.0622903850782115,0.0622903942720686
2016-03-26,0.0622903646693775,0.0622903799941317
2016-03-27,0.0622903491469297,0.0622903615133639
2016-03-28,0.0622903365083048,0.0622903474712022
2016-03-29,0.0622903269283065,0.0622903361706862
2016-03-30,0.0622903179162923,0.062290327502374
2016-03-31,0.0622903139473503,0.0622903190653227
2016-04-01,0.0622903142494659,0.0622903154850424
2016-04-02,0.0622903196747203,0.0622903159986957
2016-04-03,0.0622903308786089,0.0622903211358591
2016-04-04,0.0622903386926352,0.0622903315589177
2016-04-05,0.0622903443983165,0.0622903384651679
2016-04-06,0.0622903481559917,0.0622903432224689
2016-04-07,0.0622903531553398,0.0622903465441842
2016-04-08,0.0622903616939951,0.0622903513365863
2016-04-09,0.062290366256375,0.0622903594952117
2016-04-10,0.0622903702507199,0.0622903635848999
2016-04-11,0.0622903755923805,0.0622903669831813
2016-04-12,0.062290381403658,0.0622903720321525
2016-04-13,0.0622903867525462,0.0622903775806438
2016-04-14,0.0622903921269454,0.0622903824456668
2016-04-15,0.0622904080680767,0.0622903873328868
2016-04-16,0.0622904242785685,0.0622904025320303
2016-04-17,0.0622904419421091,0.0622904177577204
2016-04-18,0.0622904564486931,0.0622904337149879
2016-04-19,0.0622904711301706,0.0622904467144897
2016-04-20,0.062290490737416,0.0622904601717806
2016-04-21,0.0622904869575563,0.0622904785594039
2016-04-22,0.0622904695087391,0.0622904741841197
2016-04-23,0.0622904365049292,0.0622904567137716
2016-04-24,0.0622903940631805,0.0622904260110742
2016-04-25,0.0622903488613174,0.0622903871887928
2016-04-26,0.0622903091394787,0.0622903459743421
2016-04-27,0.0622902655798625,0.0622903102035872
2016-04-28,0.0622901622896247,0.0622902703140514
2016-04-29,0.0622901609391017,0.0622901721380147
2016-04-30,0.0622901967316888,0.0622901741377303
2016-05-01,0.0622902103277306,0.0622902136220728
2016-05-02,0.0622902030306895,0.0622902236514794
2016-05-03,0.0622901635091722,0.0622902113065579
2016-05-04,0.0622901980783742,0.0622901733047377
2016-05-05,0.0622902306560836,0.0622902093463545
2016-05-06,0.0622902229221751,0.0622902424578291
2016-05-07,0.0622902266472336,0.0622902312420238
2016-05-08,0.062290254670227,0.0622902324404667
2016-05-09,0.0622902527008759,0.0622902616029039
2016-05-10,0.0622902443409748,0.0622902595745632
2016-05-11,0.0622902620517256,0.0622902493529619
2016-05-12,0.0622902765872993,0.0622902672877384
2016-05-13,0.0622903047372886,0.0622902823399715
2016-05-14,0.0622902680853742,0.0622903078649287
2016-05-15,0.0622902712130141,0.0622902708519069
2016-05-16,0.0622902712130141,0.0622902737489772
2016-05-17,0.0622902914762071,0.0622902766563585
2016-05-18,0.062290295546619,0.0622902962698662
2016-05-19,0.0622903126383454,0.0622902986284219
2016-05-20,0.0622903405804043,0.0622903140926206
2016-05-21,0.0622903502842801,0.0622903408725359
2016-05-22,0.062290295896173,0.0622903491867906
2016-05-23,0.0622903416400829,0.0622902948716908
2016-05-24,0.0622903895470772,0.0622903405301299
2016-05-25,0.0622903765191965,0.0622903900898411
2016-05-26,0.0622903424930647,0.0622903730669986
2016-05-27,0.0622903750014577,0.0622903364768339
2016-05-28,0.0622904026747475,0.062290371703024
2016-05-29,0.0622903886050181,0.0622904009605983
2016-05-30,0.0622903598176955,0.0622903835388831
2016-05-31,0.0622903940446645,0.0622903537792227
2016-06-01,0.0622904307478544,0.0622903899853183
2016-06-02,0.0622903891729284,0.0622904270185057
2016-06-03,0.0622903063868989,0.0622903828547864
2016-06-04,0.0622902172619653,0.0622903011083689
2016-06-05,0.0622901975813822,0.062290220928421
2016-06-06,0.0622901774606055,0.0622902092580453
2016-06-07,0.0622901780324824,0.062290193089735
2016-06-08,0.062290229646213,0.0622901919224539
2016-06-09,0.0622902384907859,0.0622902408196929
2016-06-10,0.0622902187665374,0.0622902478940243
2016-06-11,0.0622902362694013,0.0622902249551877
2016-06-12,0.0622902718871546,0.0622902424074047
2016-06-13,0.0622902726703974,0.0622902792558504
2016-06-14,0.0622902342089124,0.0622902778912307
2016-06-15,0.0622902466617221,0.0622902380064307
2016-06-16,0.0622902695208648,0.0622902519771465
2016-06-17,0.0622902503971716,0.0622902772022888
2016-06-18,0.0622902413595396,0.0622902567172656
2016-06-19,0.062290283043693,0.0622902460042129
2016-06-20,0.0622902823411111,0.0622902886185789
2016-06-21,0.0622902695788791,0.0622902880165988
2016-06-22,0.0622902557172925,0.0622902722604497
2016-06-23,0.0622902976708089,0.0622902595108877
2016-06-24,0.0622903366570512,0.0622903025022249
2016-06-25,0.0622903290106256,0.0622903397643955
2016-06-26,0.0622903011192286,0.0622903283025627
2016-06-27,0.0622903276270413,0.0622902993901525
2016-06-28,0.0622903270553057,0.0622903279390028
2016-06-29,0.0622903283622761,0.0622903293227492
2016-06-30,0.0622903140997456,0.0622903281042604
2016-07-01,0.0622903361615186,0.0622903139041783
2016-07-02,0.0622903409423636,0.0622903364718991
2016-07-03,0.0622903080843865,0.0622903414112426
2016-07-04,0.0622903141251086,0.0622903079126696
2016-07-05,0.0622903469503328,0.0622903140886652
2016-07-06,0.062290351654918,0.0622903485113087
2016-07-07,0.0622903437390926,0.0622903515990883
2016-07-08,0.0622903616900878,0.0622903408827659
2016-07-09,0.0622903809370629,0.0622903589174654
2016-07-10,0.0622903672574681,0.0622903786889477
2016-07-11,0.0622903568256519,0.0622903637431217
2016-07-12,0.0622903879540993,0.0622903526897171
2016-07-13,0.0622903914783618,0.0622903847372468
2016-07-14,0.0622904060721937,0.0622903884368667
2016-07-15,0.062290412975836,0.0622903999014497
2016-07-16,0.0622904154226819,0.062290406217349
2016-07-17,0.0622904211902856,0.0622904086031326
2016-07-18,0.0622904247040487,0.0622904138541478
2016-07-19,0.0622904290916833,0.0622904173857963
2016-07-20,0.0622904353581586,0.0622904214103151
2016-07-21,0.0622904416246477,0.062290427281159
2016-07-22,0.062290310211124,0.0622904331452182
2016-07-23,0.0622903086126572,0.0622903056363249
2016-07-24,0.0622903102912543,0.0622903067448693
2016-07-25,0.0622903183492052,0.0622903166884508
2016-07-26,0.0622903226749033,0.0622903229692029
2016-07-27,0.062290326319739,0.06229032305858
2016-07-28,0.0622903304452113,0.0622903265985185
2016-07-29,0.0622903339589696,0.0622903306444979
2016-07-30,0.0622903351823952,0.0622903337870322
2016-07-31,0.0622903379096479,0.062290334687837
2016-08-01,0.062290341554485,0.0622903372483519
2016-08-02,0.0622903469288476,0.0622903407938826
2016-08-03,0.0622903497434992,0.0622903458397372
2016-08-04,0.062290356184758,0.0622903482769203
2016-08-05,0.0622903583622375,0.0622903542429205
2016-08-06,0.0622903646287204,0.0622903562057561
2016-08-07,0.0622903702397893,0.0622903619994549
2016-08-08,0.06229037372808,0.0622903672975601
2016-08-09,0.062290377853553,0.0622903703662716
2016-08-10,0.0622903849319916,0.0622903740593604
2016-08-11,0.0622903899750405,0.0622903808441222
2016-08-12,0.0622903927459904,0.0622903855023369
2016-08-13,0.0622903961541259,0.0622903877652409
2016-08-14,0.0622904015030375,0.0622903908902059
2016-08-15,0.0622904060654529,0.062290396078804
2016-08-16,0.0622904107152482,0.062290400317133
2016-08-17,0.0622904142981665,0.0622904044859823
2016-08-18,0.0622904165884965,0.0622904077332969
2016-08-19,0.0622904233538372,0.0622904097920359
2016-08-20,0.0622904289649049,0.0622904162355234
2016-08-21,0.0622904335892451,0.0622904215336511
2016-08-22,0.0622904367971478,0.0622904255864199
2016-08-23,0.0622904409226198,0.0622904283870137
2016-08-24,0.0622904452228686,0.0622904322862802
2016-08-25,0.0622904499782823,0.0622904363548768
2016-08-26,0.0622904523996839,0.0622904407520985
2016-08-27,0.0622904554328008,0.0622904428560533
2016-08-28,0.0622904600389071,0.0622904456126057
2016-08-29,0.0622904651074278,0.0622904500257585
2016-08-30,0.0622904699320063,0.0622904547919228
2016-08-31,0.0622904720038528,0.0622904591558945
2016-09-01,0.0622900676849278,0.0622904608833937
2016-09-02,0.062290072134654,0.0622900695743995
2016-09-03,0.062290082439371,0.0622900827066992
2016-09-04,0.0622900873697061,0.0622901174534074
2016-09-05,0.0622900928680709,0.062290116446307
2016-09-06,0.0622900999648214,0.0622901094939906
2016-09-07,0.0622901053320977,0.0622901181221496
2016-09-08,0.0622901098508855,0.0622901238540374
2016-09-09,0.0622901139327382,0.0622901271266171
2016-09-10,0.0622901206179552,0.0622901306175499
2016-09-11,0.0622901234326643,0.0622901370927343
2016-09-12,0.0622901295244403,0.0622901395972784
2016-09-13,0.062290132339166,0.0622901451431052
2016-09-14,0.0622901359840849,0.0622901477502477
2016-09-15,0.0622901421815406,0.0622901510614688
2016-09-16,0.0622901492345815,0.0622901569362514
2016-09-17,0.0622901537716562,0.062290163597272
2016-09-18,0.0622901581156712,0.062290167563526
2016-09-19,0.0622901647063629,0.0622901714071799
2016-09-20,0.0622901734634766,0.0622901776708586
2016-09-21,0.0622901779131593,0.0622901859689748
2016-09-22,0.0622901805530953,0.0622901898311291
2016-09-23,0.0622902307631624,0.0622901919433886
2016-09-24,0.0622902809732294,0.0622902404813011
2016-09-25,0.0622902854046267,0.0622902880889033
2016-09-26,0.0622902890495232,0.0622902883343529
2016-09-27,0.0622902931750563,0.0622902894068505
2016-09-28,0.0622902973005895,0.0622902951461902
2016-09-29,0.0622903050964233,0.0622903000919162
2016-09-30,0.062290312411613,0.0622903071499121
2016-10-01,0.062290316599106,0.0622903139471717
2016-10-02,0.0622903224469736,0.0622903176294221
2016-10-03,0.0622903303047757,0.0622903229690266
2016-10-04,0.0622903369828222,0.0622903304776804
2016-10-05,0.0622903414141947,0.0622903366445149
2016-10-06,0.0622903468688047,0.0622903404684189
2016-10-07,0.0622903539655265,0.0622903454947979
2016-10-08,0.0622903619361113,0.0622903522660598
2016-10-09,0.0622903667607196,0.062290359702671
2016-10-10,0.0622903703182111,0.0622903639285158
2016-10-11,0.0622903767158266,0.062290367012349
2016-10-12,0.0622903825890964,0.0622903731199763
2016-10-13,0.0622903900536124,0.0622903787049561
2016-10-14,0.0622903988106902,0.062290385554179
2016-10-15,0.0622904068249755,0.0622903936702315
2016-10-16,0.0622904148138209,0.0622904010302037
2016-10-17,0.0622904231085132,0.062290408291613
2016-10-18,0.0622904328268579,0.0622904159509199
2016-10-19,0.0622904372327874,0.0622904250083211
2016-10-20,0.0622904422321604,0.0622904288473804
2016-10-21,0.0622904481236723,0.0622904332946474
2016-10-22,0.0622904569244288,0.062290438949342
2016-10-23,0.0622904606129844,0.0622904473317692
2016-10-24,0.0622904636898137,0.0622904504981864
2016-10-25,0.0622904701747943,0.0622904530579586
2016-10-26,0.0622904793251037,0.0622904593137817
2016-10-27,0.0622904829699582,0.0622904681140489
2016-10-28,0.0622904876197627,0.0622904711493047
2016-10-29,0.0622904931434596,0.0622904751631441
2016-10-30,0.0622905011322792,0.0622904804872049
2016-10-31,0.0622905096891091,0.0622904880967823
2016-11-01,0.0622905158864551,0.0622904959810572
2016-11-02,0.0622903164157807,0.0622905014885343
2016-11-03,0.0622903258464819,0.0622903081074474
2016-11-04,0.0622903311516994,0.0622903214948847
2016-11-05,0.0622903366936217,0.0622903389133617
2016-11-06,0.0622903406006217,0.0622903410946643
2016-11-07,0.0622903447078564,0.0622903388108863
2016-11-08,0.062290350668476,0.0622903436528135
2016-11-09,0.0622903561484589,0.0622903496239337
2016-11-10,0.0622903610604184,0.0622903543678153
2016-11-11,0.0622903688307348,0.062290358659693
2016-11-12,0.0622903719512368,0.0622903659746369
2016-11-13,0.0622903812071465,0.0622903687482813
2016-11-14,0.0622903877357881,0.0622903773389335
2016-11-15,0.0622903924038164,0.0622903834788277
2016-11-16,0.0622903984081174,0.0622903875326942
2016-11-17,0.0622904053045359,0.0622903930188032
2016-11-18,0.0622904125322826,0.0622903996084292
2016-11-19,0.062290417812019,0.0622904062991755
2016-11-20,0.0622904218063929,0.0622904110041956
2016-11-21,0.062290427810695,0.0622904145580339
2016-11-22,0.0622904334654496,0.0622904202305126
2016-11-23,0.0622904391638955,0.0622904255707974
2016-11-24,0.0622904414796689,0.0622904307638502
2016-11-25,0.0622904479209146,0.0622904327063307
2016-11-26,0.0622904558477639,0.0622904387736295
2016-11-27,0.0622904607779365,0.0622904463752464
2016-11-28,0.0622904663889869,0.0622904507447573
2016-11-29,0.0622904722804264,0.0622904557081608
2016-11-30,0.0622904787398937,0.06229046126603
2016-12-01,0.0622904871655864,0.0622904673141782
2016-12-02,0.0622903888029676,0.0622904751383031
2016-12-03,0.0622903888830839,0.062290379612567
2016-12-04,0.0622903905616689,0.0622903815439243
2016-12-05,0.0622904025957459,0.062290389454274
2016-12-06,0.0622904088185103,0.0622903999732531
2016-12-07,0.0622904132061291,0.0622904027744959
2016-12-08,0.062290416370309,0.062290406637893
2016-12-09,0.0622904220250557,0.0622904096135256
2016-12-10,0.0622904284845027,0.0622904149979686
2016-12-11,0.062290433877085,0.0622904210449898
2016-12-12,0.062290437496415,0.0622904259244759
2016-12-13,0.0622904406168972,0.0622904290684375
2016-12-14,0.0622904474258876,0.0622904319133409
2016-12-15,0.0622901487177204,0.0622904384434805
2016-12-16,0.0622901493660644,0.0622901492888404
2016-12-17,0.0622901510884417,0.0622901560954821
2016-12-18,0.0622901597144686,0.0622901761882238
2016-12-19,0.0622901662178133,0.0622901807133022
2016-12-20,0.0622901700375008,0.0622901781320062
2016-12-21,0.0622901730270004,0.0622901826085607
2016-12-22,0.062290178507067,0.0622901856993431
2016-12-23,0.0622901837249767,0.0622901905080329
2016-12-24,0.0622901875446625,0.0622901952624832
2016-12-25,0.0622901914080437,0.0622901986992093
2016-12-26,0.0622901963820833,0.0622902021739883
2016-12-27,0.0622902010319638,0.062290206865379
2016-12-28,0.0622902067488005,0.0622902111960023
2016-12-29,0.0622902123782443,0.0622902164569054
2016-12-30,0.0622902157792892,0.0622902216538823
2016-12-31,0.0622902195735821,0.0622902246629357
2017-01-01,0.0622902272129435,0.0622902281028466
2017-01-02,0.0622902324308364,0.062290235418755
2017-01-03,0.0622902355077249,0.0622902402507339
2017-01-04,0.0622902393893991,0.0622902427687044
2017-01-05,0.0622902424225873,0.0622902463335958
2017-01-06,0.0622902483832782,0.0622902492720104
2017-01-07,0.0622902514164695,0.0622902548912533
2017-01-08,0.0622902540747033,0.0622902576202196
2017-01-09,0.0622902572572643,0.0622902599045931
2017-01-10,0.0622902626245236,0.062290262895459
2017-01-11,0.0622902668557392,0.0622902680530353
2017-01-12,0.0622902702130674,0.0622902719317228
2017-01-13,0.0622902731588625,0.0622902748608914
2017-01-14,0.0622902759481627,0.0622902775349877
2017-01-15,0.062290282757319,0.0622902801625993
2017-01-16,0.0622902872506836,0.0622902866493364
2017-01-17,0.0622902891478167,0.0622902907907966
2017-01-18,0.0622902913253931,0.0622902922214256
2017-01-19,0.0622902967617436,0.0622902941721391
2017-01-20,0.0622903008435811,0.0622902995115859
2017-01-21,0.0622903026096288,0.0622903033327026
2017-01-22,0.0622903047434997,0.0622903046767237
2017-01-23,0.0622903087816382,0.0622903065837017
2017-01-24,0.0622903144547283,0.0622903105436755
2017-01-25,0.0622903182926598,0.0622903159293312
2017-01-26,0.0622903206013,0.0622903193265847
2017-01-27,0.0622903255752783,0.0622903212397991
2017-01-28,0.0622903340010853,0.0622903259546184
2017-01-29,0.062290337183595,0.0622903340517258
2017-01-30,0.0622903401039428,0.0622903367543386
2017-01-31,0.0622903434429653,0.0622903391074505
2017-02-01,0.0622903478489021,0.0622903423279465
2017-02-02,0.0622903540462957,0.0622903466045641
2017-02-03,0.0622903573416237,0.0622903523868723
2017-02-04,0.0622903592133019,0.0622903552788527
2017-02-05,0.0622903611104095,0.0622903567911849
2017-02-06,0.0622903651667871,0.0622903585811581
2017-02-07,0.0622903701407361,0.0622903625493341
2017-02-08,0.0622903722928272,0.0622903672470032
2017-02-09,0.0622903737529775,0.0622903690352963
2017-02-10,0.0622903782899805,0.0622903702032128
2017-02-11,0.0622903838319374,0.0622903746073962
2017-02-12,0.0622903881504618,0.06229037993371
2017-02-13,0.0622903905464331,0.0622903837685094
2017-02-14,0.0622903934667375,0.0622903857450763
2017-02-15,0.0622903989649937,0.0622903884575433
2017-02-16,0.0622904029339489,0.062290393764523
2017-02-17,0.0622904054427465,0.0622903974305626
2017-02-18,0.0622904091495274,0.0622903995212397
2017-02-19,0.0622904121389764,0.0622904029600872
2017-02-20,0.0622904159768383,0.0622904058202001
2017-02-21,0.0622904204701042,0.0622904093628662
2017-02-22,0.0622904228041229,0.062290413542254
2017-02-23,0.0622904268167556,0.0622904156063744
2017-02-24,0.0622903332605106,0.0622904192872029
2017-02-25,0.0622903345203951,0.0622903287004107
2017-02-26,0.0622903378339041,0.0622903318457356
2017-02-27,0.0622903449488145,0.0622903408466678
2017-02-28,0.0622903503596319,0.0622903464545592
2017-03-01,0.0622903560326126,0.0622903486546141
2017-03-02,0.0622903637155306,0.0622903541121203
2017-03-03,0.0622903662243151,0.0622903614396
2017-03-04,0.0622903697999706,0.0622903634491481
2017-03-05,0.0622903742931933,0.0622903665181918
2017-03-06,0.0622903799479463,0.0622903708928448
2017-03-07,0.0622903829118892,0.0622903762771078
2017-03-08,0.0622903843902223,0.0622903788253359
2017-03-09,0.062290388315421,0.0622903799932221
2017-03-10,0.0622903946437979,0.0622903837760217
2017-03-11,0.0622903992243994,0.0622903899044626
2017-03-12,0.0622904012270437,0.0622903940346507
2017-03-13,0.0622904063319756,0.0622903955660642
2017-03-14,0.0622904108251904,0.0622904003772931
2017-03-15,0.0622901362103189,0.0622904047192979
2017-03-16,0.0622901386318107,0.062290138756936
2017-03-17,0.0622901405035881,0.0622901468782932
2017-03-18,0.0622901485615873,0.0622901656379874
2017-03-19,0.0622901524869627,0.0622901697446158
2017-03-20,0.062290154777351,0.0622901653902743
2017-03-21,0.0622901569549746,0.0622901684232052
2017-03-22,0.0622901619980959,0.0622901708646169
2017-03-23,0.0622901666662652,0.0622901753478571
2017-03-24,0.0622901702857757,0.062290179556546
2017-03-25,0.0622901735374269,0.0622901827917322
2017-03-26,0.062290177244328,0.0622901856941753
2017-03-27,0.0622901854517097,0.0622901891689492
2017-03-28,0.0622901914560888,0.0622901969873759
2017-03-29,0.0622901954688429,0.062290202514534
2017-03-30,0.0622901989389657,0.062290205890395
2017-03-31,0.0622902050053329,0.0622902089962796
2017-04-01,0.0622902108349295,0.0622902148437583
2017-04-02,0.0622902150915441,0.0622902203265002
2017-04-03,0.0622902179245359,0.0622902240733463
2017-04-04,0.0622902233791879,0.0622902265314921
2017-04-05,0.0622902287901384,0.0622902317289875
2017-04-06,0.0622902324787243,0.0622902368695117
2017-04-07,0.062290235704964,0.062290240115788
2017-04-08,0.0622902393498574,0.0622902429613972
2017-04-09,0.0622902451977462,0.0622902464124983
2017-04-10,0.0622902507214812,0.0622902519763628
2017-04-11,0.0622902551274537,0.0622902570902272
2017-04-12,0.0622902594714446,0.0622902609998151
2017-04-13,0.0622902638774246,0.0622902649414668
2017-04-14,0.062290270187651,0.0622902690665299
2017-04-15,0.06229027507425,0.0622902749992687
2017-04-16,0.0622902782821924,0.0622902794757465
2017-04-17,0.0622902834126787,0.0622902822516623
2017-04-18,0.0622902878003709,0.0622902870405396
2017-04-19,0.0622902929745499,0.0622902912046732
2017-04-20,0.0622902987167545,0.0622902959555861
2017-04-21,0.0622903017936193,0.0622903012656741
2017-04-22,0.0622903090833915,0.0622903039957474
2017-04-23,0.0622903177530912,0.0622903108060132
2017-04-24,0.0622903243691738,0.0622903190489433
2017-04-25,0.0622903290190228,0.0622903249989773
2017-04-26,0.0622903331008471,0.0622903289823798
2017-04-27,0.0622901361208603,0.0622903327352695
2017-04-28,0.0622901442479625,0.0622901421016605
2017-04-29,0.0622901492473645,0.062290154190663
2017-04-30,0.0622901528485509,0.0622901710558889
2017-05-01,0.0622901571051524,0.0622901714460221
2017-05-02,0.0622901611432806,0.062290169630603
2017-05-03,0.0622901671913424,0.0622901744587159
2017-05-04,0.0622901708362214,0.0622901804567779
2017-05-05,0.0622901716664014,0.0622901833846041
2017-05-06,0.0622901749180503,0.0622901837804277
2017-05-07,0.0622901805728674,0.0622901869229249
2017-05-08,0.0622901843925283,0.062290192470849
2017-05-09,0.0622901867702819,0.0622901959167958
2017-05-10,0.0622901891917212,0.062290197836372
2017-05-11,0.0622901941474311,0.0622902000655059
2017-05-12,0.0622902007198235,0.0622902048659281
2017-05-13,0.0622902045577327,0.0622902110792551
2017-05-14,0.0622902088834506,0.0622902144246932
2017-05-15,0.0622902120039996,0.0622902182534615
2017-05-16,0.0622902164790758,0.0622902211664029
2017-05-17,0.062290222614525,0.0622902253798813
2017-05-18,0.0622902250177135,0.0622902311601434
2017-05-19,0.0622902266526652,0.0622902332241172
2017-05-20,0.0622902346232535,0.0622902345139729
2017-05-21,0.0622902388615919,0.0622902422391499
2017-05-22,0.0622902416762865,0.0622902462561029
2017-05-23,0.0622902454959399,0.062290248461077
2017-05-24,0.0622902606140779,0.0622902519752276
2017-05-25,0.0622902970986576,0.0622902666316763
2017-05-26,0.0622902982529855,0.0622903014924813
2017-05-27,0.0622902965489168,0.0622903009937267
2017-05-28,0.0622903043629905,0.0622902973907594
2017-05-29,0.062290308688718,0.0622903058196343
2017-05-30,0.0622903152611032,0.0622903109276586
2017-05-31,0.0622903191244334,0.0622903165342489
2017-06-01,0.0622903232499407,0.0622903198801721
2017-06-02,0.0622903254346442,0.0622903237449755
2017-06-03,0.0622903316829247,0.0622903257297459
2017-06-04,0.0622903356773509,0.0622903316686595
2017-06-05,0.0622903375561958,0.0622903354048052
2017-06-06,0.0622903410517336,0.0622903368871188
2017-06-07,0.0622903467502342,0.0622903401145723
2017-06-08,0.062290350333151,0.0622903456605205
2017-06-09,0.0622903544332099,0.0622903489040409
2017-06-10,0.0622903575791891,0.0622903525206246
2017-06-11,0.0622903619668612,0.0622903554272726
2017-06-12,0.0622903671410087,0.0622903595544604
2017-06-13,0.0622903728649335,0.0622903644007514
2017-06-14,0.062290375854391,0.0622903696965376
2017-06-15,0.0622903714632096,0.0622903722826598
2017-06-16,0.0622903824704525,0.0622903678005998
2017-06-17,0.0622903865339979,0.0622903785673926
2017-06-18,0.0622903905284114,0.0622903827075435
2017-06-19,0.0622903910090462,0.0622903858115728
2017-06-20,0.0622903949597602,0.062290385947761
2017-06-21,0.0622903998097972,0.0622903899120686
2017-06-22,0.0622904048346185,0.0622903946212296
2017-06-23,0.0622904065132354,0.0622903992116418
2017-06-24,0.062290409702901,0.0622904004861869
2017-06-25,0.0622904133295073,0.0622904034118638
2017-06-26,0.0622904194212326,0.0622904069407683
2017-06-27,0.0622904231971604,0.0622904126989339
2017-06-28,0.0622904264742109,0.0622904160631872
2017-06-29,0.0622904301190654,0.0622904189130043
2017-06-30,0.0622904348125673,0.0622904223142312
2017-07-01,0.0622904383954764,0.0622904267819755
2017-07-02,0.0622904407294948,0.0622904300455429
2017-07-03,0.0622904420840063,0.0622904320608353
2017-07-04,0.0622904443560964,0.0622904332581979
2017-07-05,0.0622904486563427,0.0622904354525692
2017-07-06,0.0622904525014086,0.0622904395924262
2017-07-07,0.0622904539870008,0.0622904431477133
2017-07-08,0.0622904576755388,0.0622904443002354
2017-07-09,0.0622904642041847,0.0622904477211366
2017-07-10,0.0622904678927123,0.0622904540325225
2017-07-11,0.0622904701210978,0.0622904573425599
2017-07-12,0.0622904725425043,0.0622904590893053
2017-07-13,0.0622903381140688,0.0622904613448717
2017-07-14,0.0622903390935693,0.0622903313275097
2017-07-15,0.0622903455348089,0.0622903351433616
2017-07-16,0.0622903483749104,0.0622903496511629
2017-07-17,0.0622903506652231,0.0622903504970954
2017-07-18,0.0622903562762876,0.0622903484124771
2017-07-19,0.0622903595970242,0.0622903543668391
2017-07-20,0.0622903607767456,0.0622903577677727
2017-07-21,0.0622903619747014,0.0622903583398784
2017-07-22,0.0622903674364492,0.0622903593036172
2017-07-23,0.0622903730912111,0.0622903647274849
2017-07-24,0.0622903756873748,0.0622903700929079
2017-07-25,0.0622903775225054,0.0622903721651254
2017-07-26,0.0622903810799412,0.0622903736435313
2017-07-27,0.0622903877142003,0.0622903771203046
2017-07-28,0.0622903910094607,0.0622903835198427
2017-07-29,0.062290393343455,0.0622903864107287
2017-07-30,0.0622903953279144,0.0622903882795518
2017-07-31,0.0622903985175753,0.0622903901366303
2017-08-01,0.0622904024245578,0.0622903932567687
2017-08-02,0.062290403123639,0.0622903969372025
2017-08-03,0.062290405046172,0.0622903974070767
2017-08-04,0.0622904088657787,0.0622903991088871
2017-08-05,0.0622904137340388,0.0622904028582774
2017-08-06,0.06229041604981,0.0622904074748515
2017-08-07,0.0622904192576923,0.0622904094019177
2017-08-08,0.0622904219594686,0.0622904122595663
2017-08-09,0.0622904254295147,0.0622904148339717
2017-08-10,0.0622904312590379,0.0622904180878513
2017-08-11,0.062290435253414,0.0622904235691345
2017-08-12,0.0622904364258947,0.0622904272111225
2017-08-13,0.0622904391531396,0.0622904280168651
2017-08-14,0.0622904434533728,0.0622904305495672
2017-08-15,0.0622904463117044,0.0622904347834978
2017-08-16,0.0622904487330854,0.0622904373916512
2017-08-17,0.0622904505682286,0.062290439457184
2017-08-18,0.0622904526837596,0.0622904411394753
2017-08-19,0.0622904591250067,0.0622904431540976
2017-08-20,0.0622904617211666,0.0622904493195794
2017-08-21,0.0622904641425508,0.0622904516396795
2017-08-22,0.0622904690108024,0.06229045360548
2017-08-23,0.0622904739664527,0.0622904582437926
2017-08-24,0.0622904792716527,0.0622904629950278
2017-08-25,0.0622904839833371,0.0622904677987105
2017-08-26,0.0622904867105768,0.0622904720536952
2017-08-27,0.0622904909416345,0.062290474466653
2017-08-28,0.0622904951544763,0.0622904784054466
2017-08-29,0.0622904999353415,0.0622904824091701
2017-08-30,0.0622905019634782,0.0622904868312513
2017-08-31,0.0622905048218072,0.0622904885461193
2017-09-01,0.0622905097592457,0.0622904911420165
2017-09-02,0.0622905136662263,0.062290495902088
2017-09-03,0.0622905168304114,0.0622904995433073
2017-09-04,0.0622905201256805,0.0622905022920239
2017-09-05,0.0622905261736722,0.0622905053113318
2017-09-06,0.0622905337254652,0.0622905110836134
2017-09-07,0.0622901848499362,0.0622905181879223
2017-09-08,0.0622901824833903,0.0622901802462037
2017-09-09,0.0622901869768033,0.0622901852213725
2017-09-10,0.0622902030308288,0.0622902112235348
2017-09-11,0.0622902066066637,0.0622902224017766
2017-09-12,0.0622902118245587,0.062290215170627
2017-09-13,0.0622902152510084,0.0622902208005582
2017-09-14,0.0622902194639531,0.0622902247421531
2017-09-15,0.0622902237205913,0.0622902283080986
2017-09-16,0.062290227977224,0.0622902319915697
2017-09-17,0.0622902304860886,0.0622902360135677
2017-09-18,0.0622902334318944,0.0622902382360068
2017-09-19,0.062290237907003,0.0622902409088976
2017-09-20,0.0622902441918554,0.0622902451789831
2017-09-21,0.0622902480298288,0.0622902511219615
2017-09-22,0.0622902507571641,0.0622902545162564
2017-09-23,0.0622902562118393,0.0622902568199248
2017-09-24,0.0622902626277619,0.0622902620053291
2017-09-25,0.0622902680387158,0.0622902681380647
2017-09-26,0.0622902708971261,0.0622902730145373
2017-09-27,0.0622902762897981,0.06229027540058
2017-09-28,0.0622901736707446,0.0622902804593949
2017-09-29,0.0622901763106865,0.0622901811227692
2017-09-30,0.0622901798682072,0.0622901857305637
2017-10-01,0.0622901878824962,0.0622901955198283
2017-10-02,0.0622901935373239,0.0622902018309094
2017-10-03,0.0622901993669245,0.0622902039862564
2017-10-04,0.0622902073558278,0.0622902096189938
2017-10-05,0.0622902125228873,0.0622902172545518
2017-10-06,0.0622902169796846,0.0622902218302635
2017-10-07,0.0622902221284534,0.0622902256763049
2017-10-08,0.0622902288756268,0.0622902305131179
2017-10-09,0.0622902329757353,0.0622902369299967
2017-10-10,0.0622902362019583,0.0622902405998822
2017-10-11,0.0622902432549855,0.0622902433883431
2017-10-12,0.062290249783689,0.0622902501149499
2017-10-13,0.0622902524236143,0.0622902563089343
2017-10-14,0.0622902552565839,0.062290258418297
2017-10-15,0.0622902590579719,0.0622902608678168
2017-10-16,0.0622902637515221,0.0622902646028724
2017-10-17,0.0622902698615383,0.0622902690813243
2017-10-18,0.0622902736811881,0.062290274734992
2017-10-19,0.062290277413449,0.0622902781321208
2017-10-20,0.0622902819504847,0.0622902814546382
2017-10-21,0.0622902908132248,0.062290285728611
2017-10-22,0.0622902962241193,0.0622902941780606
2017-10-23,0.0622903008048296,0.0622902990732216
2017-10-24,0.062290306783753,0.0622903029939463
2017-10-25,0.0622903154534418,0.0622903085831957
2017-10-26,0.062290321020844,0.0622903168676645
2017-10-27,0.0622903250152633,0.0622903218734598
2017-10-28,0.0622903284416605,0.0622903252657988
2017-10-29,0.0622903333973409,0.0622903284258636
2017-10-30,0.0622903390084359,0.0622903332012961
2017-10-31,0.0622903448816975,0.0622903384829293
2017-11-01,0.06229034756529,0.0622903438710703
2017-11-02,0.062290351971202,0.0622903461501945
2017-11-03,0.0622903589805011,0.0622903502020481
2017-11-04,0.0622903663576114,0.0622903569408058
2017-11-05,0.0622903720743429,0.0622903638325703
2017-11-06,0.0622903756754957,0.0622903688825853
2017-11-07,0.0622903808678888,0.0622903719995668
2017-11-08,0.0622903919844211,0.0622903768804057
2017-11-09,0.0622903980506957,0.0622903875553842
2017-11-10,0.0622904001662504,0.0622903930382423
2017-11-11,0.0622904044665107,0.0622903944201387
2017-11-12,0.0622904119127434,0.0622903984483101
2017-11-13,0.0622904152954228,0.06229040581014
2017-11-14,0.0622904186780963,0.0622904088067622
2017-11-15,0.0622904220862258,0.0622904116306054
2017-11-16,0.0622904295070073,0.0622904148707963
2017-11-17,0.0622904355550212,0.0622904220197263
2017-11-18,0.0622904416212694,0.0622904276051901
2017-11-19,0.0622904464203921,0.062290433009858
2017-11-20,0.062290451481683,0.0622904373409659
2017-11-21,0.0622904597326359,0.0622904420426057
2017-11-22,0.0622904680964236,0.06229044984007
2017-11-23,0.0622904733761731,0.0622904576465323
2017-11-24,0.0622904775016429,0.0622904622483759
2017-11-25,0.0622904822825206,0.0622904658486015
2017-11-26,0.0622904891170142,0.0622904703884262
2017-11-27,0.0622904949028568,0.0622904769168765
2017-11-28,0.0622904972368635,0.062290482236651
2017-11-29,0.0622905017555732,0.0622904841099594
2017-11-30,0.0622903788623683,0.0622904882943693
2017-12-01,0.0622903809779096,0.0622903694152329
2017-12-02,0.0622903840292502,0.0622903740147467
2017-12-03,0.0622903923238686,0.0622903845365757
2017-12-04,0.0622903972795132,0.0622903908721362
2017-12-05,0.0622904047002556,0.0622903917943188
2017-12-06,0.062290410442395,0.062290399039452
2017-12-07,0.0622904144549877,0.0622904045336618
2017-12-08,0.062290419978655,0.0622904079101953
2017-12-09,0.062290423754562,0.0622904129381313
2017-12-10,0.0622904288412828,0.0622904165174618
2017-12-11,0.0622904326608749,0.0622904212063497
2017-12-12,0.062290437135883,0.0622904247111363
2017-12-13,0.0622904403437655,0.0622904288393439
2017-12-14,0.0622901383735252,0.0622904317691596
2017-12-15,0.0622901382790477,0.0622901394615088
2017-12-16,0.0622901409189949,0.0622901458695314
2017-12-17,0.0622901501750522,0.0622901670520315
2017-12-18,0.0622901575959519,0.0622901720573712
2017-12-19,0.0622901641866609,0.0622901702063685
2017-12-20,0.0622901685926714,0.0622901773201407
2017-12-21,0.0622901724306563,0.0622901817030178
2017-12-22,0.0622901768183577,0.0622901847415659
2017-12-23,0.0622901831905911,0.0622901886977383
2017-12-24,0.0622901876219855,0.062290194817097
2017-12-25,0.062290190767955,0.0622901988426758
2017-12-26,0.0622901945002448,0.0622902015290869
2017-12-27,0.0622901993431837,0.0622902049972523
2017-12-28,0.0622902047358539,0.0622902096357921
2017-12-29,0.0622902064582172,0.0622902146576348
2017-12-30,0.0622902093349178,0.0622902160270284
2017-12-31,0.0622902142652396,0.0622902186046479
2018-01-01,0.0622902202696217,0.0622902234044431
2018-01-02,0.0622902255494949,0.0622902290852837
2018-01-03,0.0622902282514117,0.0622902338227259
2018-01-04,0.0622902310661237,0.0622902360954517
2018-01-05,0.0622902370014052,0.0622902386525329
2018-01-06,0.0622902417386561,0.062290244386956
2018-01-07,0.0622902446590349,0.0622902488242443
2018-01-08,0.0622902465998646,0.0622902512735136
2018-01-09,0.0622902499826031,0.062290252948289
2018-01-10,0.0622902547635458,0.0622902562264663
2018-01-11,0.0622902568791426,0.062290260807693
2018-01-12,0.0622902587945538,0.0622902626262709
2018-01-13,0.0622902608664661,0.0622902642312431
2018-01-14,0.062290265709382,0.0622902662221117
2018-01-15,0.0622902719941962,0.0622902708975039
2018-01-16,0.0622902738222174,0.062290276807721
2018-01-17,0.0622902761308707,0.0622902782146607
2018-01-18,0.0622902807116105,0.062290280144872
2018-01-19,0.0622902856418968,0.062290284629018
2018-01-20,0.0622902910091255,0.0622902893395699
2018-01-21,0.0622902928188639,0.0622902941944109
2018-01-22,0.0622902956955269,0.0622902956440556
2018-01-23,0.062290300083211,0.0622902982552273
2018-01-24,0.0622903043398181,0.0622903025192476
2018-01-25,0.0622903064299863,0.0622903065164389
2018-01-26,0.0622903069725876,0.0622903082432884
2018-01-27,0.0622903109415944,0.0622903085963817
2018-01-28,0.0622903155660144,0.0622903124729721
2018-01-29,0.062290318923299,0.062290316956845
2018-01-30,0.0622903210134493,0.0622903199064205
2018-01-31,0.0622903234531544,0.0622903216329868
2018-02-01,0.0622903281212594,0.0622903239208661
2018-02-02,0.0622903335758474,0.0622903284185325
2018-02-03,0.0622903361029251,0.0622903335416066
2018-02-04,0.0622903381748129,0.0622903356580398
2018-02-05,0.0622903420127203,0.0622903374005443
2018-02-06,0.0622903466808125,0.062290341112261
2018-02-07,0.0622903491459319,0.0622903455863587
2018-02-08,0.0622903502747952,0.0622903477062664
2018-02-09,0.0622903519971241,0.0622903485575946
2018-02-10,0.0622903560097908,0.0622903502179336
2018-02-11,0.0622903590174802,0.0622903541448287
2018-02-12,0.0622903615262978,0.0622903569231408
2018-02-13,0.0622903631794807,0.0622903590828479
2018-02-14,0.0622903665986552,0.0622903605469212
2018-02-15,0.0622903734951116,0.0622903638163508
2018-02-16,0.0622903778573063,0.0622903704128065
2018-02-17,0.0622903801658867,0.0622903743503997
2018-02-18,0.062290384440692,0.0622903761509751
2018-02-19,0.0622903876231471,0.0622903801538449
2018-02-20,0.0622903925788222,0.0622903832400892
2018-02-21,0.0622903948873876,0.0622903878247512
2018-02-22,0.0622903956921067,0.0622903898528267
2018-02-23,0.0622903992241034,0.0622903904381992
2018-02-24,0.0622904034988966,0.0622903938399747
2018-02-25,0.0622904059822259,0.0622903980049388
2018-02-26,0.0622904073731918,0.062290400154707
2018-02-27,0.062290410948876,0.0622904012434859
2018-02-28,0.062290414655634,0.0622904046802969
2018-03-01,0.0622904984536152,0.0622904082473439
2018-03-02,0.0622905033838036,0.0622904890839445
2018-03-03,0.0622905077896561,0.0622904918844094
2018-03-04,0.0622905098797094,0.0622904910639398
2018-03-05,0.0622905147224882,0.062290493884405
2018-03-06,0.0622905190409324,0.0622905007002329
2018-03-07,0.0622905205010513,0.0622905044485339
2018-03-08,0.0622905221541645,0.0622905054684444
2018-03-09,0.0622905260356626,0.062290507014244
2018-03-10,0.0622905298552478,0.0622905108819751
2018-03-11,0.0622905318579097,0.0622905144964324
2018-03-12,0.0622905327245184,0.0622905161556296
2018-03-13,0.0622905361690544,0.0622905168166926
2018-03-14,0.0622905413868453,0.0622905201696776
2018-03-15,0.062290142644718,0.0622905252081253
2018-03-16,0.0622901397101488,0.0622901391675227
2018-03-17,0.0622901474369117,0.0622901447166874
2018-03-18,0.0622901509690479,0.0622901768174848
2018-03-19,0.0622901573849807,0.0622901751376827
2018-03-20,0.0622901608114229,0.0622901693018293
2018-03-21,0.0622901630764188,0.0622901741634201
2018-03-22,0.0622901676825859,0.0622901768565025
2018-03-23,0.0622901720885884,0.0622901805138542
2018-03-24,0.0622901767821515,0.0622901844845505
2018-03-25,0.062290177299377,0.0622901888619358
2018-03-26,0.0622901799139162,0.0622901890935892
2018-03-27,0.0622901847568608,0.0622901914764282
2018-03-28,0.062290189075463,0.0622901962434952
2018-03-29,0.0622901921269238,0.0622902002779985
2018-03-30,0.0622901942862159,0.0622902028670392
2018-03-31,0.0622901972066081,0.0622902047633461
2018-04-01,0.0622902030544959,0.0622902075477357
2018-04-02,0.0622902074167788,0.0622902131493381
2018-04-03,0.0622902100566984,0.0622902171553763
2018-04-04,0.0622902139820394,0.0622902193459843
2018-04-05,0.0622902174267378,0.0622902229749083
2018-04-06,0.0622902230378457,0.0622902262751286
2018-04-07,0.0622902253719146,0.062290231520673
2018-04-08,0.0622902251463191,0.0622902335492454
2018-04-09,0.0622902311943627,0.0622902330868931
2018-04-10,0.062290235014016,0.0622902389603752
2018-04-11,0.0622902382839451,0.0622902427128565
2018-04-12,0.0622902403121533,0.0622902454627385
2018-04-13,0.0622902441500753,0.0622902471812153
2018-04-14,0.0622902490620813,0.0622902508821524
2018-04-15,0.0622902546914744,0.0622902555581022
2018-04-16,0.0622902580741837,0.0622902607549486
2018-04-17,0.0622902610199507,0.0622902637018846
2018-04-18,0.0622902664125941,0.0622902663044933
2018-04-19,0.062290270862243,0.0622902714506316
2018-04-20,0.0622902759053273,0.0622902756389963
2018-04-21,0.0622902786763194,0.0622902801999452
2018-04-22,0.0622902825142412,0.0622902826398329
2018-04-23,0.0622902876884108,0.0622902861897293
2018-04-24,0.0622902919013057,0.0622902911143881
2018-04-25,0.0622902950655342,0.0622902950000835
2018-04-26,0.0622902978984938,0.0622902977627899
2018-04-27,0.0622903017618484,0.0622903003444268
2018-04-28,0.0622903066738472,0.0622903040182861
2018-04-29,0.0622903111489013,0.0622903086517795
2018-04-30,0.06229031348295,0.0622903127451598
2018-05-01,0.0622903168402382,0.0622903147267516
2018-05-02,0.0622903222328741,0.0622903178169155
2018-05-03,0.0622903260525219,0.0622903230020215
2018-05-04,0.0622903296536974,0.0622903265103617
2018-05-05,0.0622903318129714,0.0622903296713298
2018-05-06,0.0622903351519859,0.0622903316077045
2018-05-07,0.0622903411126449,0.0622903347659566
2018-05-08,0.0622903450196832,0.0622903404595507
2018-05-09,0.0622903476850284,0.0622903440168198
2018-05-10,0.062290350456018,0.0622903462397085
2018-05-11,0.0622903552369376,0.0622903487909794
2018-05-12,0.062290362639502,0.0622903534033257
2018-05-13,0.0622903656289576,0.0622903604102728
2018-05-14,0.0622903694922974,0.0622903629404228
2018-05-15,0.0622903732062982,0.0622903662956967
2018-05-16,0.0622903798660701,0.0622903698488406
2018-05-17,0.0622903865075773,0.0622903762048076
2018-05-18,0.0622903883172985,0.0622903823577279
2018-05-19,0.0622903921806429,0.0622903836999354
2018-05-20,0.062290397616977,0.0622903871782035
2018-05-21,0.0622904018116166,0.0622903925059502
2018-05-22,0.0622904041456611,0.0622903963930665
2018-05-23,0.0622904066544942,0.0622903982962159
2018-05-24,0.062290410255676,0.0622904005921337
2018-05-25,0.0622902436064879,0.0622904040835569
2018-05-26,0.0622902489991136,0.0622902427512377
2018-05-27,0.06229025019712,0.0622902514385013
2018-05-28,0.0622902526440093,0.062290262788556
2018-05-29,0.0622902572501515,0.0622902627051662
2018-05-30,0.062290262293227,0.0622902623145244
2018-05-31,0.0622902659198486,0.0622902679017026
2018-06-01,0.0622902697831906,0.0622902713502345
2018-06-02,0.0622902747825695,0.0622902745273778
2018-06-03,0.0622902800441192,0.0622902791489175
2018-06-04,0.0622902851745834,0.062290284112516
2018-06-05,0.0622902866164977,0.062290288779639
2018-06-06,0.0622902899118046,0.0622902898878874
2018-06-07,0.0622902915721952,0.0622902929298278
2018-06-08,0.0622902993679981,0.0622902945745099
2018-06-09,0.0622903009409934,0.0622903020187439
2018-06-10,0.0622903024885378,0.0622903033316169
2018-06-11,0.0622903066394864,0.0622903044303368
2018-06-12,0.0622903107030484,0.0622903084597195
2018-06-13,0.0622903149850763,0.0622903124416087
2018-06-14,0.0622903167947771,0.0622903162737183
2018-06-15,0.0622903203777015,0.0622903177664814
2018-06-16,0.0622903264075014,0.0622903211082018
2018-06-17,0.0622903311447274,0.0622903269111565
2018-06-18,0.0622903326922548,0.0622903312663539
2018-06-19,0.0622903358382356,0.0622903323718799
2018-06-20,0.0622903401385089,0.0622903352681979
2018-06-21,0.0622903442894441,0.0622903394897514
2018-06-22,0.0622903481345208,0.0622903433462464
2018-06-23,0.062290350250079,0.0622903467728604
2018-06-24,0.0622903521289444,0.0622903486263337
2018-06-25,0.0622903570409241,0.0622903503346667
2018-06-26,0.0622903612792506,0.0622903550646565
2018-06-27,0.0622903658671391,0.062290359060247
2018-06-28,0.0622903678953111,0.0622903631761882
2018-06-29,0.0622903720644792,0.0622903648909966
2018-06-30,0.0622903773514556,0.0622903687921346
2018-07-01,0.0622903816954104,0.0622903738532198
2018-07-02,0.0622903840294373,0.0622903778198877
2018-07-03,0.0622903857080413,0.0622903797539919
2018-07-04,0.0622903893965689,0.0622903812435391
2018-07-05,0.0622903949894116,0.0622903848278133
2018-07-06,0.0622903950950403,0.0622903901845306
2018-07-07,0.0622903959252136,0.0622903900070451
2018-07-08,0.0622903996574355,0.0622903905556975
2018-07-09,0.0622904039831502,0.0622903943194641
2018-07-10,0.062290407653446,0.0622903985195975
2018-07-11,0.0622904082833788,0.0622904017331851
2018-07-12,0.0622904115604219,0.0622904020687105
2018-07-13,0.0622904158861397,0.0622904051726429
2018-07-14,0.0622904210165738,0.0622904094039917
2018-07-15,0.0622904243810021,0.0622904141600418
2018-07-16,0.0622904261469843,0.062290417083012
2018-07-17,0.0622904305600948,0.062290418556444
2018-07-18,0.0622904354028947,0.0622904227647622
2018-07-19,0.0622904387418511,0.0622904274137716
2018-07-20,0.0622904414945583,0.0622904303626571
2018-07-21,0.0622904433479441,0.0622904327510278
2018-07-22,0.0622904463191396,0.0622904344672891
2018-07-23,0.0622904501387254,0.0622904372999867
2018-07-24,0.0622904524108114,0.0622904409230608
2018-07-25,0.0622904536961581,0.0622904429442437
2018-07-26,0.0622904579781614,0.0622904439895294
2018-07-27,0.0622904615355922,0.0622904480951679
2018-07-28,0.0622904631959627,0.062290451493249
2018-07-29,0.0622904657229621,0.0622904528238948
2018-07-30,0.0622904682754303,0.0622904550970301
2018-07-31,0.0622904725319626,0.06229045757795
2018-08-01,0.0622904777497654,0.0622904615931199
2018-08-02,0.0622903952298632,0.0622904664522169
2018-08-03,0.062290394417888,0.0622903863446888
2018-08-04,0.0622903957032222,0.0622903871523024
2018-08-05,0.0622904044857204,0.0622903936399492
2018-08-06,0.0622904065575476,0.0622904012025129
2018-08-07,0.0622904070126882,0.0622904005365569
2018-08-08,0.0622904094158467,0.062290400778614
2018-08-09,0.0622904123178707,0.0622904032741482
2018-08-10,0.0622904167491789,0.0622904061341232
2018-08-11,0.062290419782266,0.0622904101794068
2018-08-12,0.0622904211804576,0.0622904128851427
2018-08-13,0.0622904266349485,0.0622904140174865
2018-08-14,0.0622904301741624,0.0622904192097576
2018-08-15,0.0622904323078912,0.0622904225784148
2018-08-16,0.0622904348166543,0.0622904243167021
2018-08-17,0.0622904373691217,0.062290426577863
2018-08-18,0.0622904408391604,0.062290429062287
2018-08-19,0.0622904445276605,0.0622904323191743
2018-08-20,0.0622904462936207,0.0622904357277892
2018-08-21,0.0622904460751492,0.0622904372432985
2018-08-22,0.062290450637531,0.0622904368808909
2018-08-23,0.0622904528841342,0.0622904413278007
2018-08-24,0.0622904564670415,0.0622904435288547
2018-08-25,0.0622904582767011,0.0622904466976777
2018-08-26,0.0622904604978112,0.0622904482797821
2018-08-27,0.0622904669827463,0.0622904503365991
2018-08-28,0.0622904718255037,0.0622904565465628
2018-08-29,0.0622904763187035,0.062290461063333
2018-08-30,0.0622901528941186,0.0622904649766075
2018-08-31,0.0622901532366081,0.0622901518264544
2018-09-01,0.0622901550900726,0.0622901591375878
2018-09-02,0.062290162667436,0.0622901808770635
2018-09-03,0.0622901637343994,0.062290183991156
2018-09-04,0.0622901658063244,0.0622901754650901
2018-09-05,0.0622901698008017,0.0622901785519724
2018-09-06,0.0622901727466142,0.0622901830145388
2018-09-07,0.0622901742068203,0.0622901853096305
2018-09-08,0.0622901759291923,0.0622901862332458
2018-09-09,0.0622901790497812,0.0622901878750355
2018-09-10,0.0622901838490475,0.0622901909170823
2018-09-11,0.0622901872317911,0.0622901954477023
2018-09-12,0.0622901902832908,0.0622901984704998
2018-09-13,0.0622901935786563,0.0622902011455702
2018-09-14,0.0622901985526929,0.0622902042088126
2018-09-15,0.0622902021722031,0.0622902089297485
2018-09-16,0.0622902048995369,0.0622902122345581
2018-09-17,0.0622902059665024,0.0622902146036027
2018-09-18,0.062290208781223,0.0622902155050284
2018-09-19,0.0622902115959463,0.0622902182156817
2018-09-20,0.0622902150660822,0.0622902209292856
2018-09-21,0.0622902151717782,0.062290224126975
2018-09-22,0.0622902186856046,0.0622902240407201
2018-09-23,0.0622902237287274,0.0622902273424428
2018-09-24,0.0622902282221215,0.0622902322558879
2018-09-25,0.0622902306618836,0.062290236364407
2018-09-26,0.0622902323842424,0.0622902383522071
2018-09-27,0.06229023670285,0.0622902398581048
2018-09-28,0.0622902425944473,0.062290244043637
2018-09-29,0.0622902461082703,0.0622902496772247
2018-09-30,0.0622902476741428,0.0622902527530641
2018-10-01,0.0622902508384114,0.0622902539296544
2018-10-02,0.0622902550950361,0.0622902569412797
2018-10-03,0.0622902586088523,0.0622902610923928
2018-10-04,0.062290260218411,0.0622902642957352
2018-10-05,0.0622902617659948,0.06229026558469
2018-10-06,0.0622902656293713,0.0622902669782555
2018-10-07,0.0622902714772568,0.062290270743251
2018-10-08,0.0622902749036804,0.0622902763222374
2018-10-09,0.0622902768008124,0.0622902793226697
2018-10-10,0.0622902804894044,0.0622902808171571
2018-10-11,0.0622902852012311,0.0622902843207472
2018-10-12,0.062290290524764,0.0622902888789167
2018-10-13,0.0622902951055031,0.0622902937933898
2018-10-14,0.062290298768671,0.0622902979058493
2018-10-15,0.0622903021513947,0.0622903011902079
2018-10-16,0.0622903073875381,0.0622903042962555
2018-10-17,0.0622903114947887,0.0622903092528314
2018-10-18,0.0622903126054177,0.0622903130593466
2018-10-19,0.062290314546229,0.0622903138537865
2018-10-20,0.062290318496971,0.0622903156083187
2018-10-21,0.0622903233215951,0.0622903195125182
2018-10-22,0.0622903259615124,0.0622903240856975
2018-10-23,0.0622903285759954,0.0622903263298814
2018-10-24,0.0622903350792592,0.0622903286130145
2018-10-25,0.0622903420814135,0.0622903348619684
2018-10-26,0.0622903446593693,0.0622903414896804
2018-10-27,0.0622903468368862,0.0622903435179324
2018-10-28,0.0622903500630767,0.0622903452884539
2018-10-29,0.0622903551935521,0.0622903484770589
2018-10-30,0.0622903603859673,0.0622903534433799
2018-10-31,0.0622903626326206,0.0622903582216724
2018-11-01,0.0622903639180037,0.0622903600622475
2018-11-02,0.0622903679998152,0.0622903611006975
2018-11-03,0.0622903722563936,0.0622903650880121
2018-11-04,0.0622903754206152,0.0622903691913231
2018-11-05,0.0622903788469992,0.0622903719655577
2018-11-06,0.0622903817927607,0.0622903750335282
2018-11-07,0.0622903876842629,0.0622903777902132
2018-11-08,0.0622903936194521,0.0622903833645342
2018-11-09,0.0622903978323295,0.0622903889099005
2018-11-10,0.0622904009710999,0.0622903926191719
2018-11-11,0.0622904062071844,0.0622903953517789
2018-11-12,0.0622904126666943,0.0622904003260605
2018-11-13,0.0622904173165077,0.0622904064693705
2018-11-14,0.0622904193883645,0.0622904106382606
2018-11-15,0.0622904226399649,0.0622904122871523
2018-11-16,0.0622904262848027,0.0622904153300924
2018-11-17,0.0622904308035255,0.0622904188849697
2018-11-18,0.062290432944528,0.0622904231065653
2018-11-19,0.0622904349289898,0.0622904249366725
2018-11-20,0.0622904391600901,0.0622904266713778
2018-11-21,0.0622904448148562,0.062290430746823
2018-11-22,0.0622904500946129,0.0622904361443687
2018-11-23,0.0622904532151112,0.0622904409369965
2018-11-24,0.0622904561353771,0.0622904435987211
2018-11-25,0.0622904627259466,0.062290446225581
2018-11-26,0.0622904686865619,0.0622904525612973
2018-11-27,0.0622904720437606,0.062290458168685
2018-11-28,0.0622904735038793,0.0622904609859268
2018-11-29,0.0622904608470312,0.0622904621201292
2018-11-30,0.0622904169709393,0.0622904498981278
2018-12-01,0.0622904186495333,0.0622904078214103
2018-12-02,0.0622904394079826,0.0622904112530245
2018-12-03,0.0622904414361302,0.062290433845961
2018-12-04,0.0622904460422187,0.0622904343170033
2018-12-05,0.0622904507793826,0.0622904362895004
2018-12-06,0.0622904538124859,0.0622904412021282
2018-12-07,0.0622904582365532,0.0622904444184917
2018-12-08,0.0622904616628958,0.0622904482763612
2018-12-09,0.0622904677291041,0.0622904514388922
2018-12-10,0.0622904734020679,0.0622904571624334
2018-12-11,0.0622904762603952,0.0622904624385098
2018-12-12,0.0622904796175703,0.0622904648591435
2018-12-13,0.0622904841362601,0.0622904678610763
2018-12-14,0.062290488654954,0.062290472218875
2018-12-15,0.0622904909889424,0.0622904764611891
2018-12-16,0.0622904927986014,0.0622904784418362
2018-12-17,0.0622904949832951,0.0622904800101333
2018-12-18,0.0622904999389293,0.0622904821229961
2018-12-19,0.0622905038641162,0.0622904868996129
2018-12-20,0.062290176471825,0.0622904905240883
2018-12-21,0.0622901778446399,0.0622901734709968
2018-12-22,0.0622901868385238,0.0622901817827777
2018-12-23,0.0622901905891135,0.0622902106685507
2018-12-24,0.0622901941466208,0.0622902098001309
2018-12-25,0.0622901965863857,0.0622902032243377
2018-12-26,0.0622902006682273,0.0622902069881744
2018-12-27,0.062290206148273,0.0622902115313308
2018-12-28,0.0622902092871358,0.0622902161339111
2018-12-29,0.0622902111842727,0.0622902187026388
2018-12-30,0.0622902139115981,0.0622902203426679
2018-12-31,0.0622902178623546,0.062290222925003
2019-01-01,0.0622902209829203,0.0622902267259212
2019-01-02,0.0622902233606892,0.0622902295792432
2019-01-03,0.0622902251887317,0.0622902316479451
2019-01-04,0.0622902282656026,0.0622902333002728
2019-01-05,0.062290232103562,0.0622902362372217
2019-01-06,0.0622902372960415,0.0622902398733233
2019-01-07,0.0622902395173228,0.0622902447016656
2019-01-08,0.0622902425250925,0.0622902465881147
2019-01-09,0.0622902470621508,0.0622902492655782
2019-01-10,0.0622902523857043,0.0622902536196969
2019-01-11,0.062290254676083,0.0622902586463741
2019-01-12,0.0622902556556331,0.0622902605476338
2019-01-13,0.0622902579897044,0.0622902612549538
2019-01-14,0.0622902620715387,0.0622902635445727
2019-01-15,0.0622902642928083,0.0622902675453877
2019-01-16,0.0622902649228035,0.0622902695142503
2019-01-17,0.06229026699471,0.0622902698743961
2019-01-18,0.0622902709637449,0.0622902718531312
2019-01-19,0.0622902754134058,0.0622902757492877
2019-01-20,0.0622902774161923,0.0622902798919725
2019-01-21,0.0622902808354698,0.0622902815227312
2019-01-22,0.062290283737556,0.0622902846287271
2019-01-23,0.062290288711534,0.062290287407063
2019-01-24,0.0622902922690303,0.0622902920800812
2019-01-25,0.0622902945085616,0.0622902953146974
2019-01-26,0.0622902961689394,0.0622902972275131
2019-01-27,0.0622903000942552,0.062290298706537
2019-01-28,0.0622903038011046,0.0622903025061287
2019-01-29,0.0622903048680285,0.0622903060148448
2019-01-30,0.0622903051921671,0.0622903067943698
2019-01-31,0.0622903080688209,0.0622903069505999
2019-02-01,0.0622903122999801,0.062290309819634
2019-02-02,0.0622903158574734,0.0622903139348197
2019-02-03,0.0622903173359129,0.0622903171231211
2019-02-04,0.0622903199249544,0.0622903182610158
2019-02-05,0.0622903244182733,0.0622903206596479
2019-02-06,0.0622903298291675,0.0622903250173052
2019-02-07,0.0622903317882277,0.0622903300932043
2019-02-08,0.0622903341405257,0.0622903316540769
2019-02-09,0.0622903379347329,0.0622903336860291
2019-02-10,0.0622903423224116,0.0622903373792019
2019-02-11,0.0622903450679535,0.062290341556776
2019-02-12,0.062290345260983,0.0622903439443819
2019-02-13,0.0622903474384968,0.0622903439115529
2019-02-14,0.0622903517824795,0.0622903460098751
2019-02-15,0.0622903547901849,0.0622903502990496
2019-02-16,0.0622903557442502,0.0622903530396254
2019-02-17,0.0622903590760473,0.0622903536534781
2019-02-18,0.0622903625206733,0.0622903567959811
2019-02-19,0.0622903660526889,0.0622903601579656
2019-02-20,0.0622903695846963,0.0622903633720879
2019-02-21,0.0622903721117346,0.0622903665550062
2019-02-22,0.0622903750574936,0.0622903688476381
2019-02-23,0.0622903781088638,0.0622903715620108
2019-02-24,0.0622903812039226,0.0622903744237181
2019-02-25,0.062290383556178,0.062290377289439
2019-02-26,0.062290384335447,0.0622903794080929
2019-02-27,0.062290385751889,0.0622903800359183
2019-02-28,0.0622904709044096,0.0622903813629263
2019-03-01,0.0622904695863732,0.0622904637717454
2019-03-02,0.0622904682063883,0.0622904606277204
2019-03-03,0.0622904726304695,0.0622904541434147
2019-03-04,0.0622904764683001,0.0622904596940078
2019-03-05,0.0622904812673962,0.0622904658156733
2019-03-06,0.0622904838817888,0.0622904696457441
2019-03-07,0.0622904864524831,0.0622904717194923
2019-03-08,0.0622904894601215,0.0622904741920113
2019-03-09,0.0622904954826499,0.0622904770906899
2019-03-10,0.0622904991019861,0.0622904828143354
2019-03-11,0.0622904996627373,0.0622904860899144
2019-03-12,0.0622905011228474,0.0622904862950767
2019-03-13,0.0622905059219305,0.0622904876325547
2019-03-14,0.0622901272673942,0.0622904924167468
2019-03-15,0.0622901250319276,0.0622901259761704
2019-03-16,0.0622901253307183,0.0622901317442135
2019-03-17,0.0622901328390461,0.0622901553541697
2019-03-18,0.062290137332461,0.0622901579061418
2019-03-19,0.0622901401654989,0.0622901511686361
2019-03-20,0.062290143260697,0.0622901550784112
2019-03-21,0.0622901460937248,0.0622901585056012
2019-03-22,0.062290150062794,0.0622901606239745
2019-03-23,0.0622901542940204,0.0622901641041393
2019-03-24,0.0622901579826189,0.062290168130182
2019-03-25,0.0622901582813876,0.0622901714758201
2019-03-26,0.0622901621630549,0.0622901715211414
2019-03-27,0.0622901655457856,0.0622901751994346
2019-03-28,0.0622901686846587,0.0622901785254697
2019-03-29,0.0622901693766673,0.0622901813394445
2019-03-30,0.0622901709862339,0.0622901817762288
2019-03-31,0.0622901734076907,0.0622901832839447
2019-04-01,0.0622901773147436,0.062290185677041
2019-04-02,0.0622901798418846,0.062290189384306
2019-04-03,0.0622901811455891,0.062290191623117
2019-04-04,0.0622901845903,0.0622901926686333
2019-04-05,0.0622901903944918,0.0622901959371685
2019-04-06,0.0622901951063209,0.0622902015313405
2019-04-07,0.0622901968286526,0.0622902058229763
2019-04-08,0.0622902007356899,0.0622902071015317
2019-04-09,0.0622902063651002,0.0622902107285687
2019-04-10,0.0622902112771113,0.0622902162007314
2019-04-11,0.0622902141100787,0.0622902207191264
2019-04-12,0.0622902167499861,0.0622902230840626
2019-04-13,0.0622902208755042,0.0622902254583032
2019-04-14,0.0622902254999298,0.0622902294346324
2019-04-15,0.0622902280087528,0.0622902338068552
2019-04-16,0.0622902313660531,0.062290235971508
2019-04-17,0.062290234086213,0.0622902390028047
2019-04-18,0.0622902384301843,0.0622902415813284
2019-04-19,0.0622902417072256,0.062290245667712
2019-04-20,0.0622902471872448,0.062290248670133
2019-04-21,0.0622902476607372,0.0622902537559362
2019-04-22,0.0622902509997513,0.0622902540200495
2019-04-23,0.0622902559737115,0.062290257060283
2019-04-24,0.0622902612352579,0.0622902619182679
2019-04-25,0.0622902618215469,0.0622902668434438
2019-04-26,0.0622902638060406,0.0622902670270898
2019-04-27,0.0622902689984705,0.0622902687699243
2019-04-28,0.0622902716820686,0.062290273920332
2019-04-29,0.0622902728800711,0.0622902764155398
2019-04-30,0.0622902751267261,0.0622902772133409
2019-05-01,0.0622902780724889,0.0622902793212282
2019-05-02,0.0622902839894522,0.0622902822346245
2019-05-03,0.0622902869789089,0.0622902878254471
2019-05-04,0.0622902890070931,0.0622902904542306
2019-05-05,0.0622902929578191,0.0622902920932247
2019-05-06,0.0622902984378368,0.0622902958458969
2019-05-07,0.0622903027818058,0.0622903011313528
2019-05-08,0.0622903062955947,0.0622903050569753
2019-05-09,0.0622903105084858,0.0622903081196243
2019-05-10,0.0622903126240676,0.0622903120359079
2019-05-11,0.0622903167495714,0.0622903139765654
2019-05-12,0.0622903227539173,0.0622903178062948
2019-05-13,0.0622903248258019,0.0622903235303388
2019-05-14,0.0622903279463458,0.0622903252888024
2019-05-15,0.0622903331896421,0.0622903279947254
2019-05-16,0.0622903370529765,0.0622903330605536
2019-05-17,0.062290340916308,0.0622903366785593
2019-05-18,0.0622903429008065,0.062290340082541
2019-05-19,0.0622903472447876,0.0622903418285476
2019-05-20,0.0622903523315592,0.0622903459473909
2019-05-21,0.0622903566135862,0.0622903507910361
2019-05-22,0.0622903589476367,0.0622903546726601
2019-05-23,0.0622903613253747,0.0622903566268795
2019-05-24,0.0622903650576307,0.0622903587998173
2019-05-25,0.062290370082462,0.0622903624023636
2019-05-26,0.0622903719795714,0.0622903671643781
2019-05-27,0.0622903728280164,0.0622903687400487
2019-05-28,0.0622903751875123,0.0622903693227198
2019-05-29,0.0622903797936543,0.0622903716385804
2019-05-30,0.0622903841193813,0.0622903761445804
2019-05-31,0.0622903852736823,0.0622903801256092
2019-06-01,0.0622903876951147,0.0622903809125074
2019-06-02,0.0622903938559981,0.0622903830972754
2019-06-03,0.0622903975008679,0.0622903891164392
2019-06-04,0.0622904004720846,0.0622903924758626
2019-06-05,0.0622904056899542,0.0622903949356668
2019-06-06,0.062290410277848,0.0622903998436936
2019-06-07,0.0622904128995019,0.0622904042083734
2019-06-08,0.0622904166754408,0.0622904064398224
2019-06-09,0.0622904186416865,0.0622904098855166
2019-06-10,0.0622904212379046,0.0622904117475939
2019-06-11,0.0622904229856816,0.0622904141318078
2019-06-12,0.0622904272422612,0.0622904157462443
2019-06-13,0.0622904314369006,0.0622904197917187
2019-06-14,0.0622902915030479,0.0622904237298428
2019-06-15,0.0622902913719876,0.0622902880871663
2019-06-16,0.0622902961783456,0.0622902908354017
2019-06-17,0.0622903001727684,0.062290304218688
2019-06-18,0.0622903011340484,0.062290306248275
2019-06-19,0.0622903032059226,0.0622903027632515
2019-06-20,0.0622903081616033,0.0622903052251224
2019-06-21,0.0622903123999449,0.0622903103534316
2019-06-22,0.0622903144281269,0.0622903140814018
2019-06-23,0.0622903162378288,0.0622903155887391
2019-06-24,0.0622903184225493,0.0622903171969488
2019-06-25,0.0622903235530108,0.0622903193410997
2019-06-26,0.0622903256066384,0.0622903242589419
2019-06-27,0.0622903259998851,0.0622903260570986
2019-06-28,0.0622903273981063,0.0622903261544716
2019-06-29,0.0622903320042354,0.0622903275007863
2019-06-30,0.0622903358930125,0.0622903320677747
2019-07-01,0.0622903367668955,0.0622903356841985
2019-07-02,0.0622903395633208,0.0622903361797167
2019-07-03,0.0622903439072881,0.062290338733782
2019-07-04,0.062290348932108,0.0622903430044704
2019-07-05,0.0622903526206396,0.0622903476999921
2019-07-06,0.0622903550238088,0.0622903509318327
2019-07-07,0.0622903569026746,0.0622903530052523
2019-07-08,0.0622903608970769,0.062290354730525
2019-07-09,0.0622903634495694,0.0622903585770843
2019-07-10,0.0622903660020627,0.0622903609557071
2019-07-11,0.0622903686765201,0.0622903632025985
2019-07-12,0.0622903713509776,0.0622903656783218
2019-07-13,0.0622903728802653,0.0622903681951313
2019-07-14,0.0622903754582091,0.0622903695430881
2019-07-15,0.0622903772496677,0.0622903719340808
2019-07-16,0.0622903789719675,0.0622903736211696
2019-07-17,0.0622903822053256,0.0622903751773923
2019-07-18,0.06229038807856,0.0622903782242903
2019-07-19,0.0622903896697731,0.0622903838223615
2019-07-20,0.0622903913920645,0.0622903851018615
2019-07-21,0.0622903945562597,0.0622903864572079
2019-07-22,0.0622903991623618,0.0622903895474277
2019-07-23,0.062290404030626,0.06229039400525
2019-07-24,0.06229040334973,0.0622903984602782
2019-07-25,0.0622904049227057,0.0622903974941139
2019-07-26,0.0622904087677841,0.0622903988852915
2019-07-27,0.0622904114513405,0.0622904027966281
2019-07-28,0.0622904134612433,0.0622904053192143
2019-07-29,0.0622904142659495,0.0622904069471785
2019-07-30,0.0622904191342175,0.062290407618634
2019-07-31,0.0622904212315224,0.0622904123378889
2019-08-01,0.0622904241772311,0.062290414295356
2019-08-02,0.0622904265366903,0.0622904168522337
2019-08-03,0.062290429132849,0.0622904190241475
2019-08-04,0.0622904328650589,0.0622904214713422
2019-08-05,0.0622904369468194,0.0622904249599764
2019-08-06,0.0622904398488364,0.062290428768525
2019-08-07,0.0622904410467939,0.0622904313524115
2019-08-08,0.0622904435118661,0.0622904323128126
2019-08-09,0.0622904468071253,0.0622904346437704
2019-08-10,0.0622904492102827,0.0622904378436643
2019-08-11,0.0622904509889835,0.0622904400252734
2019-08-12,0.0622904527676844,0.0622904415462284
2019-08-13,0.0622904540967203,0.062290443193843
2019-08-14,0.0622904580728704,0.0622904444514158
2019-08-15,0.0622904602320812,0.0622904482360708
2019-08-16,0.0622904617977865,0.0622904502195486
2019-08-17,0.0622904653115211,0.0622904515075538
2019-08-18,0.0622904722698147,0.0622904548256632
2019-08-19,0.0622904743853376,0.0622904615223867
2019-08-20,0.062290475452187,0.0622904632684613
2019-08-21,0.0622904768249045,0.062290463906454
2019-08-22,0.0622904818242358,0.0622904652706175
2019-08-23,0.0622904842456099,0.0622904702261906
2019-08-24,0.0622904847881321,0.0622904724153175
2019-08-25,0.0622904856802125,0.0622904726153898
2019-08-26,0.0622904874279684,0.0622904734292841
2019-08-27,0.0622904919029625,0.0622904752416808
2019-08-28,0.0622904943680261,0.0622904795305307
2019-08-29,0.062290199877729,0.0622904817216858
2019-08-30,0.0622901929740523,0.0622901965408886
2019-08-31,0.0622901946964032,0.0622901962069017
2019-09-01,0.0622902033407302,0.0622902161903435
2019-09-02,0.0622902064176086,0.0622902211121149
2019-09-03,0.06229020837674,0.0622902152509234
2019-09-04,0.0622902115410024,0.0622902177737104
2019-09-05,0.0622902155100545,0.0622902213054913
2019-09-06,0.0622902178441331,0.062290224734537
2019-09-07,0.062290218823693,0.0622902265888499
2019-09-08,0.0622902203712687,0.062290227392211
2019-09-09,0.0622902227490394,0.0622902288661236
2019-09-10,0.0622902262445634,0.0622902311849663
2019-09-11,0.062290228334768,0.0622902344776761
2019-09-12,0.062290229907747,0.0622902363182177
2019-09-13,0.0622902324348948,0.0622902376558
2019-09-14,0.0622902370410656,0.0622902400490298
2019-09-15,0.0622902405731695,0.0622902444704075
2019-09-16,0.0622902430566122,0.0622902476961765
2019-09-17,0.0622902459333028,0.0622902498081036
2019-09-18,0.0622902495091041,0.0622902524506148
2019-09-19,0.0622902544648192,0.0622902558648385
2019-09-20,0.0622902562054552,0.0622902605168159
2019-09-21,0.0622902567917661,0.0622902619641871
2019-09-22,0.0622902600871125,0.0622902623117575
2019-09-23,0.0622902641689505,0.0622902655390168
2019-09-24,0.062290266590409,0.0622902695292223
2019-09-25,0.0622902671513035,0.0622902716157558
2019-09-26,0.0622902688736627,0.0622902719075091
2019-09-27,0.0622902745284783,0.0622902735663377
2019-09-28,0.0622902782607611,0.0622902791030459
2019-09-29,0.0622902810063578,0.0622902825387981
2019-09-30,0.0622902830345724,0.0622902847945844
2019-10-01,0.0622902868288171,0.0622902865953776
2019-10-02,0.0622902922834359,0.0622902902622341
2019-10-03,0.0622902978254518,0.0622902954478225
2019-10-04,0.0622902991545512,0.0622903005402638
2019-10-05,0.0622903008951641,0.0622903014721808
2019-10-06,0.0622903038846432,0.0622903029642647
2019-10-07,0.0622903087966644,0.0622903059508307
2019-10-08,0.0622903099946821,0.0622903106802135
2019-10-09,0.0622903107120644,0.0622903115830668
2019-10-10,0.0622903139454441,0.0622903120358457
2019-10-11,0.0622903182457471,0.0622903152271804
2019-10-12,0.0622903227827763,0.0622903194174415
2019-10-13,0.0622903250040109,0.062290323533992
2019-10-14,0.0622903286488921,0.0622903253771005
2019-10-15,0.0622903328109358,0.062290328731869
2019-10-16,0.0622903399696052,0.0622903327143745
2019-10-17,0.062290343352309,0.0622903394610714
2019-10-18,0.0622903443064087,0.0622903424128433
2019-10-19,0.0622903490182037,0.0622903429753747
2019-10-20,0.0622903537554312,0.0622903475084222
2019-10-21,0.0622903570070583,0.0622903521603099
2019-10-22,0.0622903586857012,0.0622903549905778
2019-10-23,0.062290361281926,0.0622903563248552
2019-10-24,0.0622903653382857,0.0622903588028399
2019-10-25,0.0622903695948635,0.0622903627322384
2019-10-26,0.0622903731523483,0.0622903666905264
2019-10-27,0.0622903746562141,0.0622903698590316
2019-10-28,0.0622903801544771,0.0622903711023126
2019-10-29,0.0622903860459812,0.0622903763361002
2019-10-30,0.0622903907395008,0.0622903819736069
2019-10-31,0.062290394664775,0.0622903861501615
2019-11-01,0.0622904010551534,0.0622903895856078
2019-11-02,0.0622904031961629,0.0622903956271949
2019-11-03,0.0622904083448629,0.0622903975297527
2019-11-04,0.0622904108973618,0.0622904022264248
2019-11-05,0.0622904127070535,0.0622904046275947
2019-11-06,0.0622904159404192,0.0622904062065358
2019-11-07,0.0622904205902412,0.0622904092421107
2019-11-08,0.0622904231864319,0.0622904137283073
2019-11-09,0.0622904257826226,0.0622904160232122
2019-11-10,0.0622904285972796,0.0622904182749676
2019-11-11,0.0622904333527146,0.0622904209328428
2019-11-12,0.0622904404676223,0.0622904254701751
2019-11-13,0.0622904443054644,0.0622904321631874
2019-11-14,0.0622904469198726,0.0622904355285674
2019-11-15,0.0622904529551489,0.0622904376760249
2019-11-16,0.0622904589904252,0.0622904434423545
2019-11-17,0.0622904624604792,0.0622904492225706
2019-11-18,0.0622904641390799,0.0622904521884465
2019-11-19,0.0622904671285007,0.0622904535018561
2019-11-20,0.0622904719530704,0.0622904563936309
2019-11-21,0.0622904760348342,0.0622904610893214
2019-11-22,0.0622904782814435,0.062290464838808
2019-11-23,0.0622904805717578,0.0622904667010837
2019-11-24,0.0622904864631995,0.0622904687679737
2019-11-25,0.062290491287758,0.0622904744640199
2019-11-26,0.0622904954132164,0.0622904789860582
2019-11-27,0.0622904981149867,0.0622904825851912
2019-11-28,0.0622904238714905,0.0622904849504364
2019-11-29,0.062290425480896,0.0622904130396587
2019-11-30,0.0622904315725774,0.0622904162071419
2019-12-01,0.0622904359347071,0.0622904267330833
2019-12-02,0.0622904384434655,0.062290429807317
2019-12-03,0.0622904439671187,0.0622904296528561
2019-12-04,0.0622904477867078,0.0622904351572335
2019-12-05,0.0622904486605798,0.0622904389356137
2019-12-06,0.0622904499022058,0.0622904393581932
2019-12-07,0.0622904515807801,0.0622904403771212
2019-12-08,0.0622904555751411,0.0622904421424754
2019-12-09,0.0622904612735665,0.0622904459947036
2019-12-10,0.0622904634509747,0.0622904513316259
2019-12-11,0.0622904653917027,0.0622904531273581
2019-12-12,0.0622901863131898,0.0622904547131026
2019-12-13,0.0622901871799807,0.0622901847244317
2019-12-14,0.0622901898819171,0.0622901916669305
2019-12-15,0.0622901963232332,0.0622902113929901
2019-12-16,0.0622901983951525,0.0622902138853393
2019-12-17,0.0622902039371982,0.0622902075980568
2019-12-18,0.0622902078442497,0.0622902139047027
2019-12-19,0.0622902102657122,0.0622902180719003
2019-12-20,0.0622902107026401,0.0622902197018606
2019-12-21,0.0622902138852033,0.0622902197594791
2019-12-22,0.0622902179233425,0.0622902229529175
2019-12-23,0.062290220781746,0.062290226885155
2019-12-24,0.0622902228973521,0.0622902293994156
2019-12-25,0.0622902255555796,0.062290231181976
2019-12-26,0.0622902287381387,0.062290233683753
2019-12-27,0.0622902336684566,0.0622902367176725
2019-12-28,0.0622902366142426,0.0622902413418868
2019-12-29,0.0622902393598526,0.0622902439712372
2019-12-30,0.0622902428482622,0.0622902463745348
2019-12-31,0.062290247716591,0.0622902496562989
2020-01-01,0.0622902501380487,0.0622902542874866
2020-01-02,0.0622902506806562,0.0622902564085153
2020-01-03,0.0622902519223721,0.0622902566924535
2020-01-04,0.0622902551740181,0.062290257889995
2020-01-05,0.0622902588626031,0.0622902611334243
2020-01-06,0.062290260541256,0.0622902646086215
2020-01-07,0.0622902625003692,0.0622902659732748
2020-01-08,0.0622902659450854,0.0622902676886359
2020-01-09,0.0622902707006067,0.0622902710175505
2020-01-10,0.0622902740396313,0.0622902755354318
2020-01-11,0.06229027678523,0.0622902785050915
2020-01-12,0.0622902801862396,0.0622902808920391
2020-01-13,0.0622902852913095,0.0622902840760415
2020-01-14,0.06229028897989,0.0622902889382038
2020-01-15,0.0622902910081,0.0622902922950748
2020-01-16,0.0622902913942117,0.0622902939716901
2020-01-17,0.0622902935535,0.0622902942318212
2020-01-18,0.0622902968488332,0.0622902963704397
2020-01-19,0.0622902992885643,0.0622902995963134
2020-01-20,0.0622902991940424,0.0622903017973059
2020-01-21,0.0622903003483592,0.0622903014857253
2020-01-22,0.0622903039241273,0.062290302564217
2020-01-23,0.0622903074562024,0.0622903061247061
2020-01-24,0.0622903094152914,0.0622903094443975
2020-01-25,0.0622903114617629,0.0622903110437031
2020-01-26,0.0622903150375231,0.0622903128487815
2020-01-27,0.0622903190502283,0.062290316293435
2020-01-28,0.0622903227570684,0.0622903200814405
2020-01-29,0.062290323929649,0.0622903234237181
2020-01-30,0.0622903262200142,0.0622903243300471
2020-01-31,0.0622903312631158,0.0622903264441871
2020-02-01,0.0622903344456184,0.0622903313497452
2020-02-02,0.0622903353814632,0.0622903342797934
2020-02-03,0.06229033535604,0.0622903348544216
2020-02-04,0.0622903389754917,0.062290334743984
2020-02-05,0.0622903422453771,0.0622903383706426
2020-02-06,0.0622903456463444,0.0622903415364135
2020-02-07,0.0622903477801812,0.0622903445413456
2020-02-08,0.0622903491712246,0.0622903463793416
2020-02-09,0.0622903549753607,0.0622903476244248
2020-02-10,0.0622903588132551,0.0622903532026591
2020-02-11,0.0622903615151035,0.0622903568085713
2020-02-12,0.0622903629935342,0.0622903590485708
2020-02-13,0.0622903654149629,0.0622903602941228
2020-02-14,0.0622903685537484,0.0622903626530299
2020-02-15,0.0622903721294695,0.0622903656674149
2020-02-16,0.0622903724281393,0.0622903689826461
2020-02-17,0.0622903722898592,0.0622903690677592
2020-02-18,0.0622903741869589,0.0622903688180729
2020-02-19,0.0622903815203681,0.0622903707668645
2020-02-20,0.0622903812509954,0.0622903779197829
2020-02-21,0.0622903833847869,0.0622903773735892
2020-02-22,0.0622903869168001,0.0622903790156357
2020-02-23,0.0622903910787657,0.06229038256163
2020-02-24,0.0622903949166268,0.0622903865809182
2020-02-25,0.0622903981864492,0.062290389969228
2020-02-26,0.0622904011067265,0.0622903928947634
2020-02-27,0.062290404070704,0.0622903955749663
2020-02-28,0.0622904094815472,0.0622903983321064
2020-02-29,0.0622904105921192,0.0622904034527998
2020-03-01,0.0622904111529103,0.0622904043433879
2020-03-02,0.0622904145792934,0.0622904046410218
2020-03-03,0.0622904180421056,0.0622904080208714
2020-03-04,0.0622904199828631,0.0622904114201966
2020-03-05,0.062290422553574,0.0622904130281628
2020-03-06,0.062290423594985,0.0622904153145201
2020-03-07,0.0622904266463083,0.0622904162976248
2020-03-08,0.0622904298723988,0.0622904191821775
2020-03-09,0.0622904339469113,0.062290422241121
2020-03-10,0.0622904359313579,0.0622904260051107
2020-03-11,0.0622903348141871,0.0622904277022886
2020-03-12,0.0622902336970164,0.0622903297092276
2020-03-13,0.0622901325798456,0.0622902340887513
2020-03-14,0.0622901340400723,0.0622901447665273
2020-03-15,0.0622901358244477,0.062290153264883
2020-03-16,0.0622901381585408,0.062290156908608
2020-03-17,0.0622901407040615,0.0622901552944035
2020-03-18,0.06229014264491,0.0622901553738644
2020-03-19,0.0622901442545139,0.0622901575923729
2020-03-20,0.062290146738001,0.0622901589587281
2020-03-21,0.0622901504012218,0.0622901610864264
2020-03-22,0.0622901548072436,0.0622901645286947
2020-03-23,0.0622901577022602,0.0622901686423171
2020-03-24,0.0622901609539208,0.0622901711828917
2020-03-25,0.0622901656220956,0.0622901741026227
2020-03-26,0.0622901678433955,0.0622901785244076
2020-03-27,0.0622901692598881,0.0622901805198324
2020-03-28,0.0622901748893162,0.0622901816595546
2020-03-29,0.0622901778351115,0.0622901870801298
2020-03-30,0.0622901803622633,0.062290189873549
2020-03-31,0.0622901835011155,0.062290191971821
2020-04-01,0.0622901857478039,0.0622901948762477
2020-04-02,0.0622901883186429,0.0622901970265253
2020-04-03,0.0622901925498327,0.0622901993678719
2020-04-04,0.062290194534343,0.0622902033612576
2020-04-05,0.0622901978042773,0.0622902051451732
2020-04-06,0.0622902027345819,0.0622902080945507
2020-04-07,0.0622902045006158,0.0622902127903711
2020-04-08,0.0622902072899044,0.0622902143298237
2020-04-09,0.0622902123512832,0.0622902167696379
2020-04-10,0.0622902160398614,0.0622902216451071
2020-04-11,0.0622902187854366,0.0622902250875413
2020-04-12,0.0622902222992213,0.0622902274182685
2020-04-13,0.0622902269236557,0.0622902306683402
2020-04-14,0.0622902300005174,0.0622902350858696
2020-04-15,0.0622902313915705,0.0622902378661358
2020-04-16,0.0622902356481511,0.0622902389660183
2020-04-17,0.0622902386995898,0.0622902430183899
2020-04-18,0.0622902410336325,0.0622902459541034
2020-04-19,0.0622902427559592,0.0622902479701429
2020-04-20,0.0622902472492852,0.0622902494797277
2020-04-21,0.0622902517243517,0.0622902538070106
2020-04-22,0.0622902549068545,0.0622902580369213
2020-04-23,0.0622902578963106,0.0622902608151606
2020-04-24,0.0622902631141549,0.0622902634646409
2020-04-25,0.0622902662783887,0.0622902684367162
2020-04-26,0.0622902699852129,0.0622902713529496
2020-04-27,0.0622902739359272,0.0622902746568555
2020-04-28,0.062290277711878,0.0622902783454011
2020-04-29,0.0622902814441352,0.0622902818680884
2020-04-30,0.0622902831227694,0.0622902852722962
2020-05-01,0.0622902866802351,0.0622902867249523
2020-05-02,0.0622902909805098,0.0622902900524556
2020-05-03,0.0622902954555602,0.0622902941736502
2020-05-04,0.062290297396353,0.0622902983039581
2020-05-05,0.0622902999925539,0.0622902999009974
2020-05-06,0.0622903034626423,0.0622903022496263
2020-05-07,0.0622903070201204,0.0622903056022883
2020-05-08,0.062290312281661,0.0622903089418777
2020-05-09,0.0622903145720065,0.0622903138107011
2020-05-10,0.0622903178673225,0.062290315807718
2020-05-11,0.0622903212937158,0.062290318764745
2020-05-12,0.0622903242394746,0.0622903220235823
2020-05-13,0.0622903283649716,0.0622903247606556
2020-05-14,0.062290331904189,0.0622903285640575
2020-05-15,0.06229033388869,0.0622903318462318
2020-05-16,0.0622903354362312,0.062290333565134
2020-05-17,0.0622903374644119,0.0622903349262048
2020-05-18,0.0622903423581531,0.0622903368845533
2020-05-19,0.0622903436181084,0.0622903415911812
2020-05-20,0.0622903471136274,0.0622903426402694
2020-05-21,0.0622903523569233,0.0622903457593086
2020-05-22,0.0622903553026918,0.0622903507991395
2020-05-23,0.0622903565880817,0.0622903534709797
2020-05-24,0.0622903616748438,0.0622903543886859
2020-05-25,0.0622903658257894,0.0622903592610635
2020-05-26,0.0622903711747345,0.062290363268033
2020-05-27,0.0622903718738512,0.0622903681171485
2020-05-28,0.0622903749069975,0.0622903685102376
2020-05-29,0.0622903801066164,0.0622903713028348
2020-05-30,0.0622903809987528,0.0622903763956167
2020-05-31,0.0622903844688627,0.0622903770974474
2020-06-01,0.0622903857796885,0.0622903801540124
2020-06-02,0.0622903912160155,0.0622903814458701
2020-06-03,0.0622903928327134,0.0622903866205286
2020-06-04,0.0622903937685559,0.0622903880315894
2020-06-05,0.0622904006722291,0.0622903886777735
2020-06-06,0.062290405041654,0.0622903953399515
2020-06-07,0.0622904079691893,0.0622903995295684
2020-06-08,0.0622904123751039,0.0622904018807477
2020-06-09,0.0622904162201994,0.0622904059177951
2020-06-10,0.062290418685327,0.0622904096211049
2020-06-11,0.062290421700241,0.0622904117885388
2020-06-12,0.0622904232040959,0.0622904145275512
2020-06-13,0.0622904270054952,0.0622904159343197
2020-06-14,0.0622904313931667,0.0622904195238677
2020-06-15,0.0622904312621029,0.0622904236850378
2020-06-16,0.0622904340585406,0.0622904233270456
2020-06-17,0.0622904379218846,0.0622904258508561
2020-06-18,0.0622902820651374,0.0622904296961944
2020-06-19,0.0622902800552365,0.0622902787668353
2020-06-20,0.0622902818212587,0.062290279975223
2020-06-21,0.0622902887249248,0.0622902913931557
2020-06-22,0.0622902927630397,0.0622902962139733
2020-06-23,0.0622902938554126,0.0622902953489052
2020-06-24,0.0622902980246001,0.0622902965962026
2020-06-25,0.0622903016512249,0.0622903007828408
2020-06-26,0.0622903043602758,0.0622903041099033
2020-06-27,0.0622903058458867,0.0622903063907701
2020-06-28,0.0622903083983947,0.0622903076479747
2020-06-29,0.0622903117628492,0.0622903100855561
2020-06-30,0.062290313747337,0.0622903133101997
2020-07-01,0.0622903149270928,0.0622903150758431
2020-07-02,0.0622903169552693,0.0622903160341447
2020-07-03,0.0622903196206238,0.0622903179637342
2020-07-04,0.0622903228976904,0.0622903205398848
2020-07-05,0.0622903249513134,0.0622903235840447
2020-07-06,0.0622903278096735,0.0622903253871927
2020-07-07,0.06229033235387,0.0622903279991565
2020-07-08,0.0622903350811539,0.0622903323208117
2020-07-09,0.0622903371530079,0.0622903347933522
2020-07-10,0.0622903413221816,0.0622903365410901
2020-07-11,0.0622903444244689,0.0622903404951421
2020-07-12,0.0622903460593907,0.062290343435411
2020-07-13,0.062290348786662,0.0622903447788786
2020-07-14,0.062290350971359,0.0622903472913557
2020-07-15,0.0622903524132717,0.0622903494010962
2020-07-16,0.0622903543795065,0.0622903506761326
2020-07-17,0.0622903571941488,0.0622903524787196
2020-07-18,0.0622903599031747,0.0622903551729465
2020-07-19,0.0622903630491495,0.0622903576862535
2020-07-20,0.0622903647277519,0.0622903605550335
2020-07-21,0.0622903670435311,0.0622903620330729
2020-07-22,0.0622903715622492,0.0622903641546429
2020-07-23,0.062290374227581,0.0622903684791793
2020-07-24,0.0622903763868218,0.062290370916668
2020-07-25,0.062290379114075,0.0622903727365047
2020-07-26,0.0622903818850266,0.0622903752838161
2020-07-27,0.0622903854424627,0.0622903779306563
2020-07-28,0.0622903864656468,0.0622903812292148
2020-07-29,0.0622903891309693,0.062290382054452
2020-07-30,0.0622903920329964,0.0622903845022386
2020-07-31,0.0622903929942566,0.0622903873061679
2020-08-01,0.0622903948476254,0.0622903881121997
2020-08-02,0.062290398343131,0.0622903897553693
2020-08-03,0.0622904012451569,0.0622903931481711
2020-08-04,0.0622904045222047,0.0622903958554819
2020-08-05,0.0622904079485499,0.062290398786226
2020-08-06,0.0622904107814049,0.0622904019466958
2020-08-07,0.0622904159555128,0.0622904045472807
2020-08-08,0.0622904191196943,0.0622904093915979
2020-08-09,0.0622904217340681,0.062290412289813
2020-08-10,0.0622904247489373,0.0622904145562521
2020-08-11,0.0622904276946527,0.0622904173572225
2020-08-12,0.0622904286741283,0.0622904201591159
2020-08-13,0.0622904305711761,0.0622904209616174
2020-08-14,0.0622904327121647,0.0622904226928469
2020-08-15,0.0622904350898484,0.0622904247806712
2020-08-16,0.062290436768421,0.062290427005366
2020-08-17,0.0622904390150175,0.062290428486193
2020-08-18,0.062290443122239,0.0622904305570706
2020-08-19,0.062290445587311,0.0622904344679871
2020-08-20,0.0622904472221936,0.0622904367062384
2020-08-21,0.062290450710438,0.0622904380493477
2020-08-22,0.0622904556223708,0.0622904413492095
2020-08-23,0.0622904570387822,0.0622904460675075
2020-08-24,0.0622904584734016,0.0622904471907634
2020-08-25,0.0622904623366721,0.0622904483261088
2020-08-26,0.062290464801739,0.0622904521068948
2020-08-27,0.0622904662181512,0.062290454466776
2020-08-28,0.0622904674160841,0.0622904555810425
2020-08-29,0.0622904696626767,0.0622904566420754
2020-08-30,0.0622904720403534,0.0622904588475533
2020-08-31,0.0622904747493814,0.0622904610991974
2020-09-01,0.0622904773018327,0.0622904635714195
2020-09-02,0.0622904809211475,0.0622904658972477
2020-09-03,0.0622902025867313,0.0622904692720343
2020-09-04,0.0622902033478219,0.062290199856249
2020-09-05,0.062290205394339,0.0622902065043401
2020-09-06,0.0622902129026112,0.0622902256034343
2020-09-07,0.062290216041479,0.0622902292072855
2020-09-08,0.0622902186814089,0.0622902239742272
2020-09-09,0.0622902212522456,0.0622902273660686
2020-09-10,0.0622902226067553,0.0622902302366735
2020-09-11,0.0622902248971393,0.0622902310908471
2020-09-12,0.062290226837965,0.0622902330344945
2020-09-13,0.0622902282544613,0.0622902349427556
2020-09-14,0.0622902310874661,0.062290236213477
2020-09-15,0.062290233552625,0.0622902388437626
2020-09-16,0.0622902368042734,0.0622902411647708
2020-09-17,0.0622902385266258,0.0622902441531438
2020-09-18,0.0622902432821626,0.0622902456656364
2020-09-19,0.0622902469453531,0.0622902501374803
2020-09-20,0.0622902479686021,0.0622902535753805
2020-09-21,0.0622902516317814,0.0622902542976926
2020-09-22,0.0622902560814582,0.0622902576931108
2020-09-23,0.0622902585212044,0.062290262032628
2020-09-24,0.0622902608989686,0.0622902641720408
2020-09-25,0.0622902630145708,0.0622902662039394
2020-09-26,0.0622902663536093,0.0622902682110975
2020-09-27,0.0622902680322717,0.0622902713998101
2020-09-28,0.0622902717899623,0.0622902728989859
2020-09-29,0.062290277838037,0.06229027637686
2020-09-30,0.0622902804525628,0.0622902821433027
2020-10-01,0.0622902828303213,0.0622902844217949
2020-10-02,0.0622902876295378,0.0622902863782131
2020-10-03,0.0622902915548749,0.0622902909882544
2020-10-04,0.0622902956112882,0.0622902947303359
2020-10-05,0.0622902996676955,0.0622902983518964
2020-10-06,0.0622903026754357,0.0622903020637562
2020-10-07,0.0622903080863627,0.06229030482367
2020-10-08,0.0622903118186445,0.0622903098918156
2020-10-09,0.0622903130349328,0.0622903133485273
2020-10-10,0.0622903165487367,0.0622903142528133
2020-10-11,0.0622903199751579,0.0622903175385991
2020-10-12,0.0622903222655317,0.0622903208944102
2020-10-13,0.0622903242063525,0.0622903229220201
2020-10-14,0.0622903268462754,0.0622903246017891
2020-10-15,0.0622903314269994,0.0622903271179013
2020-10-16,0.0622903356836011,0.0622903314926294
2020-10-17,0.0622903387350251,0.0622903354222096
2020-10-18,0.0622903420740509,0.0622903380817289
2020-10-19,0.0622903477034316,0.0622903411167096
2020-10-20,0.0622903537260604,0.0622903464807819
2020-10-21,0.0622903558161965,0.0622903521210615
2020-10-22,0.0622903590678288,0.0622903537772191
2020-10-23,0.0622903631933446,0.0622903566668148
2020-10-24,0.0622903665760554,0.0622903606890265
2020-10-25,0.0622903705267829,0.062290363847964
2020-10-26,0.0622903733414709,0.0622903674158864
2020-10-27,0.0622903779476237,0.0622903699852565
2020-10-28,0.0622903814431493,0.0622903742960661
2020-10-29,0.0622903845199907,0.0622903775357671
2020-10-30,0.0622903914164766,0.0622903802878373
2020-10-31,0.0622903963467282,0.0622903868053781
2020-11-01,0.0622904000972257,0.0622903914034893
2020-11-02,0.06229040655675,0.0622903946252903
2020-11-03,0.0622904134969165,0.0622904006529622
2020-11-04,0.0622904164172215,0.0622904072488986
2020-11-05,0.0622904202368536,0.0622904096898384
2020-11-06,0.0622904255166329,0.0622904130613463
2020-11-07,0.0622904313024991,0.062290418171443
2020-11-08,0.0622904349691987,0.0622904236337059
2020-11-09,0.0622904386358982,0.0622904268308363
2020-11-10,0.0622904423025978,0.0622904301107068
2020-11-11,0.0622904459692973,0.0622904335743993
2020-11-12,0.0622904493956774,0.0622904370086377
2020-11-13,0.0622904567290613,0.0622904401436502
2020-11-14,0.0622904593689355,0.0622904470773645
2020-11-15,0.0622904666403974,0.0622904494054306
2020-11-16,0.0622904713521346,0.0622904560697829
2020-11-17,0.0622904757580029,0.0622904604875913
2020-11-18,0.0622904800582508,0.0622904644337652
2020-11-19,0.0622904845078122,0.0622904683493085
2020-11-20,0.0622904900751892,0.0622904725443325
2020-11-21,0.0622904931519942,0.0622904777393515
2020-11-22,0.0622904975396192,0.0622904804799066
2020-11-23,0.0622905068464553,0.0622904844830546
2020-11-24,0.0622905120205822,0.0622904933889864
2020-11-25,0.0622905140050304,0.0622904981054492
2020-11-26,0.0622905184800386,0.0622904994651037
2020-11-27,0.0622905258388582,0.0622905036689585
2020-11-28,0.0622905320616356,0.0622905108904407
2020-11-29,0.0622905413175137,0.0622905166082949
2020-11-30,0.062290545242721,0.0622905250617924
2020-12-01,0.0622905533625567,0.0622905285033884
2020-12-02,0.0622905603463423,0.0622905359899149
2020-12-03,0.0622903611195699,0.0622905425923481
2020-12-04,0.062290364127184,0.0622903494848631
2020-12-05,0.0622903666796478,0.0622903564677186
2020-12-06,0.0622903779709146,0.0622903713645649
2020-12-07,0.062290382533292,0.0622903796013224
2020-12-08,0.0622903873141462,0.0622903779092898
2020-12-09,0.0622903954157372,0.062290382810314
2020-12-10,0.06229039726909,0.0622903908272245
2020-12-11,0.0622904018314641,0.0622903921733616
2020-12-12,0.0622904053888833,0.0622903960681596
2020-12-13,0.0622904109744314,0.062290399562504
2020-12-14,0.0622904154931105,0.0622904048532782
2020-12-15,0.0622904198115228,0.0622904089507083
2020-12-16,0.0622904247671514,0.0622904128516994
2020-12-17,0.0622900924175475,0.0622904174448741
2020-12-18,0.062290094944723,0.0622900957427855
2020-12-19,0.0622900981963807,0.0622901052509204
2020-12-20,0.0622901037638094,0.0622901288406537
2020-12-21,0.0622901083699822,0.062290129754935
2020-12-22,0.0622901123207376,0.0622901243807032
2020-12-23,0.0622901173018426,0.0622901294509729
2020-12-24,0.0622901211215229,0.0622901346304929
2020-12-25,0.0622901252470588,0.0622901375984039
2020-12-26,0.0622901290230384,0.0622901411525754
2020-12-27,0.0622901339096799,0.062290144729563
2020-12-28,0.0622901384467654,0.0622901492941326
2020-12-29,0.0622901435955696,0.0622901534633099
2020-12-30,0.0622901490502235,0.062290158196114
2020-12-31,0.0622901547233515,0.0622901632439334
2021-01-01,0.0622901598975418,0.0622901684818044
2021-01-02,0.0622901642161512,0.0622901732069199
2021-01-03,0.0622901678610406,0.0622901771239597
2021-01-04,0.0622901715059366,0.0622901804492119
2021-01-05,0.0622901758062458,0.0622901838385939
2021-01-06,0.0622901786392483,0.0622901878767797
2021-01-07,0.062290222188266,0.0622901904508578
2021-01-08,0.0622901838754161,0.0622902323935244
2021-01-09,0.0622901873892311,0.0622901943581385
2021-01-10,0.0622901897852895,0.0622901960709175
2021-01-11,0.0622901923998148,0.0622902012923383
2021-01-12,0.0622901990778959,0.0622902042860992
2021-01-13,0.0622902015176484,0.0622902092902915
2021-01-14,0.0622902049623599,0.0622902115926578
2021-01-15,0.0622902095248288,0.0622902146921775
2021-01-16,0.0622902131443168,0.0622902189872589
2021-01-17,0.0622902167201062,0.0622902223572012
2021-01-18,0.0622902201465278,0.0622902255562867
2021-01-19,0.0622902243777275,0.0622902287160013
2021-01-20,0.0622902260126964,0.0622902326840345
2021-01-21,0.0622902295702009,0.0622902340952873
2021-01-22,0.0622902316857988,0.0622902373718955
2021-01-23,0.0622902342820308,0.0622902393819818
2021-01-24,0.0622902386006193,0.0622902417593732
2021-01-25,0.0622902408655805,0.0622902458270415
2021-01-26,0.0622902449219966,0.0622902478882483
2021-01-27,0.0622902501144558,0.0622902515835027
2021-01-28,0.0622903274021401,0.0622902565005277
2021-01-29,0.0622903315896415,0.0622903310560599
2021-01-30,0.0622903362140753,0.0622903332131958
2021-01-31,0.0622903410752386,0.0622903330400151
2021-02-01,0.0622903425608408,0.0622903385378239
2021-02-02,0.0622903460055303,0.0622903418314391
2021-02-03,0.0622903475094104,0.0622903446483023
2021-02-04,0.062290351915373,0.0622903459946457
2021-02-05,0.0622903557533073,0.0622903502812662
2021-02-06,0.0622903573008756,0.0622903539176853
2021-02-07,0.0622903592162575,0.0622903551551056
2021-02-08,0.0622903637532954,0.0622903568342479
2021-02-09,0.0622903668921186,0.0622903612619898
2021-02-10,0.0622903697870283,0.0622903641962846
2021-02-11,0.0622903728821432,0.0622903666994351
2021-02-12,0.0622903764142034,0.0622903695482084
2021-02-13,0.0622903808638319,0.0622903728901194
2021-02-14,0.062290385400846,0.062290377036442
2021-02-15,0.0622903877531567,0.0622903812178525
2021-02-16,0.062290392377563,0.0622903832483049
2021-02-17,0.0622903960843878,0.062290387541973
2021-02-18,0.0622903964085069,0.0622903910551188
2021-02-19,0.0622904013824563,0.0622903911459144
2021-02-20,0.062290403891292,0.062290395831161
2021-02-21,0.0622904065494442,0.0622903983025673
2021-02-22,0.0622904103873295,0.0622904006101265
2021-02-23,0.0622904147495523,0.0622904041673507
2021-02-24,0.0622904202660593,0.0622904083181667
2021-02-25,0.0622904241476457,0.0622904134176848
2021-02-26,0.0622904273737922,0.0622904168948367
2021-02-27,0.0622904325224959,0.0622904197530389
2021-02-28,0.0622904366225305,0.0622904246094914
2021-03-01,0.0622904401545335,0.0622904284542494
2021-03-02,0.0622904462645008,0.06229043159538
2021-03-03,0.062290449053707,0.0622904373212667
2021-03-04,0.0622904536598305,0.0622904398623618
2021-03-05,0.0622904560120812,0.0622904440276975
2021-03-06,0.062290459281911,0.062290446193284
2021-03-07,0.0622904640373446,0.0622904492224322
2021-03-08,0.0622904666080641,0.0622904537239049
2021-03-09,0.0622904688037538,0.0622904560548737
2021-03-10,0.0622904731659106,0.0622904579284345
2021-03-11,0.0622904771785235,0.0622904620892585
2021-03-12,0.0622904807978821,0.0622904659015147
2021-03-13,0.0622904839366015,0.0622904691303159
2021-03-14,0.0622904889541635,0.0622904719494766
2021-03-15,0.062290495544716,0.0622904766873278
2021-03-16,0.0622904985960392,0.0622904829077459
2021-03-17,0.0622905026960092,0.0622904855329411
2021-03-18,0.0622901003449604,0.0622904891707878
2021-03-19,0.062290099245559,0.0622900998587256
2021-03-20,0.0622900998755902,0.0622901074754681
2021-03-21,0.0622901088257935,0.0622901328312156
2021-03-22,0.0622901131698227,0.062290136352631
2021-03-23,0.0622901173573744,0.062290128767907
2021-03-24,0.0622901205836507,0.0622901340594414
2021-03-25,0.0622901244216428,0.0622901376543197
2021-03-26,0.0622901301384899,0.0622901406530693
2021-03-27,0.062290135112527,0.0622901457885874
2021-03-28,0.0622901385135669,0.0622901504806318
2021-03-29,0.0622901434002007,0.0622901534376863
2021-03-30,0.0622901481811489,0.0622901579298406
2021-03-31,0.0622901520628217,0.0622901624530836
2021-04-01,0.0622901562320445,0.0622901659705768
2021-04-02,0.0622901588902699,0.0622901697626375
2021-04-03,0.0622901633399603,0.0622901721957852
2021-04-04,0.0622901658051131,0.0622901763588546
2021-04-05,0.0622901678516181,0.0622901786277097
2021-04-06,0.0622901733936345,0.0622901804195347
2021-04-07,0.0622901761392423,0.0622901857053953
2021-04-08,0.0622901789722355,0.062290188265467
2021-04-09,0.062290182354944,0.0622901906884228
2021-04-10,0.0622901871978465,0.0622901938506386
2021-04-11,0.0622901919096688,0.0622901984790963
2021-04-12,0.0622901940689527,0.0622902028186014
2021-04-13,0.0622901990866237,0.0622902046167495
2021-04-14,0.062290203667359,0.0622902092892206
2021-04-15,0.0622902092347638,0.0622902136680101
2021-04-16,0.0622902108879943,0.0622902187880964
2021-04-17,0.0622902156252118,0.0622902200911417
2021-04-18,0.062290221061534,0.0622902244938837
2021-04-19,0.0622902262102861,0.0622902297371225
2021-04-20,0.0622902303357833,0.0622902344673636
2021-04-21,0.0622902348982209,0.0622902380991682
2021-04-22,0.0622902405093196,0.0622902423097141
2021-04-23,0.0622902437609371,0.0622902475967949
2021-04-24,0.0622902473803764,0.0622902505152174
2021-04-25,0.0622902538216656,0.0622902537560248
2021-04-26,0.062290260131872,0.0622902598990754
2021-04-27,0.0622902641262886,0.0622902658293432
2021-04-28,0.0622902680333128,0.0622902692785261
2021-04-29,0.0622902747804413,0.0622902727589061
2021-04-30,0.0622902803915418,0.0622902792143952
2021-05-01,0.0622902831188334,0.0622902844627222
2021-05-02,0.0622902862830581,0.0622902866991329
2021-05-03,0.0622902918687241,0.0622902895421932
2021-05-04,0.0622902976982921,0.0622902949670661
2021-05-05,0.0622902994206081,0.0622903004597897
2021-05-06,0.0622903029343828,0.0622903017477194
2021-05-07,0.0622903064918599,0.0622903049086825
2021-05-08,0.0622903091754572,0.0622903083994942
2021-05-09,0.0622903120775166,0.0622903108683383
2021-05-10,0.0622903170768865,0.062290313464776
2021-05-11,0.0622903223201682,0.0622903182154546
2021-05-12,0.0622903263765492,0.062290323133152
2021-05-13,0.0622903263666221,0.0622903267356186
2021-05-14,0.0622903352646853,0.0622903264534772
2021-05-15,0.0622903418370519,0.0622903350164738
2021-05-16,0.062290347185981,0.0622903413641007
2021-05-17,0.0622903496765408,0.0622903459408738
2021-05-18,0.0622903553094936,0.0622903479311652
2021-05-19,0.0622903609424465,0.0622903533460121
2021-05-20,0.0622903619911011,0.0622903587469811
2021-05-21,0.0622903685634754,0.062290359436025
2021-05-22,0.0622903710540311,0.0622903655511309
2021-05-23,0.0622903753543112,0.0622903679861582
2021-05-24,0.0622903799604522,0.0622903718460208
2021-05-25,0.0622903848542017,0.0622903761429758
2021-05-26,0.0622903889614399,0.0622903807318769
2021-05-27,0.0622903928247823,0.0622903844259567
2021-05-28,0.0622903992915271,0.0622903879402305
2021-05-29,0.0622904020879541,0.062290394044171
2021-05-30,0.0622904062571458,0.0622903965469339
2021-05-31,0.0622904112128434,0.0622904002695116
2021-06-01,0.0622904148140265,0.0622904049807264
2021-06-02,0.0622902350312025,0.0622904083098475
2021-06-03,0.0622902375217736,0.0622902341043524
2021-06-04,0.06229024009974,0.062290240360259
2021-06-05,0.0622902445747952,0.0622902539765064
2021-06-06,0.0622902470653666,0.0622902558135111
2021-06-07,0.0622902512163103,0.0622902528313386
2021-06-08,0.0622902551924971,0.0622902574801811
2021-06-09,0.0622902581382682,0.062290261518895
2021-06-10,0.062290262813546,0.0622902638603134
2021-06-11,0.062290266458422,0.0622902680695305
2021-06-12,0.0622902716143463,0.062290271522312
2021-06-13,0.0622902739921005,0.0622902762796128
2021-06-14,0.062290279603209,0.0622902783569038
2021-06-15,0.0622902859825564,0.0622902835869604
2021-06-16,0.062290288779005,0.0622902896475645
2021-06-17,0.0622902926423508,0.0622902920313747
2021-06-18,0.0622902975361073,0.0622902954381881
2021-06-19,0.062290302560949,0.0622903001515026
2021-06-20,0.062290303828101,0.0622903048697692
2021-06-21,0.062290307909916,0.0622903057852458
2021-06-22,0.0622903099198519,0.0622903095606827
2021-06-23,0.0622903167798617,0.0622903115368843
2021-06-24,0.0622903192449917,0.0622903180190344
2021-06-25,0.0622903211675487,0.0622903201972141
2021-06-26,0.0622903265419374,0.0622903217237332
2021-06-27,0.0622903318726352,0.0622903268684359
2021-06-28,0.0622903355175065,0.0622903320083475
2021-06-29,0.0622903384887219,0.0622903351572245
2021-06-30,0.0622903447989342,0.0622903377353292
2021-07-01,0.062290349055528,0.0622903437761753
2021-07-02,0.0622903501915897,0.0622903477558373
2021-07-03,0.06229035556597,0.0622903484891681
2021-07-04,0.0622903590360574,0.0622903535557139
2021-07-05,0.0622903630996302,0.0622903569561303
2021-07-06,0.062290364410467,0.0622903605939008
2021-07-07,0.0622903699596222,0.0622903616403145
2021-07-08,0.0622903736736247,0.0622903669313443
2021-07-09,0.0622903767941692,0.0622903704605578
2021-07-10,0.0622903798964582,0.0622903731709196
2021-07-11,0.0622903835850135,0.0622903759721118
2021-07-12,0.0622903886098366,0.0622903794869314
2021-07-13,0.0622903925605608,0.0622903842056093
2021-07-14,0.0622903945887418,0.0622903878004345
2021-07-15,0.0622903987142189,0.0622903894958149
2021-07-16,0.0622904022534488,0.0622903933631594
2021-07-17,0.0622904048059506,0.0622903967534833
2021-07-18,0.0622904056798269,0.0622903990102129
2021-07-19,0.0622904097179112,0.0622903996770067
2021-07-20,0.0622904152670871,0.0622904035676557
2021-07-21,0.0622904153727196,0.0622904089165345
2021-07-22,0.0622904194799521,0.0622904087172196
2021-07-23,0.0622904278255129,0.0622904124168878
2021-07-24,0.0622904307093216,0.0622904205842386
2021-07-25,0.0622904352280495,0.0622904230876793
2021-07-26,0.0622904373690471,0.0622904269125965
2021-07-27,0.0622904424120897,0.0622904289344116
2021-07-28,0.0622904480668553,0.0622904337602539
2021-07-29,0.0622904510745228,0.0622904390890089
2021-07-30,0.0622904555495365,0.0622904417034069
2021-07-31,0.0622904595439198,0.0622904457405984
2021-08-01,0.062290462471416,0.0622904495346176
2021-08-02,0.0622904637567662,0.0622904521880418
2021-08-03,0.0622904666405586,0.0622904532396989
2021-08-04,0.062290470529318,0.0622904559893259
2021-08-05,0.0622904727759357,0.0622904597497991
2021-08-06,0.0622904758527322,0.0622904617446013
2021-08-07,0.0622904787365234,0.0622904644972298
2021-08-08,0.0622904844349702,0.062290467215211
2021-08-09,0.0622904884730416,0.0622904726095007
2021-08-10,0.0622904903009366,0.0622904763010272
2021-08-11,0.0622903494931543,0.0622904777476226
2021-08-12,0.0622903491181171,0.0622903413839799
2021-08-13,0.0622903555156576,0.062290344165537
2021-08-14,0.0622903581554998,0.0622903590906667
2021-08-15,0.0622903603766291,0.0622903597066916
2021-08-16,0.0622903635225804,0.0622903573627372
2021-08-17,0.0622903661624346,0.0622903609432409
2021-08-18,0.062290369982014,0.0622903637558532
2021-08-19,0.0622903713984219,0.0622903670310311
2021-08-20,0.0622903748502369,0.0622903681512007
2021-08-21,0.0622903789756814,0.0622903713864184
2021-08-22,0.0622903817902938,0.0622903753292989
2021-08-23,0.0622903865711447,0.062290377854085
2021-08-24,0.0622903917634694,0.0622903822352318
2021-08-25,0.0622903924807765,0.0622903871305881
2021-08-26,0.0622903974983134,0.0622903875631306
2021-08-27,0.0622904044383735,0.0622903922062837
2021-08-28,0.0622904108796055,0.0622903989590432
2021-08-29,0.0622904161156108,0.0622904048733328
2021-08-30,0.0622904184495895,0.0622904094354161
2021-08-31,0.0622904200844591,0.062290411417894
2021-09-01,0.062290423842132,0.0622904128989008
2021-09-02,0.0622904251711477,0.0622904165717246
2021-09-03,0.0622904275925127,0.062290417822613
2021-09-04,0.0622904335967949,0.0622904199746941
2021-09-05,0.0622904368483521,0.0622904257407313
2021-09-06,0.0622904385269189,0.0622904287329886
2021-09-07,0.0622904438502982,0.0622904299745673
2021-09-08,0.0622904492173777,0.0622904350286951
2021-09-09,0.0622901778841462,0.0622904402116705
2021-09-10,0.0622901825523088,0.0622901773550041
2021-09-11,0.06229018774481,0.0622901875224906
2021-09-12,0.0622901928499245,0.0622902092651296
2021-09-13,0.0622901956209476,0.0622902103712558
2021-09-14,0.0622901985413471,0.0622902048787929
2021-09-15,0.0622902022736329,0.062290208818345
2021-09-16,0.0622902060933148,0.0622902128625901
2021-09-17,0.0622902092575822,0.0622902159767538
2021-09-18,0.0622902111547222,0.0622902186511425
2021-09-19,0.0622902145811518,0.0622902203827599
2021-09-20,0.0622902197553488,0.0622902236074739
2021-09-21,0.0622902225700621,0.0622902285356515
2021-09-22,0.0622902286364328,0.0622902310332811
2021-09-23,0.0622902356203799,0.0622902366133192
2021-09-24,0.0622902383223106,0.062290243225616
2021-09-25,0.0622902434274084,0.0622902454893785
2021-09-26,0.0622902494063838,0.0622902500773361
2021-09-27,0.0622902555601355,0.062290255836093
2021-09-28,0.0622902606906393,0.0622902615607762
2021-09-29,0.0622902635490484,0.0622902661338233
2021-09-30,0.0622902670628649,0.0622902686229799
2021-10-01,0.0622902732857147,0.062290271885714
2021-10-02,0.0622902793774915,0.0622902778697314
2021-10-03,0.062290282891315,0.0622902835677513
2021-10-04,0.0622902872099134,0.0622902865613593
2021-10-05,0.0622902933016871,0.0622902904645774
2021-10-06,0.0622902986069631,0.0622902962979111
2021-10-07,0.0622903037120485,0.0622903012266223
2021-10-08,0.062290311263999,0.0622903058031416
2021-10-09,0.0622903169808016,0.0622903128638723
2021-10-10,0.0622903229160752,0.0622903181505279
2021-10-11,0.0622903282213448,0.0622903234982203
2021-10-12,0.0622903345498615,0.0622903283710783
2021-10-13,0.0622903413844308,0.0622903342869739
2021-10-14,0.0622903450730271,0.0622903406472784
2021-10-15,0.0622903492168279,0.0622903438913961
2021-10-16,0.0622903540668835,0.0622903476151147
2021-10-17,0.0622903608577695,0.0622903522418003
2021-10-18,0.0622903649832939,0.062290358670816
2021-10-19,0.062290370132056,0.0622903623471969
2021-10-20,0.0622903763112073,0.0622903669904551
2021-10-21,0.0622903827708045,0.0622903728219342
2021-10-22,0.0622903877010876,0.0622903788507409
2021-10-23,0.0622903923437739,0.0622903832563064
2021-10-24,0.0622903979111972,0.0622903874543119
2021-10-25,0.0622904064680842,0.0622903926833206
2021-10-26,0.0622904117916035,0.0622904007794335
2021-10-27,0.0622904159171266,0.0622904055749982
2021-10-28,0.0622904258976571,0.0622904091127669
2021-10-29,0.0622904309407519,0.062290418609466
2021-10-30,0.0622904408338836,0.0622904233120271
2021-10-31,0.0622904478432091,0.0622904323300705
2021-11-01,0.0622904517502567,0.0622904388099823
2021-11-02,0.0622904581478686,0.0622904421742355
2021-11-03,0.0622904725851874,0.062290448084107
2021-11-04,0.0622904797875367,0.0622904620173696
2021-11-05,0.0622902557608798,0.0622904684969742
2021-11-06,0.0622902572647355,0.0622902508833031
2021-11-07,0.0622902613210981,0.0622902571157998
2021-11-08,0.0622902768507498,0.0622902752014216
2021-11-09,0.0622902836598455,0.0622902872351014
2021-11-10,0.0622902897078821,0.0622902867915002
2021-11-11,0.0622902966297933,0.0622902927183115
2021-11-12,0.0622903012796184,0.0622902995805921
2021-11-13,0.0622903062353075,0.0622903036813592
2021-11-14,0.0622903102297171,0.0622903080089766
2021-11-15,0.0622903151234499,0.0622903117586111
2021-11-16,0.0622903219579734,0.0622903163479736
2021-11-17,0.0622903266514931,0.0622903227668751
2021-11-18,0.0622903314069417,0.0622903270309624
2021-11-19,0.0622903364682382,0.0622903312760455
2021-11-20,0.06229034428226,0.0622903359964149
2021-11-21,0.0622903501300459,0.0622903433928696
2021-11-22,0.0622903571138749,0.0622903487371207
2021-11-23,0.0622903618510655,0.0622903550682824
2021-11-24,0.0622903684416438,0.0622903593738351
2021-11-25,0.0622903736157809,0.062290365500343
2021-11-26,0.0622903790520662,0.062290370297057
2021-11-27,0.0622903838147107,0.0622903752736164
2021-11-28,0.0622903901248862,0.0622903796424866
2021-11-29,0.0622903958233393,0.0622903855482718
2021-11-30,0.0622904028326094,0.062290390827797
2021-12-01,0.0622907837757118,0.0622903972937115
2021-12-02,0.0622907921831967,0.0622907655358162
2021-12-03,0.0622907979872625,0.0622907652181134
2021-12-04,0.0622900649682699,0.0622907475758902
2021-12-05,0.0622900672585823,0.0622900429600827
2021-12-06,0.0622900734376636,0.0622900717107017
2021-12-07,0.0622900841791318,0.0622901209974669
2021-12-08,0.0622904573009851,0.0622901209678305
2021-12-09,0.0622904611205793,0.062290460986258
2021-12-10,0.0622904683482983,0.062290459788826
2021-12-11,0.062290470507518,0.0622904453326989
2021-12-12,0.0622904732784378,0.0622904509434319
2021-12-13,0.0622904784780164,0.0622904633979032
2021-12-14,0.0622904829530171,0.0622904668735488
2021-12-15,0.0622904865104364,0.0622904705101813
2021-12-16,0.0622901769119242,0.0622904741923797
2021-12-17,0.0622901893830314,0.0622901746781748
2021-12-18,0.0622901965417665,0.0622901933485912
2021-12-19,0.0622901972337602,0.0622902191017606
2021-12-20,0.0622902088055806,0.0622902148853548
2021-12-21,0.0622902184548686,0.0622902169073578
2021-12-22,0.0622902261196142,0.0622902278673918
2021-12-23,0.0622902356814998,0.0622902350544616
2021-12-24,0.0622902448318399,0.0622902431269954
2021-12-25,0.0622902538511009,0.0622902515765084
2021-12-26,0.0622902638316342,0.0622902599464435
2021-12-27,0.0622902688310351,0.0622902691232752
2021-12-28,0.0622902793612822,0.0622902735269917
2021-12-29,0.0622902873064928,0.0622902833422749
2021-12-30,0.0622902946653806,0.0622902908447144
2021-12-31,0.0622903000326285,0.0622902974588731
2022-01-01,0.0622903063428511,0.0622903022452375
2022-01-02,0.0622903158610407,0.0622903081692146
2022-01-03,0.0622903210098215,0.0622903171999347
2022-01-04,0.0622903260966098,0.0622903218280788
2022-01-05,0.0622903335611655,0.062290326263619
2022-01-06,0.0622903391468844,0.0622903333480893
2022-01-07,0.0622903433597944,0.0622903385962962
2022-01-08,0.0622900967437125,0.0622903422654312
2022-01-09,0.0622900975921812,0.0622901034598164
2022-01-10,0.0622901000136431,0.0622901096443222
2022-01-11,0.0622901119604052,0.0622901272406841
2022-01-12,0.062290116129627,0.0622901355415128
2022-01-13,0.0622901197308165,0.0622901320980186
2022-01-14,0.0622901266710479,0.062290135990568
2022-01-15,0.0622901351842592,0.0622901430213603
2022-01-16,0.0622901447024187,0.0622901508417464
2022-01-17,0.0622901545264528,0.0622901593960076
2022-01-18,0.062290161685145,0.0622901684011228
2022-01-19,0.0622901694555451,0.0622901748357963
2022-01-20,0.0622902681461578,0.0622901819210042
2022-01-21,0.0622902721223166,0.0622902771480215
2022-01-22,0.0622902866907079,0.0622902787119096
2022-01-23,0.0622902794557557,0.0622902869454579
2022-01-24,0.0622902851288326,0.0622902808771279
2022-01-25,0.0622902910894902,0.0622902884838916
2022-01-26,0.0622902978803457,0.0622902944123587
2022-01-27,0.062290302286283,0.0622903006583604
2022-01-28,0.0622903086147616,0.0622903043768515
2022-01-29,0.0622903150743159,0.062290310305614
2022-01-30,0.0622903229757742,0.0622903163951286
2022-01-31,0.0622903313578595,0.0622903237248492
2022-02-01,0.0622903454201735,0.0622903314445856
2022-02-02,0.0622903482094215,0.0622903446348858
2022-02-03,0.0622903567845396,0.0622903467815103
2022-02-04,0.0622903692301637,0.06229035446242
2022-02-05,0.0622903811331981,0.0622903665358911
2022-02-06,0.062290391219341,0.0622903776584309
2022-02-07,0.0622903968741241,0.0622903865255184
2022-02-08,0.0622904027219369,0.0622903914400645
2022-02-09,0.0622904117848493,0.0622903968540717
2022-02-10,0.0622904176326642,0.0622904055616159
2022-02-11,0.0622904315638793,0.0622904109645181
2022-02-12,0.0622904395526995,0.0622904239594285
2022-02-13,0.0622904484590839,0.0622904312987327
2022-02-14,0.0622904586325899,0.0622904392111281
2022-02-15,0.0622904657038191,0.0622904486834652
2022-02-16,0.0622904722944121,0.0622904552326832
2022-02-17,0.0622904819181398,0.0622904611224367
2022-02-18,0.0622904899943256,0.0622904702002256
2022-02-19,0.0622904972403176,0.0622904777566307
2022-02-20,0.0622905047047797,0.0622904842506795
2022-02-21,0.0622905121947055,0.0622904911033483
2022-02-22,0.0622905200524138,0.0622904981050961
2022-02-23,0.0622905247204425,0.0622905053755409
2022-02-24,0.0622903394940292,0.0622905095283521
2022-02-25,0.0622903446864083,0.0622903300329577
2022-02-26,0.0622903528936636,0.0622903390763149
2022-02-27,0.0622903555262778,0.0622903584893149
2022-02-28,0.0622903674038138,0.0622903582038184
2022-03-01,0.0622903735137391,0.0622903638772798
2022-03-02,0.062290377832201,0.0622903705121862
2022-03-03,0.0622903855150893,0.0622903744016968
2022-03-04,0.0622903949894465,0.0622903812290588
2022-03-05,0.0622904035462314,0.0622903902528998
2022-03-06,0.0622904178269388,0.0622903980964693
2022-03-07,0.0622904238057558,0.0622904113279286
2022-03-08,0.062290434022893,0.0622904165980173
2022-03-09,0.0622904407882065,0.0622904258371109
2022-03-10,0.0622904475535172,0.0622904321807364
2022-03-11,0.0622904573774093,0.0622904383995299
2022-03-12,0.0622904668772354,0.0622904475874889
2022-03-13,0.0622904784234069,0.0622904564999885
2022-03-14,0.0622901246691178,0.0622904671159073
2022-03-15,0.0622901185011709,0.062290124335394
2022-03-16,0.0622901241743107,0.0622901257132104
2022-03-17,0.0622901377123594,0.0622901533599996
2022-03-18,0.0622901536972876,0.0622901623416648
2022-03-19,0.0622901647884866,0.0622901668967743
2022-03-20,0.0622901738880538,0.0622901780261092
2022-03-21,0.0622901775146622,0.0622901866043308
2022-03-22,0.0622901846296863,0.0622901892061516
2022-03-23,0.062290190914529,0.0622901957532672
2022-03-24,0.0622902019620342,0.0622902019012818
2022-03-25,0.0622902094703053,0.0622902122692476
2022-03-26,0.0622902177213617,0.0622902190502518
2022-03-27,0.0622902252550308,0.062290226472182
2022-03-28,0.062290238530919,0.0622902334304891
2022-03-29,0.0622902485480241,0.0622902459886439
2022-03-30,0.0622902572614215,0.0622902552045379
2022-03-31,0.0622902746591047,0.062290262901896
2022-04-01,0.062290292056788,0.0622902792924453
2022-04-02,0.0622903094544712,0.0622902956948131
2022-04-03,0.0622903275366796,0.0622903114275492
2022-04-04,0.0622903426476827,0.0622903279053882
2022-04-05,0.0622903626961263,0.0622903417640685
2022-04-06,0.062290374398992,0.0622903603809451
2022-04-07,0.0622903861272776,0.0622903709870069
2022-04-08,0.0622904016132523,0.0622903814924592
2022-04-09,0.0622904144521813,0.0622903961259742
2022-04-10,0.0622904251063878,0.062290408157492
2022-04-11,0.0622904387135209,0.062290417646961
2022-04-12,0.0622904545053528,0.0622904302798324
2022-04-13,0.0622904665140728,0.0622904451894398
2022-04-14,0.0622900989961078,0.0622904560778395
2022-04-15,0.0622901117293534,0.062290099716498
2022-04-16,0.0622901242441307,0.0622901198270782
2022-04-17,0.0622901376510445,0.0622901547000942
2022-04-18,0.0622901499910292,0.062290162055333
2022-04-19,0.0622901620688555,0.0622901625176747
2022-04-20,0.0622901749331809,0.0622901753974709
2022-04-21,0.062290188059674,0.0622901879519243
2022-04-22,0.0622902015102688,0.0622901994612349
2022-04-23,0.0622902154669328,0.0622902116238289
2022-04-24,0.062290228287557,0.0622902245986869
2022-04-25,0.0622902386358782,0.0622902363610601
2022-04-26,0.0622902521119102,0.0622902457088803
2022-04-27,0.0622902706127675,0.0622902582480329
2022-04-28,0.0622902952490522,0.0622902757356099
2022-04-29,0.0622903092057125,0.0622902987864796
2022-04-30,0.0622903228565176,0.0622903110408164
2022-05-01,0.0622903393037467,0.0622903230269876
2022-05-02,0.0622903567122434,0.0622903385907974
2022-05-03,0.0622903666927408,0.0622903550436424
2022-05-04,0.0622903843633911,0.0622903637750885
2022-05-05,0.0622903966159925,0.062290380128239
2022-05-06,0.0622904192677752,0.0622903916524834
2022-05-07,0.0622904292045759,0.0622904127851728
2022-05-08,0.0622904337670137,0.0622904215932742
2022-05-09,0.0622904400335265,0.0622904250322654
2022-05-10,0.0622904505820492,0.0622904309757208
2022-05-11,0.0622904599508203,0.062290441482924
2022-05-12,0.0622904750689771,0.0622904501851527
2022-05-13,0.0622904898121322,0.062290464121942
2022-05-14,0.062290501085218,0.0622904778081913
2022-05-15,0.0622905165711605,0.0622904878871422
2022-05-16,0.0622905335426951,0.0622905021390877
2022-05-17,0.0622905529865624,0.062290518110409
2022-05-18,0.0622905743529744,0.0622905361125593
2022-05-19,0.0622901912798254,0.0622905557772623
2022-05-20,0.0622901965231323,0.0622901841378522
2022-05-21,0.0622902126025574,0.0622901968918683
2022-05-22,0.0622902391430851,0.0622902365262667
2022-05-23,0.0622902545416354,0.0622902570166415
2022-05-24,0.0622902714075398,0.0622902593499998
2022-05-25,0.0622902892529632,0.0622902758892897
2022-05-26,0.0622903015055463,0.0622902933260985
2022-05-27,0.0622903143079077,0.0622903039795269
2022-05-28,0.0622903312794485,0.0622903152867798
2022-05-29,0.0622903398871905,0.0622903314182654
2022-05-30,0.0622903520086803,0.0622903392102399
2022-05-31,0.0622903619709258,0.0622903501262251
2022-06-01,0.0622903734807022,0.0622903595079879
2022-06-02,0.0622903828312307,0.0622903702467984
2022-06-03,0.0622903927243272,0.0622903787667933
2022-06-04,0.0622904020493988,0.0622903878655575
2022-06-05,0.0622904088219814,0.0622903965015724
2022-06-06,0.0622904168179951,0.0622904026553205
2022-06-07,0.0622904253565699,0.0622904100235485
2022-06-08,0.0622904326534814,0.0622904180628342
2022-06-09,0.0622904423717984,0.0622904247661698
2022-06-10,0.062290449188075,0.0622904337476845
2022-06-11,0.0622904598931171,0.062290439999663
2022-06-12,0.0622904685008451,0.0622904499262817
2022-06-13,0.0622904817838473,0.0622904579037629
2022-06-14,0.0622904968583036,0.0622904702486593
2022-06-15,0.0622902468408049,0.0622904843147082
2022-06-16,0.0622902545309643,0.0622902416832374
2022-06-17,0.0622902667568125,0.0622902540006109
2022-06-18,0.0622902789826606,0.0622902814934452
2022-06-19,0.0622902912085088,0.0622902896724063
2022-06-20,0.0622902973876001,0.0622902933506672
2022-06-21,0.0622903094908581,0.062290299880825
2022-06-22,0.062290320432604,0.0622903116395359
2022-06-23,0.0622903296957433,0.0622903215949153
2022-06-24,0.0622903383471628,0.0622903297879179
2022-06-25,0.0622903453127489,0.062290337641854
2022-06-26,0.0622903587268251,0.0622903440903059
2022-06-27,0.0622903642322755,0.0622903567602416
2022-06-28,0.0622903707426883,0.0622903616915992
2022-06-29,0.0622903801806012,0.0622903673526218
2022-06-30,0.0622903853984239,0.0622903763499055
2022-07-01,0.0622903948800309,0.0622903812242454
2022-07-02,0.0622904043361834,0.0622903898935898
2022-07-03,0.0622904103841962,0.0622903987953433
2022-07-04,0.0622904208889997,0.0622904041868485
2022-07-05,0.0622904248214556,0.0622904138755877
2022-07-06,0.0622904326609201,0.0622904174496602
2022-07-07,0.0622904394335014,0.0622904246227677
2022-07-08,0.0622904486529509,0.0622904310294521
2022-07-09,0.0622904567545778,0.062290439648339
2022-07-10,0.0622904674596218,0.0622904470495521
2022-07-11,0.0622904772470903,0.0622904569585787
2022-07-12,0.0622904938945375,0.0622904659915052
2022-07-13,0.0622905014536095,0.0622904815681113
2022-07-14,0.0622905089689888,0.0622904882535285
2022-07-15,0.062290520285738,0.0622904947398629
2022-07-16,0.0622905326256989,0.0622905055170646
2022-07-17,0.0622905434181376,0.0622905172808283
2022-07-18,0.0622905557580952,0.0622905270041924
2022-07-19,0.0622905668309188,0.0622905382761601
2022-07-20,0.0622905855065145,0.0622905485321743
2022-07-21,0.0622905907680211,0.0622905660559498
2022-07-22,0.0622903161944552,0.0622905704722375
2022-07-23,0.0622903228796498,0.0622903040295705
2022-07-24,0.0622903266992506,0.0622903166426408
2022-07-25,0.0622903350448032,0.0622903375452631
2022-07-26,0.0622903403754789,0.0622903415845096
2022-07-27,0.0622903455059078,0.0622903385154346
2022-07-28,0.0622903531960623,0.0622903444221917
2022-07-29,0.0622903599868628,0.0622903520962194
2022-07-30,0.0622903666028889,0.0622903579848973
2022-07-31,0.0622903718389248,0.0622903637842256
2022-08-01,0.06229037793062,0.0622903685880953
2022-08-02,0.0622903852020584,0.0622903742496666
2022-08-03,0.0622903903324826,0.0622903810594269
2022-08-04,0.0622903956813779,0.0622903857157122
2022-08-05,0.0622904028217333,0.062290390540089
2022-08-06,0.0622904080213295,0.0622903972672167
2022-08-07,0.0622904143314892,0.0622904020672
2022-08-08,0.0622904268899087,0.0622904078071481
2022-08-09,0.0622904321332028,0.0622904197254148
2022-08-10,0.06229043905509,0.0622904243944287
2022-08-11,0.0622904498220472,0.0622904304106421
2022-08-12,0.0622904558081316,0.0622904406767371
2022-08-13,0.0622904657449008,0.0622904462163049
2022-08-14,0.0622904756379805,0.0622904552251356
2022-08-15,0.0622904831897851,0.0622904645212951
2022-08-16,0.0622904949617015,0.0622904713755622
2022-08-17,0.0622905041556695,0.0622904822508622
2022-08-18,0.062290515203004,0.0622904908091455
2022-08-19,0.0622905216879386,0.0622905009255178
2022-08-20,0.0622905260755582,0.062290506721403
2022-08-21,0.062290533390675,0.0622905105742674
2022-08-22,0.0622905395952325,0.0622905175222473
2022-08-23,0.0622905430652725,0.0622905234539007
2022-08-24,0.0622905484578553,0.0622905264278962
2022-08-25,0.0622905546624168,0.0622905313849539
2022-08-26,0.0622901019991033,0.0622905373406074
2022-08-27,0.0622901130720081,0.062290099143765
2022-08-28,0.0622901204055224,0.0622901194292973
2022-08-29,0.0622901232639364,0.0622901541996733
2022-08-30,0.0622901279758122,0.0622901503352308
2022-08-31,0.0622901369696953,0.0622901415271588
2022-09-01,0.0622901411572236,0.06229015250676
2022-09-02,0.0622901480791859,0.0622901570508591
2022-09-03,0.0622901592140766,0.0622901624090836
2022-09-04,0.0622901622909528,0.0622901727412593
2022-09-05,0.0622901762913546,0.0622901754840783
2022-09-06,0.0622901853543266,0.0622901884392903
2022-09-07,0.0622901911839334,0.062290196996169
2022-09-08,0.0622902029996168,0.0622902019203415
2022-09-09,0.0622902140725045,0.0622902128951007
2022-09-10,0.0622902216061818,0.0622902234922916
2022-09-11,0.0622902345762073,0.0622902301047739
2022-09-12,0.0622902473531622,0.0622902420792759
2022-09-13,0.0622902612844505,0.0622902541634641
2022-09-14,0.0622902744292456,0.0622902669457612
2022-09-15,0.0622902892781027,0.0622902789060623
2022-09-16,0.0622902965678918,0.0622902926420419
2022-09-17,0.0622903032276719,0.0622902990700842
2022-09-18,0.0622903126838727,0.0622903049540663
2022-09-19,0.0622903225333221,0.0622903140215205
2022-09-20,0.0622903317710606,0.062290323403026
2022-09-21,0.0622903409651004,0.0622903317818193
2022-09-22,0.0622903500717422,0.0622903401582788
2022-09-23,0.0622903608387473,0.0622903485922788
2022-09-24,0.0622903682850212,0.0622903586163625
2022-09-25,0.0622903816045846,0.0622903653662119
2022-09-26,0.062290389549766,0.0622903777750133
2022-09-27,0.0622903988931509,0.062290385083322
2022-09-28,0.062290413916763,0.0622903935037114
2022-09-29,0.0622904251826841,0.0622904076917145
