day_time,actual,pred,actual_orig,pred_orig,residual
2013-03-25,70.98734822214014,70.69267,0.0625316805743098,0.06253165,0.29467549264795423
2013-03-26,73.421780122096,73.48879,0.0625319240174998,0.062531926,-0.06701229733759817
2013-03-27,72.150558965145,71.88753,0.0625317968953841,0.06253177,0.2630314993246827
2013-03-28,71.36434507018508,71.06453,0.0625317182739946,0.06253169,0.2998156512397685
2013-03-30,71.74718460720153,71.470634,0.0625317565579483,0.062531725,0.2765501467523137
2013-03-31,71.71343408010623,71.470634,0.0625317531828956,0.062531725,0.24279961965700636
2013-04-01,71.5817764361526,71.29474,0.0625317400171312,0.06253171,0.28703766662134456
2013-04-02,71.80564226508257,71.52461,0.0625317624037141,0.06253173,0.2810298383247556
2013-04-03,71.82650967607617,71.712585,0.0625317644904552,0.062531754,0.11392422685742076
2013-04-05,71.95861632808275,71.712585,0.0625317777011204,0.062531754,0.24603087886400488
2013-04-06,72.19929870808106,71.941505,0.0625318017693584,0.06253178,0.25779327595215307
2013-04-07,72.25245717917828,71.941505,0.0625318070852055,0.06253178,0.3109517470493728
2013-04-08,72.71459517718681,72.38034,0.0625318532990053,0.062531814,0.33425460101493343
2013-04-10,72.65746247819837,72.38034,0.0625318475857354,0.062531814,0.27712190202649367
2013-04-11,73.14265255409236,72.791626,0.062531896104743,0.06253186,0.3510265775298649
2013-04-13,73.05683082117764,72.791626,0.0625318875225697,0.06253186,0.26520484461514116
2013-04-14,72.11757977007571,71.941505,0.0625317935974646,0.06253178,0.17607433794680105
2013-04-15,69.49118027815837,69.41191,0.0625315309575154,0.06253152,0.0792692674161799
2013-04-16,67.77231483609536,67.65369,0.0625313590709712,0.062531345,0.11862831265786156
2013-04-17,68.16360666808686,68.03026,0.0625313982001544,0.06253138,0.13334848937591914
2013-04-19,69.60214510617901,69.452095,0.0625315420539982,0.06253152,0.1500500744407276
2013-04-20,69.54960502417174,69.41191,0.06253153679999,0.06253152,0.13769401342955234
2013-04-21,69.93393532619963,69.80341,0.0625315752330202,0.06253156,0.13052193508634957
2013-04-24,70.45322754709038,70.23998,0.0625316271622423,0.062531605,0.21324494210990963
2013-04-26,70.22725242208926,70.00054,0.0625316045647298,0.06253158,0.22671073507754613
2013-04-27,70.594830373083,70.37375,0.0625316413225249,0.06253162,0.22108159378612413
2013-04-28,70.77033233118813,70.55935,0.0625316588727207,0.062531635,0.2109832711295354
2013-04-29,70.58845785820611,70.37375,0.0625316406852734,0.06253162,0.2147090789092374
2013-04-30,70.83168633612024,70.61333,0.0625316650081212,0.06253164,0.21835930975305473
2013-05-02,70.87997419108483,70.61333,0.0625316698369067,0.06253164,0.2666471647176394
2013-05-05,71.51435419211482,71.29474,0.0625317332749068,0.06253171,0.2196154225835727
2013-05-07,71.75994879815573,71.52461,0.0625317578343674,0.06253173,0.23533637139792063
2013-05-08,71.74785180016907,71.52461,0.0625317566246676,0.06253173,0.22323937341126054
2013-05-09,72.05243350211221,71.712585,0.0625317870828378,0.062531754,0.33984805289345843
2013-05-10,72.40289409918277,72.08961,0.0625318221288975,0.06253179,0.3132868604132426
2013-05-12,72.28990627008992,72.08961,0.0625318108301146,0.06253179,0.20029903132038385
2013-05-13,72.6724888040764,72.38034,0.062531849088368,0.062531814,0.29214822790451933
2013-05-14,72.61008004216806,72.38034,0.0625318428474918,0.062531814,0.22973946599618955
2013-05-15,72.60917454413041,72.38034,0.062531842756942,0.062531814,0.22883396795853628
2013-05-16,70.91634351918952,70.74665,0.0625316734738395,0.06253166,0.16969282338874336
2013-05-18,68.33720705506919,68.26174,0.0625314155601931,0.062531404,0.07546541688559216
2013-05-19,69.02765400315647,68.94839,0.0625314846048879,0.06253147,0.07926685716037696
2013-05-20,70.313326317184,70.24239,0.0625316131721193,0.062531605,0.0709328235316633
2013-05-22,70.33324426308774,70.24239,0.0625316151639139,0.062531605,0.0908507694353915
2013-05-23,70.60494895613778,70.42773,0.0625316423343832,0.06253162,0.1772222105323067
2013-05-24,70.76438953118603,70.61333,0.0625316582784407,0.06253164,0.15106250481883876
2013-05-25,71.03314146619799,70.69267,0.0625316851536342,0.06253165,0.3404687367058017
2013-05-26,71.1800612251956,70.876785,0.0625316998456101,0.062531665,0.3032759468752886
2013-05-28,71.15351284919802,70.93076,0.0625316971907725,0.06253167,0.22274960456911685
2013-05-29,71.493349797086,71.29474,0.0625317311744673,0.06253171,0.19861102755474747
2013-05-30,71.42351310218675,71.11851,0.0625317241907978,0.062531695,0.30500571693283973
2013-05-31,71.4149234981587,71.11851,0.0625317233318374,0.062531695,0.29641611290479375
2013-06-01,71.73961666717688,71.52461,0.0625317558011543,0.06253173,0.21500424041906285
2013-06-03,71.68499823018149,71.29474,0.0625317503393106,0.06253171,0.39025946065024186
2013-06-04,71.93361957813505,71.712585,0.0625317752014454,0.062531754,0.22103412891630114
2013-06-05,72.00993487319063,71.712585,0.0625317828329749,0.062531754,0.29734942397188036
2013-06-06,71.95531607620542,71.712585,0.0625317773710952,0.062531754,0.24273062698667047
2013-06-07,72.34918422915904,72.08961,0.0625318167579105,0.06253179,0.25957699038950466
2013-06-09,69.08556710913393,68.94839,0.0625314903961985,0.06253147,0.13717996313783942
2013-06-10,67.65755628218572,67.576584,0.0625313475951158,0.06253134,0.08097241988103576
2013-06-11,68.96317763710469,68.6778,0.0625314781572513,0.06253145,0.28537459755391126
2013-06-13,69.34000535807616,69.15884,0.0625315158400234,0.06253149,0.1811689933300613
2013-06-14,69.67765718707275,69.452095,0.0625315496052063,0.06253152,0.22556215533447244
2013-06-15,69.55137975508951,69.41191,0.0625315369774631,0.06253152,0.13946874434732592
2013-06-17,69.7889405001928,69.634735,0.0625315607335376,0.062531546,0.15420539277091905
2013-06-18,69.78642424215752,69.634735,0.0625315604819118,0.062531546,0.1516891347356477
2013-06-21,70.23727655208756,70.00054,0.0625316055671428,0.06253158,0.23673486507584585
2013-06-28,72.35168401106829,72.03563,0.0625318170078887,0.062531784,0.3160547386073489
2013-06-29,71.98870172420158,71.65861,0.06253178070966,0.06253175,0.3300942412914196
2013-06-30,72.26623627412665,72.03563,0.062531808463115,0.062531784,0.23060700166571735
2013-07-01,72.08850630213703,71.941505,0.0625317906901178,0.06253178,0.147000870008128
2013-07-02,72.33367573217242,72.08961,0.0625318152070608,0.06253179,0.24406849340289227
2013-07-04,72.422375671094,72.08961,0.0625318240770547,0.06253179,0.33276843232447106
2013-07-05,72.5106701131295,72.08961,0.0625318329064989,0.06253179,0.4210628743599756
2013-07-06,72.77600188107525,72.38034,0.0625318594396757,0.062531814,0.3956613049033706
2013-07-07,72.8875603751844,72.62345,0.0625318705955251,0.062531844,0.26410914227425053
2013-07-08,72.80770547318794,72.62345,0.0625318626100349,0.062531844,0.18425424027778092
2013-07-10,72.98732068311553,72.62345,0.0625318805715559,0.062531844,0.363869450205371
2013-07-11,73.13092524316444,72.791626,0.0625318949320119,0.06253186,0.339299266601941
2013-07-12,72.96027459413601,72.62345,0.062531877866947,0.062531844,0.33682336122585355
2013-07-13,73.0707908280781,72.791626,0.0625318889185704,0.06253186,0.27916485151560266
2013-07-14,73.07207086207357,72.791626,0.0625318890465738,0.06253186,0.2804448855110735
2013-07-15,70.81817244111721,70.61333,0.0625316636567317,0.06253164,0.20484541475002516
2013-07-16,67.92760137708242,67.69663,0.0625313745996253,0.06253135,0.2309689918285187
2013-07-18,67.57095043108396,67.47114,0.0625313389345307,0.06253133,0.09981243059567646
2013-07-19,69.29020948315268,69.09754,0.0625315108604359,0.062531486,0.19266767407064833
2013-07-20,69.60990395710186,69.452095,0.0625315428298833,0.06253152,0.15780892536358238
2013-07-21,69.87403007113757,69.80341,0.0625315692424947,0.06253156,0.07061668002428689
2013-07-23,70.13856241716576,69.99724,0.0625315956957293,0.062531576,0.14132425798607073
2013-07-24,70.05635505014097,69.749435,0.0625315874749926,0.06253155,0.3069196253362776
2013-07-25,69.9590981061149,69.749435,0.0625315777492982,0.06253155,0.20966268131020627
2013-07-26,70.04754326619955,69.749435,0.0625315865938142,0.06253155,0.29810784139486657
2013-07-28,70.21777183910393,70.00054,0.0625316036166715,0.06253158,0.2172301520922133
2013-07-29,70.66605746314237,70.42773,0.0625316484452339,0.06253162,0.23833071753689694
2013-07-30,73.81313096216368,73.25584,0.0625319631525838,0.0625319,0.5572944753472768
2013-07-31,76.95509061919626,77.33262,0.0625322773485495,0.06253231,-0.3775280941826509
2013-08-01,61.43474088809997,61.745018,0.0625307253135764,0.062530756,-0.31027711727112717
2013-08-02,58.572764962128154,54.015617,0.0625304391159838,0.06252998,4.557147591522686
2013-08-03,59.4714891481718,60.97139,0.0625305289884024,0.062530674,-1.499900622336014
2013-08-04,58.99664413708261,60.41995,0.0625304815039013,0.06253062,-1.4233044407982476
2013-08-06,58.68528633115599,54.627716,0.0625304503681207,0.06253004,4.057570266702868
2013-08-07,59.189817037119674,61.00958,0.0625305008211913,0.06253068,-1.8197616677143102
2013-08-08,62.69622701615685,62.71671,0.0625308514621892,0.06253085,-0.020482120806043724
2013-08-10,66.55458723914265,66.71094,0.0625312372982115,0.06253125,-0.1563502608573515
2013-08-11,66.01896405111773,66.04857,0.0625311837358927,0.06253118,-0.02960467446820303
2013-08-12,64.45721100312163,64.512794,0.0625310275605879,0.06253103,-0.05558349150727793
2013-08-13,64.6821680941323,64.5064,0.062531050056297,0.06253103,0.1757670321205751
2013-08-15,64.40284811615183,64.07863,0.0625310221242992,0.06253099,0.3242195761127675
2013-08-16,64.5084314290778,64.49071,0.0625310326826305,0.06253103,0.017724031616864977
2013-08-17,65.00061491915288,64.9394,0.0625310819009795,0.06253108,0.06121519991459934
2013-08-18,64.92812562708394,64.82802,0.0625310746520503,0.06253106,0.10010743860738103
2013-08-20,65.08685050810037,64.97106,0.0625310905245384,0.06253108,0.11578880155740023
2013-08-21,65.1285872690921,64.9394,0.0625310946982145,0.06253108,0.1891875498538127
2013-08-22,65.40965560811185,65.231316,0.0625311228050484,0.062531106,0.17833999531887912
2013-08-24,65.62681711314022,65.45891,0.0625311445211989,0.06253113,0.16790903208553232
2013-08-25,65.43998783817284,65.209724,0.0625311258382714,0.0625311,0.23026341190330868
2013-08-26,65.797985704108,65.61384,0.062531161638058,0.06253114,0.1841475083072197
2013-08-27,63.25066971013538,63.092617,0.0625309069064586,0.06253089,0.15805267522326716
2013-08-29,60.255003914155836,59.90373,0.062530607339879,0.06253057,0.3512754290484139
2013-08-30,60.34221027712006,59.90373,0.0625306160605153,0.06253057,0.43848179201263804
2013-08-31,62.048801630076866,61.90079,0.0625307867196506,0.06253077,0.1480104618639757
2013-09-01,62.39847087516348,62.397,0.0625308216865751,0.062530816,0.001471516032623299
2013-09-03,62.38248776518907,62.451557,0.0625308200882641,0.06253082,-0.06906939423475933
2013-09-04,62.26862983918502,61.98702,0.0625308087024715,0.06253078,0.28161125397993914
2013-09-05,62.73507743015383,62.76644,0.0625308553472306,0.06253085,-0.031363915061014325
2013-09-06,62.69259608310263,62.76644,0.0625308510990959,0.06253085,-0.07384526211221498
2013-09-07,62.8356171281097,62.76644,0.0625308654012004,0.06253085,0.0691757828948596
2013-09-08,63.017175054164156,62.711884,0.062530883556993,0.06253085,0.30529150924228077
2013-09-10,62.64230357211353,62.397,0.0625308460698448,0.062530816,0.24530421298267413
2013-09-11,62.829341555131755,62.711884,0.0625308647736431,0.06253085,0.11745801020988011
2013-09-12,63.0271885981859,63.092617,0.0625308845583474,0.06253089,-0.0654284367262079
2013-09-13,63.07311806119653,63.092617,0.0625308891512937,0.06253089,-0.01949897371557796
2013-09-15,63.03282452616021,63.092617,0.0625308851219402,0.06253089,-0.059792508751897344
2013-09-16,63.133942791171464,63.092617,0.0625308952337667,0.06253089,0.04132575625935431
2013-09-17,63.4951297341646,63.74245,0.062530931352461,0.06253096,-0.24732097994672841
2013-09-18,63.64617272713868,63.74245,0.0625309464567603,0.06253096,-0.09627798697264467
2013-09-20,63.48995587407424,63.092617,0.062530930835075,0.06253089,0.3973388391621313
2013-09-21,63.52120402910999,63.74245,0.0625309339598905,0.06253096,-0.22124668500133993
2013-09-22,63.47787621208134,63.092617,0.0625309296271088,0.06253089,0.38525917716923175
2013-09-23,63.93459555512071,63.74245,0.0625309752990431,0.06253096,0.19214484100938023
2013-09-24,64.12728774607413,63.74245,0.0625309945682622,0.06253096,0.38483703196280317
2013-09-26,63.65051096107743,63.74245,0.0625309468905837,0.06253096,-0.09193975303389834
2013-09-27,64.23896022816899,64.07863,0.0625310057355104,0.06253099,0.16033168812992926
2013-09-28,64.2324757151036,64.07863,0.0625310050870591,0.06253099,0.15384717506454137
2013-09-30,64.27828419711123,64.07863,0.0625310096679073,0.06253099,0.1996556570721708
2013-10-01,64.66858863310443,64.49071,0.0625310486983509,0.06253103,0.1778812356434969
2013-10-02,64.28251191112344,64.07863,0.0625310100906787,0.06253099,0.20388337108437327
2013-10-03,65.01385880708366,64.9394,0.0625310832253683,0.06253108,0.07445908784538346
2013-10-04,68.6653915141222,68.57647,0.062531448378639,0.062531434,0.08892209273548701
2013-10-08,73.96548139512737,73.93357,0.0625319783876271,0.06253197,0.031910533310963274
2013-10-09,77.39874529608115,77.72458,0.0625323217140172,0.06253235,-0.3258335613407297
2013-10-10,77.67182376314241,77.72458,0.0625323490218639,0.06253235,-0.0527550942794619
2013-10-11,68.81763151320163,68.967766,0.0625314636026389,0.06253148,-0.150134294903836
2013-10-13,59.32108236419986,58.57365,0.062530513947724,0.062530436,0.7474320040924383
2013-10-15,64.47178587512536,64.825806,0.0625310290180751,0.06253106,-0.35401978893713704
2013-10-16,65.11205806219999,65.02504,0.0625310930452938,0.062531084,0.08701838934842954
2013-10-17,65.14075160113376,65.02504,0.0625310959146477,0.062531084,0.11571192828219523
2013-10-18,65.38711572010025,65.295364,0.0625311205510596,0.062531106,0.09175134021744213
2013-10-19,65.56152883016586,65.49057,0.0625311379923706,0.06253113,0.0709587618064802
2013-10-21,65.40535692420302,65.26298,0.06253112237518,0.062531106,0.14237932410536303
2013-10-22,65.58621705413104,65.45891,0.062531140461193,0.06253113,0.12730897307635303
2013-10-23,65.96847099513137,65.91591,0.0625311786865871,0.06253117,0.05256218165480675
2013-10-25,65.98896970508305,65.91591,0.0625311807364581,0.06253117,0.0730608916064881
2013-10-26,66.25987545416656,66.09788,0.062531207827033,0.06253119,0.16199795172515508
2013-10-27,66.37511879209468,66.226776,0.0625312193513668,0.0625312,0.1483426690478069
2013-10-28,66.53187166208441,66.24837,0.0625312350266538,0.0625312,0.28350435251410033
2013-10-30,66.11994308319824,65.97861,0.0625311938337959,0.06253118,0.14133590546386188
2013-10-31,65.78393262818282,65.65112,0.0625311602327504,0.06253114,0.13280958130782494
2013-11-01,66.62439724011703,66.58458,0.0625312442792116,0.06253124,0.0398177723435964
2013-11-03,66.67257153813999,66.568886,0.0625312490966414,0.06253123,0.10368573491733457
2013-11-04,66.98509677813269,66.75209,0.0625312803491654,0.062531255,0.2330063240311233
2013-11-05,67.2283307560917,67.0922,0.0625313046725632,0.062531285,0.1361295231815376
2013-11-07,67.22228614614023,67.0922,0.0625313040681022,0.062531285,0.13008491323007831
2013-11-08,66.98626358908611,66.75209,0.0625312804658465,0.062531255,0.23417313498454462
2013-11-09,65.27653456919747,65.263794,0.0625311094929445,0.062531106,0.012740623884965885
2013-11-10,64.79716887913823,64.733955,0.0625310615563755,0.062531054,0.06321349583744507
2013-11-12,65.74679487114653,65.59543,0.0625311565189747,0.062531136,0.15136640434965898
2013-11-13,66.21996800917907,66.13544,0.0625312038362885,0.062531196,0.08453099746031967
2013-11-14,66.51290361314733,66.264336,0.0625312331298489,0.0625312,0.24856798082311116
2013-11-15,66.7542077921468,66.593445,0.0625312572602668,0.06253124,0.16076296792805067
2013-11-16,67.17615216020323,67.00959,0.0625312994547036,0.06253128,0.16656201127744907
2013-11-18,67.58797415212791,67.3855,0.0625313406369028,0.062531315,0.20247610525291293
2013-11-19,67.76453819315465,67.56805,0.0625313582933069,0.06253134,0.1964916233304308
2013-11-20,68.09191957113381,67.948456,0.0625313910314447,0.062531374,0.14346376058693977
2013-11-22,68.1082697030766,67.948456,0.0625313926664579,0.062531374,0.15981389252972633
2013-11-23,68.51375455807496,68.338295,0.0625314332149434,0.06253141,0.17545957516480826
2013-11-24,68.69723473912347,68.623825,0.0625314515629615,0.06253144,0.07340966588128595
2013-11-26,68.3766626001503,68.20776,0.0625314195057476,0.0625314,0.16889892827529707
2013-11-27,65.77272877519857,65.682785,0.0625311591123651,0.06253115,0.08994374101888525
2013-11-28,64.6389302161321,64.59262,0.0625310457325092,0.06253104,0.04630936652272055
2013-11-29,65.9199058951343,65.94757,0.0625311738300771,0.06253117,-0.027664905646943794
2013-12-01,66.47013020708026,66.264336,0.0625312288525083,0.0625312,0.20579457475604102
2013-12-02,66.62273396310093,66.568886,0.0625312441128839,0.06253123,0.05384815987827096
2013-12-03,66.93282125713739,66.75209,0.0625312751216133,0.062531255,0.18073080303582856
2013-12-05,67.01496861313827,66.97887,0.0625312833363489,0.06253128,0.03610203598982764
2013-12-06,67.43206929019085,67.41716,0.0625313250464166,0.06253132,0.01490925601116544
2013-12-07,67.44106329115152,67.3855,0.0625313259458167,0.062531315,0.05556524427652221
2013-12-09,67.6582972761186,67.522606,0.0625313476692152,0.06253133,0.13569138012250903
2013-12-10,68.06290862818032,67.948456,0.0625313881303504,0.062531374,0.11445281763344894
2013-12-11,68.1172723471235,67.97628,0.0625313935667223,0.062531374,0.14099213472115935
2013-12-12,68.59346988907777,68.338295,0.0625314411864765,0.06253141,0.2551749061676105
2013-12-14,66.28753217011175,66.18953,0.0625312105927046,0.062531196,0.0980027511664332
2013-12-15,64.92674206506899,64.89828,0.0625310745136941,0.06253107,0.028464782354149065
2013-12-16,66.27275088808004,66.18953,0.0625312091145764,0.062531196,0.0832214691347275
2013-12-18,66.98697446710922,66.7364,0.0625312805369343,0.062531255,0.2505776775584394
2013-12-19,67.33026763516835,67.0922,0.0625313148662511,0.062531285,0.2380664022581982
2013-12-20,67.32302134909717,67.0922,0.0625313141416225,0.062531285,0.2308201161870187
2013-12-21,67.7197307560884,67.59971,0.0625313538125632,0.06253134,0.1200221989594894
2013-12-23,67.85973577214111,67.642654,0.0625313678130648,0.062531345,0.2170813531957947
2013-12-24,67.97756583409864,67.916794,0.062531379596071,0.062531374,0.06077201085645356
2013-12-25,68.20852695516022,68.15593,0.0625314026921831,0.0625314,0.05259738973053629
2013-12-26,68.1804898461369,67.97628,0.0625313998884722,0.062531374,0.2042096337345498
2013-12-28,67.9668230210706,67.926865,0.0625313785217897,0.062531374,0.0399583970471582
2013-12-29,64.88297719514647,64.89828,0.0625310701372071,0.06253107,-0.015300087568377307
2013-12-30,63.217272549126456,63.194546,0.0625309035667425,0.0625309,0.022726803276846397
2013-12-31,64.568850360186,64.57693,0.0625310387245236,0.06253104,-0.008076824872588872
2014-01-02,65.20209360108554,65.13289,0.0625311020488477,0.06253109,0.06920480714022403
2014-01-03,65.30503099511087,65.2481,0.0625311123425871,0.062531106,0.05693071434914998
2014-01-04,65.83329625012291,65.66709,0.0625311651691126,0.06253114,0.16620488049400706
2014-01-05,65.8071887681133,65.66709,0.0625311625583644,0.06253114,0.14009739848440006
2014-01-07,66.18554537318744,66.103775,0.0625312003940249,0.06253119,0.08177034877337519
2014-01-08,66.09822960815248,65.91591,0.0625311916624484,0.06253117,0.1823207946759169
2014-01-09,66.26703515019705,66.15787,0.0625312085430026,0.062531196,0.10916771855642082
2014-01-10,66.97626831211889,66.69884,0.0625312794663188,0.06253125,0.2774310318454525
2014-01-12,66.9061027130935,66.69884,0.0625312724497589,0.06253125,0.2072654328200656
2014-01-13,67.09646423019855,66.988,0.0625312914859106,0.06253128,0.10846526779620547
2014-01-14,67.6840092880826,67.522606,0.0625313502404164,0.06253133,0.16140339208651255
2014-01-15,67.24353048617738,67.0922,0.0625313061925362,0.062531285,0.15132925326722102
2014-01-17,67.0885598971771,66.97887,0.0625312906954773,0.06253128,0.1096933200286685
2014-01-18,68.06982457710498,67.948456,0.0625313888219453,0.062531374,0.12136876655810624
2014-01-19,67.83576779106903,67.642654,0.0625313654162667,0.062531345,0.19311337212371882
2014-01-20,68.0509237831195,67.948456,0.0625313869318659,0.062531374,0.10246797257262585
2014-01-21,67.5616204311169,67.41716,0.0625313380015307,0.06253132,0.14446039693721957
2014-01-22,68.13733252716835,67.97628,0.0625313955727403,0.062531374,0.16105231476601034
2014-01-24,68.48400919606811,68.32846,0.0625314302404072,0.06253141,0.15554850270874
2014-01-25,68.45830387014473,68.32846,0.0625314276698746,0.06253141,0.12984317678535717
2014-01-26,68.90464530617812,68.623825,0.0625314723040182,0.06253144,0.2808202329359375
2014-01-27,68.80804004918973,68.623825,0.0625314626434925,0.06253144,0.18421497594754044
2014-01-28,68.90380484111947,68.623825,0.0625314722199717,0.06253144,0.2799797678772791
2014-01-29,65.22997027316735,65.14858,0.0625311048365149,0.06253109,0.08138781467125966
2014-01-31,62.37897655414493,62.498928,0.062530819737143,0.06253083,-0.11995151592343234
2014-02-01,61.99304448312182,61.98702,0.0625307811439359,0.06253078,0.006025897916742906
2014-02-02,64.57258535416676,64.57693,0.062531039098023,0.06253104,-0.004341830891831933
2014-02-03,64.7342934700923,64.71826,0.0625310552688346,0.062531054,0.01603175134229673
2014-02-04,65.44603839309104,65.49057,0.0625311264433269,0.06253113,-0.04453167526833113
2014-02-05,64.97020503107298,64.88258,0.0625310788599907,0.06253107,0.08762141290891634
2014-02-06,65.23291596310932,65.10123,0.0625311051310839,0.06253109,0.1316891564686955
2014-02-08,64.71342053018803,64.6866,0.0625310531815406,0.06253105,0.02682079874271892
2014-02-09,65.64335460312876,65.56377,0.0625311461749479,0.062531136,0.07958812363656875
2014-02-10,67.88527876611106,67.5953,0.0625313703673642,0.06253134,0.2899799990212131
2014-02-11,67.4604606171192,67.34821,0.0625313278855493,0.062531315,0.11224742131841481
2014-02-13,66.17005603309912,65.957016,0.0625311988450909,0.06253117,0.2130400418881777
2014-02-14,66.28264046210086,66.13628,0.0625312101035338,0.062531196,0.1463642169836703
2014-02-15,68.85340226608916,68.59216,0.0625314671797142,0.06253144,0.26123918015166225
2014-02-16,66.18534487912164,66.11947,0.0625312003739755,0.06253119,0.06587619015679991
2014-02-17,68.17591764018971,67.94462,0.0625313994312516,0.062531374,0.2312994150920531
2014-02-19,67.10158066608463,67.00959,0.0625312919975542,0.06253128,0.0919905171588482
2014-02-20,66.43902586409011,66.25844,0.062531225742074,0.0625312,0.18058775373854985
2014-02-21,68.27051217517254,68.15593,0.0625314088907051,0.0625314,0.11458260974285395
2014-02-22,70.44966190819513,70.23998,0.0625316268056784,0.062531605,0.20967930321465644
2014-02-23,66.66233475713379,66.58458,0.0625312480729633,0.06253124,0.07775528936035414
2014-02-24,68.3717723670707,68.20776,0.0625314190167243,0.0625314,0.1640086951957045
2014-02-25,70.74569199710945,70.55935,0.0625316564086873,0.062531635,0.1863429370508527
2014-02-27,69.25691113712773,69.043564,0.0625315075306013,0.062531486,0.21334729435429267
2014-02-28,67.31272885016071,67.0922,0.0625313131123726,0.062531285,0.22052761725055348
2014-03-01,70.69366251916121,70.61333,0.0625316512057395,0.06253164,0.08033549279402052
2014-03-03,69.03793519016932,68.89441,0.0625314856330066,0.06253147,0.14352601048182123
2014-03-04,67.26099127912777,67.0922,0.0625313079386155,0.062531285,0.16879004621760885
2014-03-05,59.61897334816335,59.882683,0.0625305437368224,0.06253057,-0.2637094521296177
2014-03-06,68.89591403810846,68.623825,0.0625314714308914,0.06253144,0.27208896486627054
2014-03-07,65.56021276415969,65.49057,0.062531137860764,0.06253113,0.06964269580031157
2014-03-08,64.99815840915745,64.952255,0.0625310816553285,0.06253108,0.045903160134017185
2014-03-09,65.5200190800842,65.49057,0.0625311338413956,0.06253113,0.029449011724821617
2014-03-10,67.70426681318442,67.584015,0.0625313522661689,0.06253134,0.12025192060629308
2014-03-11,63.93977279708918,63.82868,0.0625309758167673,0.062530965,0.11109466598566087
2014-03-12,67.33020725416262,67.06054,0.062531314860213,0.062531285,0.26966800855714723
2014-03-14,66.23580675407803,66.13544,0.062531205420163,0.062531196,0.10036974235927687
2014-03-15,65.02878584807581,65.00966,0.0625310847180724,0.062531084,0.019127034599250692
2014-03-16,66.74273980017409,66.54019,0.0625312561134676,0.06253123,0.20254814978346758
2014-03-17,68.7993281271726,68.57647,0.0625314617723003,0.062531434,0.22285870578588174
2014-03-18,67.88025471007875,67.642654,0.0625313698649586,0.062531345,0.2376002911334325
2014-03-20,68.08962354817871,67.8952,0.0625313908018424,0.06253137,0.19442091145995732
2014-03-21,66.8737484141313,66.75209,0.062531269214329,0.062531255,0.1216579600297365
2014-03-22,67.41100876714312,67.41716,0.0625313229403643,0.06253132,-0.006151267036571539
2014-03-23,69.56306841110482,69.366455,0.0625315381463287,0.062531516,0.19661333297982253
2014-03-24,69.83087866119232,69.634735,0.0625315649273537,0.062531546,0.19614355377044035
2014-03-25,70.38135815207181,70.188416,0.0625316199753028,0.0625316,0.19294262472806167
2014-03-27,65.74799658418118,65.58953,0.062531156639146,0.062531136,0.15846563935696167
2014-03-28,65.39273034816829,65.27867,0.0625311211125224,0.062531106,0.11405908351984806
2014-03-29,66.37458331806845,66.264336,0.0625312192978194,0.0625312,0.11024768574422694
2014-03-31,64.48895281507828,64.57693,0.0625310307347691,0.06253104,-0.08797436998031571
2014-04-01,66.55817953407639,66.63856,0.062531237657441,0.06253124,-0.08037790000564371
2014-04-02,67.35101333213423,67.130486,0.0625313169408208,0.06253129,0.22052779746626072
2014-04-03,66.36493707509739,66.28003,0.0625312183331951,0.06253121,0.08490777822238726
2014-04-04,67.04806211815794,66.97887,0.0625312866456994,0.06253128,0.0691955410095062
2014-04-06,66.7829099811057,66.56178,0.0625312601304857,0.06253123,0.22112714419164092
2014-04-07,67.98301650512428,67.948456,0.0625313801411381,0.062531374,0.03456069457740796
2014-04-08,68.84194122411257,68.59216,0.06253146603361,0.06253144,0.2497781381750741
2014-04-09,68.70594210214853,68.623825,0.0625314524336978,0.06253144,0.08211702890633887
2014-04-11,67.645294990204,67.522606,0.0625313463689866,0.06253133,0.12268909420789953
2014-04-12,66.80720316315502,66.7305,0.0625312625598039,0.062531255,0.07670389557689816
2014-04-13,68.65719605911313,68.623825,0.0625314475590935,0.06253144,0.03337098587094545
2014-04-14,70.3058280471236,70.00054,0.0625316124222923,0.06253158,0.3052863601118787
2014-04-15,70.43243396218091,70.188416,0.0625316250828838,0.0625316,0.2440184348371588
2014-04-16,69.7016101931791,69.634735,0.0625315520005069,0.062531546,0.066875085757232
2014-04-18,68.74979569609918,68.623825,0.0625314568190572,0.06253144,0.12597062285699678
2014-04-19,61.98628926812333,62.00272,0.0625307804684144,0.06253078,-0.01643061102706156
2014-04-20,65.179006053101,65.14858,0.0625310997400929,0.06253109,0.03042359460491184
2014-04-22,63.02286491108311,63.232822,0.0625308841259787,0.062530905,-0.20995750712977923
2014-04-23,65.50747061517814,65.54455,0.0625311325865491,0.062531136,-0.03707741948983312
2014-04-24,65.5113704801924,65.54455,0.0625311329765356,0.062531136,-0.03317755447557147
2014-04-25,64.94608021809233,64.88258,0.0625310764475094,0.06253107,0.06349659992827128
2014-04-26,66.18041497610805,66.13544,0.0625311998809852,0.062531196,0.04497796438930379
2014-04-27,68.49942750117299,68.29094,0.0625314317822377,0.06253141,0.2084881701183008
2014-04-28,65.33008798409456,65.23213,0.062531114848286,0.062531106,0.0979560260867487
2014-04-29,67.86811701908758,67.61099,0.0625313686511895,0.06253134,0.25712458744695255
2014-05-01,67.47311960916824,67.34821,0.0625313291514485,0.062531315,0.12490641336745512
2014-05-02,64.75150302415189,64.70229,0.06253105698979,0.06253105,0.04920962815579344
2014-05-03,67.2652038020971,67.03895,0.0625313083598678,0.062531285,0.22625574301507356
2014-05-05,64.77152620809612,64.71826,0.0625310589921084,0.062531054,0.0532644893461196
2014-05-07,66.05927435912595,65.963264,0.0625311877669235,0.06253117,0.09600989379391933
2014-05-08,65.90965557606853,65.61384,0.0625311728050452,0.06253114,0.2958173802677493
2014-05-09,68.88252643513782,68.623825,0.0625314700921311,0.06253144,0.258701361895632
2014-05-10,69.65190708016489,69.38242,0.0625315470301956,0.062531516,0.26948367928598316
2014-05-11,66.34627508717017,66.24837,0.0625312164669963,0.0625312,0.09790777759985758
2014-05-12,69.88799816309843,69.749435,0.0625315706393039,0.06253155,0.13856273829374288
2014-05-14,67.83516626210351,67.61099,0.0625313653561138,0.06253134,0.2241738304628882
2014-05-15,68.45115190418083,68.32846,0.062531426954678,0.06253141,0.12269121082145773
2014-05-16,67.91203374614807,67.642654,0.0625313730428622,0.062531345,0.26937932720275626
2014-05-17,70.0978762911697,69.94326,0.0625315916271167,0.062531576,0.1546160982986038
2014-05-19,68.33422129315369,68.15593,0.0625314152616169,0.0625314,0.1782917277240017
2014-05-20,63.85946969514333,63.898357,0.0625309677864571,0.06253097,-0.03888769621408983
2014-05-21,65.96754337812038,65.963264,0.0625311785938254,0.06253117,0.004278912788350908
2014-05-22,67.2928287291652,67.07651,0.0625313111223605,0.062531285,0.2163211608058191
2014-05-23,66.84736500617294,66.75209,0.0625312665759882,0.062531255,0.09527455207137336
2014-05-25,65.6676894630892,65.6651,0.0625311486084339,0.06253114,0.0025893654329536275
2014-05-26,65.39219250409344,65.27867,0.062531121058738,0.062531106,0.11352123944500647
2014-05-27,66.7174115051572,66.57775,0.0625312535806381,0.06253124,0.1396603454892329
2014-05-28,67.77186733517016,67.55235,0.0625313590262211,0.06253134,0.21951442989671932
2014-05-30,65.83274522908854,65.682785,0.0625311651140105,0.06253115,0.14996019490885715
2014-05-31,67.17525776411826,67.00959,0.062531299365264,0.06253128,0.16566761519247564
2014-06-01,66.8775864420823,66.714806,0.0625312695981318,0.06253125,0.16278083905496032
2014-06-02,67.30717199115999,67.06054,0.0625313125566867,0.062531285,0.2466327455545212
2014-06-04,66.33194626612382,66.24837,0.0625312150341142,0.0625312,0.08357895655350944
2014-06-05,66.6852501841897,66.593445,0.062531250364506,0.06253124,0.09180535997094807
2014-06-06,67.69324708111313,67.522606,0.0625313511641957,0.06253133,0.1706411851170344
2014-06-07,68.48480230914333,68.32846,0.0625314303197185,0.06253141,0.15634161578395833
2014-06-09,66.32290765418159,66.18953,0.062531214130253,0.062531196,0.1333782352362789
2014-06-10,66.79357572314527,66.75209,0.0625312611970599,0.062531255,0.04148526904370442
2014-06-11,67.73974201915168,67.59971,0.0625313558136895,0.06253134,0.140033462022771
2014-06-12,69.17481545909432,69.043564,0.0625314993210335,0.062531486,0.13125161632088123
2014-06-13,66.94814889310341,66.75209,0.0625312766543769,0.062531255,0.19605843900184539
2014-06-14,68.81597443220144,68.623825,0.0625314634369308,0.06253144,0.19214935895925578
2014-06-15,69.13148210913045,69.043564,0.0625314949876985,0.062531486,0.08791826635700772
2014-06-17,68.24222092319255,68.15593,0.0625314060615799,0.0625314,0.08629135776286034
2014-06-18,68.19885318809504,67.97628,0.0625314017248064,0.062531374,0.22257297569269952
2014-06-19,67.45521255110964,67.41716,0.0625313273607427,0.06253132,0.03805251692995171
2014-06-20,70.31828798118033,70.188416,0.0625316136682857,0.0625316,0.1298724538365832
2014-06-21,67.6324304431375,67.522606,0.0625313450825319,0.06253133,0.10982454714140033
2014-06-22,69.55090610813453,69.35793,0.0625315369300984,0.062531516,0.1929730637009328
2014-06-23,69.73951735309014,69.634735,0.0625315557912229,0.062531546,0.104782245668261
2014-06-25,67.45539213218188,67.41716,0.0625313273787008,0.06253132,0.03823209800219729
2014-06-26,67.16846407614496,67.00959,0.0625312986858952,0.06253128,0.15887392721917593
2014-06-27,67.08577472716581,67.032845,0.0625312904169603,0.062531285,0.05293018370878144
2014-06-28,67.53473702714174,67.41716,0.0625313353131903,0.06253132,0.11757699296205715
2014-06-29,67.0149544691745,66.97887,0.0625312833349345,0.06253128,0.03608789202606033
2014-06-30,70.44161826313955,70.29396,0.0625316260013139,0.062531605,0.14765769185048327
2014-07-01,67.15433520418368,67.00959,0.062531297273008,0.06253128,0.14474505525789993
2014-07-02,65.54773076414277,65.50626,0.062531136612564,0.06253113,0.04146703123261375
2014-07-03,67.80156267718884,67.642654,0.0625313619957553,0.062531345,0.15890825824352817
2014-07-04,70.49590441815523,70.22429,0.0625316314299294,0.062531605,0.27161547772554684
2014-07-05,65.99905524415361,65.963264,0.062531181745012,0.06253117,0.03579077882157833
2014-07-06,67.77647425612598,67.69663,0.0625313594869132,0.06253135,0.07984187087207317
2014-07-07,69.41498159510063,69.10486,0.0625315233376471,0.06253149,0.3101231966631275
2014-07-08,71.04223525219999,70.876785,0.0625316860630128,0.062531665,0.16544997387967442
2014-07-09,67.80644302914473,67.61099,0.0625313624837905,0.06253134,0.19545059750410587
2014-07-10,65.81743896311166,65.73676,0.0625311635833839,0.06253115,0.08067596262337418
2014-07-11,67.6589017511997,67.522606,0.0625313477296627,0.06253133,0.13629585520361331
2014-07-13,65.37859767008491,65.2481,0.0625311196992546,0.062531106,0.130497389323196
2014-07-14,65.52403307810705,65.50626,0.0625311342427954,0.06253113,0.017769345196896325
2014-07-15,69.0884773291156,68.93269,0.0625314906872205,0.06253147,0.15578384767029263
2014-07-16,66.44842350814196,66.264336,0.0625312266818384,0.0625312,0.18408787581773822
2014-07-17,67.43049044813377,67.41716,0.0625313248885324,0.06253132,0.013330413954079745
2014-07-19,66.31194556808163,66.18953,0.0625312130340444,0.062531196,0.12241614913631338
2014-07-20,66.26323043809612,66.15113,0.0625312081625314,0.062531196,0.11209976182658465
2014-07-21,69.18282056511683,69.0119,0.0625315001215441,0.06253148,0.17091870964807754
2014-07-22,66.16790555510899,65.97861,0.0625311986300431,0.06253118,0.18929837737461241
2014-07-23,67.3952919351406,67.41716,0.0625313213686811,0.06253132,-0.021868099039082267
2014-07-25,65.42798125716564,65.27867,0.0625311246376133,0.062531106,0.14930999251720323
2014-07-26,65.2088917181548,65.14858,0.0625311027286594,0.06253109,0.060309259658708925
2014-07-27,64.91322545612577,64.88258,0.0625310731620332,0.06253107,0.03064183796170994
2014-07-28,65.38964168717465,65.26298,0.0625311208036563,0.062531106,0.12666408707698906
2014-07-29,65.43457656119078,65.26298,0.0625311252971437,0.062531106,0.17159896109312456
2014-07-31,66.06261062316877,65.94757,0.0625311881005499,0.06253117,0.11503982238751576
2014-08-01,66.8689205980677,66.7364,0.0625312687315474,0.062531255,0.1325238085169218
2014-08-02,69.39092901919742,69.0732,0.0625315209323895,0.062531486,0.3177326080646026
2014-08-03,68.4044152901575,68.1761,0.0625314222810166,0.0625314,0.22831360558718927
2014-08-05,68.39731296406914,68.1761,0.062531421570784,0.0625314,0.22121127949883146
2014-08-06,67.69598577316404,67.56805,0.0625313514380649,0.06253134,0.127939203339821
2014-08-07,67.26901755516046,67.06054,0.0625313087412431,0.062531285,0.20847830955499091
2014-08-08,68.94208415611503,68.623825,0.0625314760479032,0.06253144,0.3182590828728422
2014-08-10,67.95724756120114,67.948456,0.0625313775642437,0.062531374,0.008791750654268071
2014-08-11,67.98343663710904,67.948456,0.0625313801831513,0.062531374,0.03498082656216184
2014-08-12,70.07982098419797,69.94326,0.062531589821586,0.062531576,0.13656079132687182
2014-08-14,65.94777473917235,65.963264,0.0625311766169615,0.06253117,-0.015489726159685802
2014-08-15,64.10842184112475,63.84438,0.0625309926816717,0.062530965,0.2640424160759238
2014-08-16,67.0488945421488,66.97887,0.0625312867289418,0.06253128,0.07002796500036368
2014-08-17,67.67825772108216,67.50691,0.0625313496652597,0.06253133,0.17134548963684892
2014-08-18,64.0698996871858,63.84438,0.0625309888294563,0.062530965,0.22552026213696763
2014-08-19,66.72560745518696,66.64742,0.0625312544002331,0.06253125,0.07818466465961649
2014-08-20,65.98007204511313,65.94757,0.0625311798466921,0.06253117,0.03250124433188262
2014-08-21,64.25520123407024,64.18054,0.062531007359611,0.062530994,0.07465924188274187
2014-08-22,65.29665892013314,65.23213,0.0625311115053796,0.062531106,0.06452696212532771
2014-08-23,68.84363318512831,68.60813,0.0625314662028061,0.06253144,0.23550177643690517
2014-08-24,64.46624866415785,64.57693,0.062531028464354,0.06253104,-0.11067852090074837
2014-08-25,66.74863390010444,66.54019,0.0625312567028776,0.06253123,0.2084422497138121
2014-08-29,67.41438992319272,67.40147,0.0625313232784799,0.06253132,0.01292355356380881
2014-08-30,66.63865493208854,66.58458,0.0625312457049808,0.06253124,0.05407546431510468
2014-08-31,67.26798124009892,67.03895,0.0625313086376116,0.062531285,0.22903318101688797
2014-09-02,67.16591610417267,66.97793,0.062531298431098,0.06253128,0.18798794255157247
2014-09-03,65.6320103852026,65.50626,0.0625311450405261,0.06253113,0.12574665229244886
2014-09-04,66.68425517109,66.53133,0.0625312502650047,0.06253123,0.1529288771446886
2014-09-05,67.63286118219303,67.50691,0.0625313451256058,0.06253133,0.12594895074771273
2014-09-06,69.78976916413582,69.634735,0.062531560816404,0.062531546,0.15503405671394432
2014-09-07,65.35358458320539,65.20923,0.0625311171979459,0.0625311,0.14435606758038944
2014-09-08,66.83919289915407,66.75209,0.0625312657587775,0.062531255,0.08710244505250841
2014-09-09,66.98909931213137,66.96317,0.0625312807494188,0.06253128,0.02592639953371645
2014-09-10,70.76422876908795,70.52769,0.0625316582623645,0.062531635,0.23654169633404365
2014-09-11,67.8261397141222,67.642654,0.062531364453459,0.062531345,0.18348529517689371
2014-09-12,67.78244301008928,67.69663,0.0625313600837886,0.06253135,0.08581062483537494
2014-09-13,63.792340613128,63.84438,0.0625309610735489,0.062530965,-0.0520388119208306
2014-09-15,65.69884638416012,65.57946,0.062531151724126,0.062531136,0.11938624011715149
2014-09-16,64.7303240411401,64.71826,0.0625310548718917,0.062531054,0.012062322390093527
2014-09-17,66.41688950217994,66.31831,0.0625312235284378,0.06253121,0.09857590354712897
2014-09-19,65.62257519215908,65.49057,0.0625311440970068,0.06253113,0.13200512379970064
2014-09-21,65.4242456671339,65.27867,0.0625311242640543,0.062531106,0.14557440248546527
2014-09-22,66.7170162590991,66.57775,0.0625312535411135,0.06253124,0.1392650994311282
2014-09-23,69.06472309109458,68.84705,0.0625314883117967,0.062531464,0.21766956326254672
2014-09-24,67.29473245314921,67.0922,0.0625313113127329,0.062531285,0.20253122023905235
2014-09-26,67.5451010821726,67.3855,0.0625313363495958,0.062531315,0.159603035297593
2014-09-27,69.35317285114428,69.10486,0.0625315171567727,0.06253149,0.24831445270677932
2014-09-28,64.86684523410169,64.70229,0.062531068524011,0.06253105,0.16455183810559504
2014-09-29,64.98613167607581,64.81205,0.0625310804526552,0.06253106,0.17408181035315806
2014-09-30,66.37230128919703,66.264336,0.0625312190696165,0.0625312,0.1079656568728069
2014-10-01,65.64788332913407,65.59543,0.0625311466278205,0.062531136,0.05245486233719987
2014-10-02,65.55915525410794,65.50626,0.062531137755013,0.06253113,0.05289152119777896
2014-10-03,68.1648780011257,67.96059,0.0625313983272877,0.062531374,0.20429145327413778
2014-10-04,67.39817991707753,67.40147,0.0625313216574793,0.06253132,-0.0032864525513787157
2014-10-05,71.06850530111397,70.84512,0.0625316886900177,0.062531665,0.2233820100983479
2014-10-06,65.89857257419118,65.65112,0.062531171696745,0.06253114,0.24744952731617786
2014-10-07,48.93943806816292,49.861195,0.0625294757832944,0.062529564,-0.9217565424327816
2014-10-08,25.53806903213274,39.28946,0.0625271356463908,0.062528506,-13.751390196382886
2014-10-10,37.49030014418842,42.867867,0.062528330869502,0.06252886,-5.377566371924864
2014-10-11,76.15018440709775,77.387146,0.0625321968579283,0.06253232,-1.236961588995996
2014-10-12,95.22788719018571,84.960884,0.0625341046282066,0.06253307,10.26700309594743
2014-10-13,82.49697820511548,82.21142,0.0625328315373081,0.0625328,0.28556005326001355
2014-10-14,82.17352568715141,82.65736,0.0625327991920563,0.06253284,-0.4838305750556202
2014-10-15,81.3008433181439,78.419586,0.0625327119238194,0.062532425,2.8812571365032795
2014-10-16,83.10032493810682,78.7789,0.0625328918719814,0.062532455,4.321424791622448
2014-10-17,66.15286864616876,66.300156,0.0625311971263522,0.06253121,-0.14728699347968188
2014-10-18,59.83650482807579,59.41333,0.0625305654899704,0.06253052,0.42317474995078896
2014-10-19,68.34702431013362,68.26174,0.0625314165419186,0.062531404,0.0852826719500257
2014-10-20,64.57954127514486,64.57635,0.0625310397936151,0.06253104,0.003193924070643561
2014-10-21,64.30627227119179,64.23452,0.0625310124667147,0.062531,0.07175231269569338
2014-10-22,65.23223118407029,65.18687,0.062531105062606,0.0625311,0.045364423816380395
2014-10-23,64.91668125219175,64.88258,0.0625310735076128,0.06253107,0.03409763402768817
2014-10-24,65.21434849915408,65.13289,0.0625311032743375,0.06253109,0.08145970520877199
2014-10-25,65.2497792180684,65.21644,0.0625311068174094,0.0625311,0.03334092461136606
2014-10-27,65.81503668209865,65.66709,0.0625311633431558,0.06253114,0.1479453124697443
2014-10-28,70.93580896816442,70.64532,0.0625316754203844,0.06253164,0.2904918905277043
2014-10-29,67.91058767011138,67.57371,0.0625313728982546,0.06253134,0.3368800895449766
2014-10-30,67.8155495890953,67.61099,0.0625313633944465,0.06253134,0.20455715745467273
2014-10-31,70.91530424510606,70.66101,0.0625316733699121,0.06253164,0.2542935029185571
2014-11-02,67.97255583917972,67.8952,0.0625313790950715,0.06253137,0.07735320246096933
2014-11-03,68.56239719119084,68.30663,0.0625314380792067,0.06253141,0.2557641955853711
2014-11-04,69.89660596506964,69.80341,0.0625315715000841,0.06253156,0.09319257395635816
2014-11-05,63.45367661919621,63.194546,0.0625309272071495,0.0625309,0.25913087334659934
2014-11-06,68.16456101413348,67.97628,0.062531398295589,0.062531374,0.18828080173113904
2014-11-07,63.967815726179154,63.882656,0.0625309786210602,0.062530965,0.08515962876704464
2014-11-08,64.92439668007167,64.89828,0.0625310742791556,0.06253107,0.02611939735682256
2014-11-09,67.13399011815113,66.9939,0.0625312952384994,0.06253128,0.14009363377613226
2014-11-10,68.61457687412641,68.37658,0.062531443297175,0.06253142,0.23799758945844474
2014-11-11,65.50498744914424,65.50626,0.0625311323382325,0.06253113,-0.0012762837659181514
2014-11-12,66.70305287309608,66.56178,0.0625312521447749,0.06253123,0.14127003618202139
2014-11-13,69.19723982909409,69.02787,0.0625315015634705,0.06253148,0.16936965087143108
2014-11-14,65.44191945206946,65.4746,0.0625311260314328,0.06253113,-0.03268229353601271
2014-11-15,67.39426194210529,67.03895,0.0625313212656818,0.062531285,0.35531388302325695
2014-11-16,70.23170810818714,69.98485,0.0625316050102984,0.062531576,0.24686008572619755
2014-11-17,66.26629073316903,66.16794,0.0625312084685609,0.062531196,0.09835250074715418
2014-11-18,67.5198903121732,67.36391,0.0625313338285188,0.062531315,0.15598345182164053
2014-11-19,68.7151513431572,68.623825,0.0625314533546219,0.06253144,0.09132626991501525
2014-11-20,69.46349154712817,69.10486,0.0625315281886423,0.06253149,0.35863314869067153
2014-11-21,69.7468898860909,69.60307,0.0625315565284762,0.06253154,0.1438167659737104
2014-11-22,65.57330269010842,65.56024,0.0625311391697566,0.062531136,0.013060990889670165
2014-11-23,66.48750189616747,66.28003,0.0625312305896772,0.06253121,0.20747259929247264
2014-11-24,67.92815185716061,67.62696,0.0625313746546733,0.062531345,0.30119110276608296
2014-11-25,65.83355189410112,65.682785,0.062531165194677,0.06253115,0.15076685992143268
2014-11-26,68.19970035210065,68.15593,0.0625314018095228,0.0625314,0.04377078667096157
2014-11-27,66.49987395718205,66.31831,0.0625312318268833,0.06253121,0.18156035854923402
2014-11-28,67.09619532016542,67.00959,0.0625312914590196,0.06253128,0.08660517123963984
2014-11-30,66.33154337506997,66.24837,0.0625312149938251,0.0625312,0.08317606549965717
2014-12-01,67.13650644613045,67.00959,0.0625312954901322,0.06253128,0.1269162972046729
2014-12-02,68.4345946601328,68.32846,0.0625314252989536,0.06253141,0.10613396677342735
2014-12-03,68.39570697719788,68.20776,0.0625314214101853,0.0625314,0.18794330532287518
2014-12-05,68.73882031119271,68.623825,0.0625314557215187,0.06253144,0.11499523795052369
2014-12-06,68.95558349415131,68.623825,0.062531477397837,0.06253144,0.3317584209091251
2014-12-07,67.99478015406812,67.948456,0.062531381317503,0.062531374,0.046324343521249034
2014-12-08,70.37499699213967,70.188416,0.0625316193391868,0.0625316,0.1865814647959212
2014-12-10,68.7600513321618,68.623825,0.0625314578446208,0.06253144,0.13622625891960638
2014-12-11,66.934242593103,66.75209,0.0625312752637469,0.062531255,0.18215213900143112
2014-12-12,63.27821378215859,63.194546,0.0625309096608658,0.0625309,0.08366803630897834
2014-12-13,66.10564710407552,66.01027,0.062531192404198,0.06253118,0.09537793903645309
2014-12-14,65.84424616817853,65.66709,0.0625311662641044,0.06253114,0.17715479854962268
2014-12-15,65.75216086615599,65.6651,0.0625311570555742,0.06253114,0.08706076849973954
2014-12-16,67.05906485215962,66.96317,0.0625312877459728,0.06253128,0.09589193956196596
2014-12-18,67.71226502819138,67.584015,0.0625313530659904,0.06253134,0.12825013561325704
2014-12-19,66.78502885118509,66.593445,0.0625312603423727,0.06253124,0.19158402696633914
2014-12-20,67.96984096613113,67.916794,0.0625313788235842,0.062531374,0.053047142888942744
2014-12-22,67.99660433209897,67.948456,0.0625313814999208,0.062531374,0.04814852155209337
2014-12-23,68.44527731017513,68.32846,0.0625314263672186,0.06253141,0.11681661681575406
2014-12-24,68.7113030331532,68.623825,0.0625314529697909,0.06253144,0.0874779599110127
2014-12-25,70.34354620016892,70.188416,0.0625316161941076,0.0625316,0.15513067282516602
2014-12-27,66.46868639118009,66.28003,0.0625312287081267,0.06253121,0.1886570943050856
2014-12-28,62.767037052186005,62.813812,0.0625308585431928,0.06253086,-0.04677520367336996
2014-12-29,65.96543823414459,65.963264,0.062531178383311,0.06253117,0.0021737688125540444
2014-12-31,65.03023242718231,65.02563,0.0625310848627303,0.062531084,0.004605290951843699
2015-01-01,65.85598635408529,65.682785,0.062531167438123,0.06253115,0.17320131990560128
2015-01-02,66.49924029211718,66.31831,0.0625312317635168,0.06253121,0.1809266934843663
2015-01-03,66.86132131908384,66.7364,0.0625312679716195,0.062531255,0.12492452953306099
2015-01-04,66.78565700218853,66.593445,0.0625312604051878,0.06253124,0.19221217796977896
2015-01-06,67.06723112509528,66.947205,0.0625312885626001,0.06253128,0.12002653525152596
2015-01-07,67.72188486117714,67.59971,0.0625313540279737,0.06253134,0.12217630404823865
2015-01-08,67.38533010614,67.06054,0.0625313203724982,0.062531285,0.32479086053453443
2015-01-09,67.68991698616334,67.501015,0.0625313508311862,0.06253133,0.18890227669068338
2015-01-11,66.16661683209179,66.01027,0.0625311985011708,0.06253118,0.15634766705272796
2015-01-12,67.41106915009176,67.39557,0.0625313229464026,0.06253132,0.01550030243551248
2015-01-13,69.0396343670796,68.89441,0.0625314858029243,0.06253147,0.1452251873921
2015-01-14,68.62147948011321,68.338295,0.0625314439874356,0.06253141,0.2831844972030524
2015-01-15,69.36191742509811,69.10486,0.0625315180312301,0.06253149,0.2570590266606132
2015-01-17,69.72494541818142,69.634735,0.0625315543340294,0.062531546,0.09021031075954511
2015-01-18,68.46169950114333,68.32846,0.0625314280094377,0.06253141,0.13323880778395392
2015-01-19,70.15155223819013,69.94326,0.0625315969947114,0.062531576,0.2082920453190411
2015-01-21,68.31729460018975,68.15593,0.0625314135689476,0.0625314,0.1613650347600668
2015-01-22,69.32958272712342,69.10486,0.0625315147977603,0.06253149,0.22472432868592307
2015-01-23,64.18262334009772,64.18054,0.0625310001018216,0.062530994,0.002081347910220188
2015-01-24,64.28224658711068,64.23452,0.0625310100641463,0.062531,0.04772662861458343
2015-01-25,65.7676786501582,65.66709,0.0625311586073526,0.06253114,0.10058728052929666
2015-01-27,64.18550298412096,64.21883,0.062531000389786,0.062531,-0.03332330982435394
2015-01-28,65.63025650913046,65.49057,0.0625311448651385,0.06253113,0.1396864407710865
2015-01-29,66.13842192512709,65.994576,0.0625311956816801,0.06253118,0.14384642463880937
2015-01-30,65.20390864711567,65.13289,0.0625311022303523,0.06253109,0.07101985317035542
2015-02-01,65.9383768530919,65.9316,0.0625311756771729,0.06253117,0.0067743750645519185
2015-02-02,65.81807236213932,65.63543,0.0625311636467238,0.06253114,0.1826429798150997
2015-02-03,65.4407340140717,65.27867,0.062531125912889,0.062531106,0.1620627494232565
2015-02-04,66.1891080860899,66.082184,0.0625312007502962,0.06253119,0.10692424819927737
2015-02-05,67.12664536306923,66.94064,0.0625312945040239,0.06253127,0.1860020525223547
2015-02-07,66.44832233906884,66.28003,0.0625312266717215,0.06253121,0.168293042193838
2015-02-08,67.33521129315135,67.03895,0.0625313153606169,0.062531285,0.29626323406931476
2015-02-09,67.97912001310635,67.948456,0.0625313797514889,0.062531374,0.030664202559478326
2015-02-11,67.91976888215201,67.642654,0.0625313738163758,0.062531345,0.27711446320670063
2015-02-12,67.83022813719452,67.61099,0.0625313648623013,0.06253134,0.21923570555389915
2015-02-13,69.47579953814342,69.35793,0.0625315294194414,0.062531516,0.11786649370982616
2015-02-15,67.93436865312752,67.948456,0.0625313752763529,0.062531374,-0.014087157419353957
2015-02-16,68.02681505019281,67.948456,0.0625313845209926,0.062531374,0.07835923964593405
2015-02-17,68.8602500410751,68.623825,0.0625314678644917,0.06253144,0.23642496783291733
2015-02-18,69.00113014518539,68.89441,0.0625314819525021,0.06253147,0.10672096549788535
2015-02-20,68.993591028077,68.89441,0.0625314811985904,0.06253147,0.09918184838950594
2015-02-21,68.4701307571145,68.32846,0.0625314288525633,0.06253141,0.1416700637551287
2015-02-22,63.52067350820501,63.84438,0.0625309339068384,0.062530965,-0.3237059168438208
2015-02-23,62.45642059518608,62.498928,0.0625308274815471,0.06253083,-0.04250747488227802
2015-02-24,63.44031045213416,63.178844,0.0625309258705328,0.0625309,0.2614660002298663
2015-02-25,65.17719983015202,65.13289,0.0625310995594706,0.06253109,0.0443110362067074
2015-02-27,65.25210016414262,65.2481,0.062531107049504,0.062531106,0.003999883380899405
2015-02-28,64.78245550209371,64.71826,0.0625310600850378,0.062531054,0.06419378334371117
2015-03-01,65.90977221707095,65.66709,0.0625311728167093,0.06253114,0.24268084744204543
2015-03-02,65.99552301908562,65.91591,0.0625311813917895,0.06253117,0.07961420560906163
2015-03-04,65.43288633517608,65.231316,0.0625311251281211,0.062531106,0.20157072238311002
2015-03-05,65.3652318001463,65.23213,0.0625311183626676,0.062531106,0.1330998421384919
2015-03-06,66.26126040007452,66.082184,0.0625312079655276,0.06253119,0.17907656218389434
2015-03-08,66.17649361509437,65.94132,0.0625311994888491,0.06253117,0.2351712884342163
2015-03-09,66.57181923108712,66.53133,0.0625312390214107,0.06253123,0.04049293714180635
2015-03-10,65.84721722519005,65.682785,0.0625311665612101,0.06253115,0.16443219101036277
2015-03-11,67.87267256114227,67.642654,0.0625313691067437,0.062531345,0.23001814219695405
2015-03-12,67.83305535718043,67.57371,0.0625313651450233,0.06253134,0.2593477766140211
2015-03-14,66.06175293619177,65.9316,0.0625311880147812,0.06253117,0.1301504581644224
2015-03-15,67.2350598651672,67.0922,0.0625313053454741,0.062531285,0.14285863225704531
2015-03-16,68.28958973317812,68.15593,0.0625314107984609,0.0625314,0.13366016774843104
2015-03-17,68.4719056510963,68.32846,0.0625314290300527,0.06253141,0.1434449577369179
2015-03-19,66.93703025709152,66.75209,0.0625312755425133,0.062531255,0.18493980298995893
2015-03-20,69.02588177412628,68.89441,0.062531484427665,0.06253147,0.131472594438776
2015-03-21,68.6425709321703,68.623825,0.0625314460965808,0.06253144,0.018745858928113535
2015-03-22,69.5091063140918,69.35793,0.062531532750119,0.062531516,0.15117326965820155
2015-03-24,69.57636106419417,69.39812,0.062531539475594,0.062531516,0.17824399876448638
2015-03-25,68.90972757120362,68.623825,0.0625314728122447,0.06253144,0.2859024979614304
2015-03-26,70.44169095110631,70.23998,0.0625316260085827,0.062531605,0.20170834612584088
2015-03-27,70.52733471110683,70.37375,0.0625316345729587,0.06253162,0.15358593180995683
2015-03-28,70.10269989018991,69.94326,0.0625315921094766,0.062531576,0.1594396973188168
2015-03-30,69.62155130407766,69.39812,0.062531543994618,0.062531516,0.2234342386479682
2015-03-31,69.72660036713707,69.634735,0.0625315544995243,0.062531546,0.09186525971519188
2015-04-01,59.26101709907705,58.878586,0.0625305079411975,0.062530465,0.3824312836473638
2015-04-02,53.18508675411504,51.506405,0.062529900348163,0.06252973,1.6786818774060563
2015-04-03,59.69297684718655,59.86698,0.0625305511371723,0.06253057,-0.1740046591611062
2015-04-05,58.41626154412527,53.704018,0.062530423465642,0.06252995,4.7122439049651135
2015-04-06,59.13273829011301,59.5173,0.0625304951133166,0.06253053,-0.3845613619865986
2015-04-08,58.776956381179076,53.704018,0.0625304595351257,0.06252995,5.07293874201892
2015-04-09,59.05000955208628,59.351067,0.0625304868404428,0.06253052,-0.30105703726918875
2015-04-10,65.68348381419398,65.311104,0.062531150187869,0.06253111,0.3723799933931957
2015-04-11,71.6510929740788,73.76676,0.062531746948785,0.062531956,-2.1156688057063633
2015-04-13,69.55961949509093,70.669174,0.0625315378014371,0.06253165,-1.1095546992450096
2015-04-14,69.38954225710336,70.43179,0.0625315207937133,0.06253162,-1.0422509557872672
2015-04-15,68.60143688419696,68.30663,0.062531441983176,0.06253141,0.2948038885914883
2015-04-16,68.78863548109848,68.59216,0.0625314607030357,0.06253144,0.19647239516098125
2015-04-17,69.4730010651623,69.32627,0.0625315291395941,0.06253151,0.1467300080333871
2015-04-19,70.094448392094,69.965576,0.0625315912843268,0.062531576,0.12887222021899447
2015-04-20,69.52092576617552,69.35793,0.0625315339320642,0.062531516,0.16299272174192936
2015-04-21,71.59400873313348,71.24076,0.0625317412403609,0.0625317,0.35324792991082177
2015-04-22,70.87148477219473,70.55935,0.0625316689879648,0.062531635,0.3121357121361399
2015-04-24,71.22748300114611,71.06453,0.0625317045877877,0.06253169,0.16295358220079947
2015-04-25,70.91014973814592,70.69267,0.0625316728544614,0.06253165,0.21747700865373076
2015-04-26,71.68704264315373,71.52461,0.0625317505437519,0.06253173,0.1624302163959186
2015-04-28,72.53893433714632,72.32636,0.0625318357329213,0.062531814,0.2125717272830343
2015-04-29,72.23474845316491,71.941505,0.0625318053143329,0.06253178,0.2932430210360053
2015-04-30,71.45760284418823,71.11851,0.062531727599772,0.062531695,0.3390954589343238
2015-05-01,71.60277870510434,71.29474,0.0625317421173581,0.06253171,0.30803993557309184
2015-05-02,72.27698432019092,72.08961,0.0625318095379196,0.06253179,0.18737708142138843
2015-05-03,72.06099421216972,71.941505,0.0625317879389088,0.06253178,0.1194887800408111
2015-05-04,72.97764017019648,72.62345,0.0625318796035046,0.062531844,0.35418893728632383
2015-05-06,71.47954549410751,71.29474,0.062531729794037,0.06253171,0.18480672457626213
2015-05-07,71.72598627411264,71.52461,0.062531754438115,0.06253173,0.2013738473548301
2015-05-08,72.73685215913872,72.38034,0.0625318555247035,0.062531814,0.3565115829668457
2015-05-09,73.39677764214846,73.09683,0.0625319215172518,0.06253189,0.29994536675783934
2015-05-10,74.25445955611121,73.25584,0.0625320072854432,0.0625319,0.9986230692948084
2015-05-11,73.14312860010052,72.791626,0.0625318961523476,0.06253186,0.35150262353802475
2015-05-13,71.59765912007066,71.29474,0.0625317416053996,0.06253171,0.30292035053940936
2015-05-15,73.14174868516821,72.791626,0.0625318960143561,0.06253186,0.35012270860570993
2015-05-16,73.46745643510566,73.09683,0.0625319285851311,0.06253189,0.37062415971503526
2015-05-17,75.0113986280887,77.046844,0.0625320829793504,0.06253228,-2.035445854333176
2015-05-18,74.9690882270726,77.046844,0.0625320787483103,0.06253228,-2.0777562553492714
2015-05-19,75.6066270721223,76.946236,0.0625321425021948,0.062532276,-1.3396085846159878
2015-05-21,74.11333302315137,73.491516,0.0625319931727899,0.062531926,0.6218169098701196
2015-05-22,74.24368448707975,73.15523,0.0625320062079363,0.062531896,1.0884568259469347
2015-05-23,76.33802922610289,77.046844,0.0625322156424102,0.06253228,-0.7088152563189851
2015-05-25,73.44880326415337,73.09683,0.062531926719814,0.06253189,0.35197098876274424
2015-05-26,75.33367445314299,76.946236,0.0625321152069329,0.062532276,-1.6125612035952912
2015-05-27,70.80131855019545,70.61333,0.0625316619713426,0.06253164,0.18799152382825923
2015-05-29,70.17469398920562,69.89663,0.0625315993088865,0.06253157,0.2780646557095281
2015-05-30,70.26707096915996,70.05452,0.0625316085465845,0.06253158,0.21255131583964726
2015-05-31,70.39484051812872,70.24239,0.0625316213235394,0.062531605,0.15244702447637337
2015-06-02,70.52985499009235,70.42773,0.0625316348249866,0.06253162,0.1021282444868774
2015-06-03,70.62073866109797,70.42773,0.0625316439133537,0.06253162,0.19301191549250518
2015-06-05,70.71730252009023,70.61333,0.0625316535697396,0.06253164,0.10397549372304127
2015-06-06,70.8475110351714,70.61333,0.0625316665905911,0.06253164,0.2341840088042062
2015-06-07,70.92248238207976,70.74665,0.0625316740877258,0.06253166,0.1758316862789826
2015-06-08,71.11430018316712,70.93076,0.0625316932695059,0.06253167,0.18353693853821085
2015-06-09,71.20693176015935,70.93076,0.0625317025326636,0.06253167,0.2761685155304434
2015-06-10,71.23271126410758,71.11851,0.062531705110614,0.062531695,0.11420387885367234
2015-06-11,71.38713432913724,71.11851,0.0625317205529205,0.062531695,0.2686269438833335
2015-06-12,71.57938903309957,71.29474,0.0625317397783909,0.06253171,0.2846502635683237
2015-06-13,71.69168321316532,71.52461,0.0625317510078089,0.06253173,0.16707078640750694
2015-06-14,71.82294842519865,71.712585,0.0625317641343301,0.062531754,0.1103629759798963
2015-06-15,71.84435845908332,71.712585,0.0625317662753335,0.062531754,0.13177300986457396
2015-06-16,72.007520348083,71.712585,0.0625317825915224,0.062531754,0.2949348988642555
2015-06-17,65.09155995815252,65.0953,0.0625310909954834,0.06253109,-0.003738808937328031
2015-06-18,65.2451091741335,65.20256,0.062531106350405,0.0625311,0.042548749328815916
2015-06-19,65.34604275909572,65.30208,0.0625311164437635,0.062531106,0.043964512025411295
2015-06-20,65.45185473910698,65.54455,0.0625311270249615,0.062531136,-0.09269329556099137
2015-06-22,65.54754493418025,65.54455,0.062531136593981,0.062531136,0.00299689951228288
2015-06-23,65.64654846913376,65.64941,0.0625311464943345,0.06253114,-0.0028579639717065675
2015-06-24,65.78873738713465,65.66709,0.0625311607132263,0.06253114,0.12164601750573922
2015-06-25,65.84160723910327,65.63543,0.0625311660002115,0.06253114,0.20617785677904976
2015-06-26,65.9263740881988,65.91591,0.0625311744768964,0.06253117,0.010465274722236018
2015-06-28,66.02180996212459,65.91591,0.0625311840204838,0.06253117,0.10590114864803013
2015-06-29,66.09146612407413,65.89432,0.0625311909861,0.062531166,0.19714849712100602
2015-06-30,66.16268781414747,65.97861,0.062531198108269,0.06253118,0.1840806364130998
2015-07-01,66.23696814811453,66.11947,0.0625312055363024,0.06253119,0.11749945914968407
2015-07-03,66.30250958511441,66.18953,0.0625312120904461,0.062531196,0.11298016616909479
2015-07-04,66.41156316114505,66.28003,0.0625312229958037,0.06253121,0.13153386427005387
2015-07-05,66.63265699216603,66.58458,0.0625312451051868,0.06253124,0.04807752439259616
2015-07-06,66.63640698609252,66.58458,0.0625312454801862,0.06253124,0.05182751831908661
2015-07-08,66.79501784317976,66.75209,0.0625312613412719,0.062531255,0.04292738907820137
2015-07-10,59.57556415719934,58.878586,0.0625305393959033,0.062530465,0.6969783417696505
2015-07-11,59.80408636807599,58.878586,0.0625305622481244,0.062530465,0.9255005526463052
2015-07-12,59.88117122712744,58.862885,0.0625305699566103,0.062530465,1.0182867056430638
2015-07-14,60.011563440126594,60.529167,0.0625305829958316,0.06253063,-0.5176037351663751
2015-07-15,60.10332207109781,60.529167,0.0625305921716947,0.06253063,-0.42584510419516164
2015-07-16,60.15881436408077,60.529167,0.062530597720924,0.06253063,-0.3703528112122001
2015-07-17,60.21998691416175,60.529167,0.062530603838179,0.06253063,-0.30918026113121755
2015-07-18,60.284035742069754,60.497498,0.0625306102430618,0.06253063,-0.21346181652399565
2015-07-19,60.33322858908785,60.497498,0.0625306151623465,0.06253063,-0.16426896950589764
2015-07-21,60.39684064707007,60.497498,0.0625306215235523,0.06253063,-0.10065691152367862
2015-07-22,60.462819684165005,59.90373,0.062530628121456,0.06253057,0.5590911990575833
2015-07-23,60.54303565414254,59.90373,0.062530636143053,0.06253057,0.6393071690351206
2015-07-24,60.61513219315917,59.90373,0.0625306433527069,0.06253057,0.7114037080517477
2015-07-26,60.69877177411476,61.00134,0.062530651716665,0.06253068,-0.30256718462547383
2015-07-27,60.77673097806824,61.00134,0.0625306595125854,0.06253068,-0.2246079806719976
2015-07-28,60.85494458518692,61.00134,0.0625306673339461,0.06253068,-0.14639437355331353
2015-07-29,60.916991501125395,61.00134,0.0625306735386377,0.06253068,-0.08434745761483953
2015-07-30,60.97204710314719,61.00134,0.0625306790441979,0.06253068,-0.029291855593044147
2015-07-31,61.00026668218184,61.00134,0.0625306818661558,0.06253068,-0.0010722765583963678
2015-08-02,61.09945394211502,61.00134,0.0625306917848818,0.06253068,0.09811498337478497
2015-08-03,61.156257435135416,61.00134,0.0625306974652311,0.06253068,0.15491847639518141
2015-08-04,61.22860861212942,61.00134,0.0625307047003488,0.06253068,0.22726965338918603
2015-08-06,61.297646737068504,61.00134,0.0625307116041613,0.06253068,0.29630777832826993
2015-08-07,61.42785697008102,61.00134,0.0625307246251846,0.06253068,0.42651801134078227
2015-08-08,61.53971569208827,61.00134,0.0625307358110568,0.06253068,0.5383767333480378
2015-08-10,61.62360978417824,61.90079,0.062530744200466,0.06253077,-0.2771813840346482
2015-08-11,61.69676261214008,61.90079,0.0625307515157488,0.06253077,-0.20402855607281367
2015-08-13,70.4805884871318,70.19263,0.0625316298983363,0.0625316,0.28796153400679714
2015-08-14,70.51335985719388,70.19263,0.0625316331754733,0.0625316,0.3207329040688762
2015-08-15,70.6361419111623,70.34209,0.0625316454536787,0.06253161,0.2940551191701104
2015-08-16,70.72571616320577,70.52769,0.0625316544111039,0.062531635,0.19802909045186823
2015-08-17,70.7561204640883,70.52769,0.062531657451534,0.062531635,0.22843339133439144
2015-08-18,70.77997043719586,70.52769,0.0625316598365313,0.062531635,0.25228336444195065
2015-08-19,70.78914639510603,70.581665,0.0625316607541271,0.062531635,0.20748135604353024
2015-08-20,70.83808464217189,70.61333,0.0625316656479518,0.06253164,0.22475761580470532
2015-08-21,70.88221666909367,70.74665,0.0625316700611545,0.06253166,0.13556597329288422
2015-08-22,70.95649759314426,70.74665,0.0625316774892469,0.06253166,0.20984689734348194
2015-08-23,71.02903078412548,70.74665,0.062531684742566,0.06253166,0.2823800883247003
2015-08-24,71.07596647418224,70.93076,0.062531689436135,0.06253167,0.14520322955333143
2015-08-26,65.6645187700755,65.6651,0.0625311482913646,0.06253114,-0.0005813275807469154
2015-08-27,65.7731362001257,65.73676,0.0625311591531076,0.06253115,0.036373199637424136
2015-08-28,65.87206836911052,65.72107,0.0625311690463245,0.06253115,0.1509990331730222
2015-08-29,65.88605064319908,65.72107,0.0625311704445519,0.06253115,0.16498130726158422
2015-08-30,65.96801412211973,66.00155,0.0625311786408998,0.06253118,-0.03353464497011771
2015-08-31,66.05059691008886,66.00155,0.0625311868991786,0.06253118,0.04904814299901261
2015-09-01,66.11045846510733,66.01027,0.0625311928853341,0.06253118,0.10018930006826565
2015-09-02,66.11308011009176,65.97861,0.0625311931474986,0.06253118,0.134472932357383
2015-09-03,66.15633774409434,66.01027,0.062531197473262,0.06253118,0.1460685790552816
2015-09-04,66.20178001112697,66.15113,0.0625312020174887,0.062531196,0.0506493348574395
2015-09-05,66.24653105108402,66.15113,0.0625312064925927,0.062531196,0.09540037481448849
2015-09-06,66.30027524309745,66.18953,0.0625312118670119,0.062531196,0.11074582415213285
2015-09-07,66.31076184607232,66.18953,0.0625312129156722,0.062531196,0.12123242712701199
2015-09-08,66.36905793416803,66.28003,0.062531218745281,0.06253121,0.08902863729302624
2015-09-09,66.48109797918744,66.28003,0.0625312299492855,0.06253121,0.2010686823124388
2015-09-10,66.55406755415316,66.28003,0.062531237246243,0.06253121,0.2740382572781641
2015-09-11,66.65281713710836,66.58458,0.0625312471212013,0.06253124,0.06823766933491981
2015-09-12,66.7119868731636,66.593445,0.0625312530381749,0.06253124,0.1185420489448461
2015-09-13,66.78826941317051,66.75209,0.0625312606664289,0.062531255,0.0361789590689483
2015-09-14,66.80505565515027,66.75209,0.0625312623450531,0.062531255,0.052965201048706945
2015-09-15,66.9001269530678,66.75209,0.0625312718521829,0.062531255,0.14803649896623483
2015-09-16,66.94382101712915,66.75209,0.0625312762215893,0.062531255,0.1917305630275905
2015-09-17,66.99843872318145,66.97887,0.0625312816833599,0.06253128,0.019572146033013382
2015-09-18,67.0058667161244,66.97887,0.0625312824261592,0.06253128,0.027000138975964205
2015-09-19,67.07796225607909,66.97887,0.0625312896357132,0.06253128,0.0990956789306523
2015-09-20,67.14936597707054,67.00959,0.0625312967760853,0.06253128,0.13977582814476364
2015-09-21,67.19917724010149,67.0922,0.0625313017572116,0.062531285,0.10697600719133504
2015-09-22,67.25878365407279,67.0922,0.062531307717853,0.062531285,0.1665824211626301
2015-09-23,67.26708543514093,67.0922,0.0625313085480311,0.062531285,0.17488420223077128
2015-09-24,67.35159748819109,67.0922,0.0625313169992364,0.062531285,0.259396255280933
2015-09-25,67.4302469960697,67.41716,0.0625313248641872,0.06253132,0.013086961890010684
2015-09-26,67.48548403018306,67.41716,0.0625313303878906,0.06253132,0.06832399600337169
2015-09-27,67.58991332511677,67.41716,0.0625313408308201,0.06253132,0.1727532909370808
2015-09-28,67.65370657912939,67.522606,0.0625313472101455,0.06253133,0.13110068313329748
2015-09-29,67.74065781714467,67.59971,0.0625313559052693,0.06253134,0.14094926001575914
2015-09-30,67.76206797315388,67.59971,0.0625313580462849,0.06253134,0.1623594160249695
2015-10-01,67.876729128169,67.642654,0.0625313695124004,0.062531345,0.234074709223691
2015-10-02,68.00213166111013,67.948456,0.0625313820526537,0.062531374,0.05367585056325197
2015-10-03,68.06698132619249,67.948456,0.0625313885376202,0.062531374,0.11852551564561509
2015-10-04,68.1150446751877,67.948456,0.0625313933439551,0.062531374,0.16658886464082912
2015-10-05,68.18338967110039,67.97628,0.0625314001784547,0.062531374,0.2071094586980422
2015-10-06,68.195369318097,67.97628,0.0625314013764194,0.062531374,0.2190891056946498
2015-10-07,68.27008612708684,68.15593,0.0625314088481003,0.0625314,0.11415656165715404
2015-10-08,68.36657789707768,68.20776,0.0625314184972773,0.0625314,0.15881422520267563
2015-10-09,68.4080869241266,68.32846,0.06253142264818,0.06253141,0.07962623076721798
2015-10-10,68.47249948108147,68.32846,0.0625314290894357,0.06253141,0.14403878772209566
2015-10-11,68.47817962812863,68.32846,0.0625314296574504,0.06253141,0.14971893476925402
2015-10-12,68.53603797513097,68.338295,0.0625314354432851,0.06253141,0.19774299222081027
2015-10-13,68.60463763316838,68.338295,0.0625314423032509,0.06253141,0.266342650258224
2015-10-14,68.68853031319344,68.623825,0.0625314506925189,0.06253144,0.06470523995125177
2015-10-15,68.7750447671276,68.623825,0.0625314593439643,0.06253144,0.1512196938854089
2015-10-16,68.79445251808947,68.623825,0.0625314612847394,0.06253144,0.17062744484728398
2015-10-17,68.89931866510545,68.623825,0.0625314717713541,0.06253144,0.27549359186326683
2015-10-18,69.01423448613109,68.89441,0.0625314832629362,0.06253147,0.11982530644358746
2015-10-19,69.16690991717877,69.043564,0.0625314985304793,0.062531486,0.12334607440533318
2015-10-20,69.28637762818046,69.043564,0.0625315104772504,0.062531486,0.24281378540702292
2015-10-21,69.3257025061178,69.10486,0.0625315144097382,0.06253149,0.22084410768030693
2015-10-22,64.21050024019159,64.18054,0.0625310028895116,0.062530994,0.029958248004092525
2015-10-23,64.22011291515317,64.18054,0.0625310038507791,0.062530994,0.039570922965666
2015-10-24,64.30262251416741,64.16485,0.062531012101739,0.062530994,0.13777418653069162
2015-10-25,64.57352779709602,64.57693,0.0625310391922673,0.06253104,-0.0033993879625739964
2015-10-26,64.66004253011248,64.57693,0.0625310478437406,0.06253104,0.08311534505388352
2015-10-27,64.7449917220988,64.71826,0.0625310563386598,0.062531054,0.02673000334880271
2015-10-28,64.7567891161327,64.71826,0.0625310575183992,0.062531054,0.03852739738269406
2015-10-29,64.83256249009695,64.6866,0.0625310650957366,0.06253105,0.14596275865163477
2015-10-30,64.94835253917364,64.85092,0.0625310766747415,0.06253106,0.09743090831426571
2015-10-31,65.04247764507754,64.993965,0.0625310860872521,0.06253108,0.048512496151758455
2015-11-01,65.15976089707665,65.04666,0.0625310978155773,0.062531084,0.11309952012352653
2015-11-02,65.14359392209568,64.9394,0.0625310961988798,0.06253108,0.2041942028573942
2015-11-03,65.22155215016312,65.04666,0.0625311039947026,0.062531084,0.17489077320999513
2015-11-04,65.40088153220158,65.209724,0.0625311219276408,0.0625311,0.19115710593204938
2015-11-05,65.48102459119632,65.43732,0.0625311299419467,0.06253112,0.043707696665066464
2015-11-06,65.56535489019022,65.43732,0.0625311383749766,0.06253112,0.12803799565897123
2015-11-07,65.73638243106971,65.542175,0.0625311554777307,0.062531136,0.19420713810096402
2015-11-08,65.75473411415955,65.542175,0.062531157312899,0.062531136,0.21255882119079672
2015-11-09,65.84667472719907,65.61384,0.0625311665069603,0.06253114,0.2328365313982914
2015-11-10,65.99672900814424,65.89432,0.0625311815123884,0.062531166,0.10241138119111781
2015-11-11,66.09853722319703,65.91591,0.0625311916932099,0.06253117,0.1826284097204649
2015-11-12,69.99207873711887,69.71777,0.0625315810473613,0.06253155,0.27430529961887373
2015-11-13,70.12352665716759,69.9116,0.0625315941921533,0.06253157,0.21192845160118168
2015-11-14,70.14712170211324,69.94326,0.0625315965516578,0.062531576,0.2038615092421452
2015-11-15,70.23014137616524,70.00054,0.0625316048536252,0.06253158,0.2295996891535168
2015-11-16,70.37975886720061,70.188416,0.0625316198153743,0.0625316,0.19134333985685714
2015-11-17,70.49904504716208,70.23998,0.0625316317439923,0.062531605,0.2590624421816159
2015-11-18,70.63599118117824,70.42773,0.0625316454386057,0.06253162,0.2082644355727723
2015-11-19,70.74566456516385,70.61333,0.0625316564059441,0.06253164,0.1323375387966621
2015-11-20,70.7641984591667,70.61333,0.0625316582593335,0.06253164,0.1508714327995193
2015-11-21,70.88042608113798,70.61333,0.0625316698820957,0.06253164,0.2670990547707959
2015-11-22,71.06325152619885,70.93076,0.0625316881646402,0.06253167,0.13248828156994819
2015-11-23,71.20744379113253,70.93076,0.0625317025838667,0.06253167,0.27668054650362706
2015-11-24,71.32629318118421,71.11851,0.0625317144688057,0.062531695,0.207785795930306
2015-11-25,71.40119326509708,71.11851,0.0625317219588141,0.062531695,0.2826858798431715
2015-11-26,71.41517561509714,71.11851,0.0625317233570491,0.062531695,0.2966682298432346
2015-11-27,67.45918867415158,67.47114,0.062531327758355,0.06253133,-0.011949326336704758
2015-11-28,67.55768393110206,67.47114,0.0625313376078807,0.06253133,0.0865459306137808
2015-11-29,67.60618529416674,67.576584,0.062531342458017,0.06253134,0.02960143186204789
2015-11-30,67.60618536813534,67.576584,0.0625313424580244,0.06253134,0.029601505830655128
2015-12-01,67.70074810008575,67.65369,0.0625313519142976,0.062531345,0.04706157664824673
2015-12-02,67.7732815732024,67.69663,0.0625313591676449,0.06253135,0.0766491879484903
2015-12-03,67.83838704213507,67.642654,0.0625313656781918,0.062531345,0.19573262318975537
2015-12-04,67.91590891813692,67.642654,0.0625313734303794,0.062531345,0.2732544991916086
2015-12-05,68.02427184815497,67.948456,0.0625313842666724,0.062531374,0.0758160376080923
2015-12-06,68.0310081550839,67.948456,0.0625313849403031,0.062531374,0.08255234453702087
2015-12-07,68.14960287607197,67.97628,0.0625313967997752,0.062531374,0.173322663669623
2015-12-08,68.28068707109836,68.15593,0.0625314099081947,0.0625314,0.1247575056686685
2015-12-09,68.36982445510009,68.20776,0.0625314188219331,0.0625314,0.16206078322508688
2015-12-10,68.37375702312131,68.20776,0.0625314192151899,0.0625314,0.1659933512463141
2015-12-11,68.4685745411251,68.32846,0.0625314286969417,0.06253141,0.14011384776571845
2015-12-12,68.63592502709403,68.338295,0.0625314454319903,0.06253141,0.29763004418387595
2015-12-13,68.72986896319655,68.623825,0.0625314548263839,0.06253144,0.10604388995436409
2015-12-14,68.84740751916807,68.623825,0.0625314665802395,0.06253144,0.22358244592588505
2015-12-15,68.86532236113906,68.623825,0.0625314683717237,0.06253144,0.24149728789687686
2015-12-16,68.98591968618194,68.623825,0.0625314804314562,0.06253144,0.36209461293975664
2015-12-17,69.07349138315921,68.89441,0.0625314891886259,0.06253147,0.1790822034717081
2015-12-18,69.16656112118669,69.043564,0.0625314984955997,0.062531486,0.12299727841325137
2015-12-19,69.16612421414837,69.043564,0.062531498451909,0.062531486,0.12256037137493081
2015-12-20,69.3190553271994,69.10486,0.0625315137450203,0.06253149,0.21419692876189345
2015-12-21,69.4885902270681,69.35793,0.0625315306985103,0.062531516,0.13065718263450776
2015-12-22,69.60350732207465,69.39812,0.0625315421902198,0.062531516,0.2053902566449608
2015-12-23,69.65331917907491,69.39812,0.0625315471714055,0.062531516,0.2552021136452254
2015-12-24,69.73328044612703,69.634735,0.0625315551675322,0.062531546,0.0985453387051507
2015-12-25,69.91767150216211,69.749435,0.0625315736066378,0.06253155,0.1682360773574203
2015-12-26,70.01904325606989,69.749435,0.0625315837438132,0.06253155,0.2696078312652048
2015-12-27,70.1051216361881,69.94326,0.0625315923516512,0.062531576,0.16186144331700802
2015-12-28,70.12041472215236,69.94326,0.0625315938809598,0.062531576,0.17715452928126751
2015-12-29,70.18420896620637,70.00054,0.0625316002603842,0.06253158,0.1836672791946512
2015-12-30,70.25412041811174,70.05452,0.0625316072515294,0.06253158,0.19960076479142685
2015-12-31,70.38476708007279,70.24239,0.0625316203161956,0.062531605,0.1423735864204474
2016-01-01,70.44706847217364,70.29396,0.0625316265463348,0.062531605,0.15310790088457793
2016-01-02,70.5112994091317,70.29396,0.0625316329694285,0.062531605,0.21733883784263242
2016-01-03,70.51829048115854,70.29396,0.0625316336685357,0.062531605,0.22432990986948198
2016-01-04,70.60655342117084,70.42773,0.0625316424948297,0.06253162,0.17882667556537513
2016-01-05,70.68432973211802,70.42773,0.0625316502724608,0.06253162,0.2566029865125472
2016-01-06,70.7533669311311,70.61333,0.0625316571761807,0.06253164,0.14003990476390982
2016-01-07,70.7507452621381,70.61333,0.0625316569140138,0.06253164,0.13741823577090884
2016-01-08,64.79136590617496,64.78793,0.0625310609760782,0.06253106,0.0034325565655848322
2016-01-09,64.86065798616548,64.78793,0.0625310679052862,0.06253106,0.07272463655610295
2016-01-10,64.96202920119876,64.93656,0.0625310780424077,0.06253108,0.02546761672610387
2016-01-11,65.03306907407192,65.079605,0.062531085146395,0.062531084,-0.046536028467144774
2016-01-12,65.04461170619979,65.079605,0.0625310863006582,0.062531084,-0.03499339633927434
2016-01-13,65.19517525310769,65.18687,0.0625311013570129,0.0625311,0.008308492853785765
2016-01-14,65.26596027414678,65.2481,0.062531108435515,0.062531106,0.01785999338505917
2016-01-15,65.31995910108446,65.21644,0.0625311138353977,0.0625311,0.10352080762743299
2016-01-16,65.36714902111163,65.21644,0.0625311185543897,0.0625311,0.15071072765459803
2016-01-17,65.4619657430855,65.45891,0.0625311280360619,0.06253113,0.0030576620308124802
2016-01-18,65.54523977714277,65.43732,0.0625311363634653,0.06253112,0.10792288261151839
2016-01-19,65.6206487811839,65.43732,0.0625311439043657,0.06253112,0.18333188665265254
2016-01-20,65.62283344210829,65.43732,0.0625311441228318,0.06253112,0.18551654757703773
2016-01-21,65.71590235010527,65.542175,0.0625311534297226,0.062531136,0.17372705713651726
2016-01-22,65.7997951131195,65.61384,0.0625311618189989,0.06253114,0.18595691731871966
2016-01-23,65.8843799401787,65.63543,0.0625311702774816,0.06253114,0.24895055785448506
2016-01-24,65.93830573414783,65.91591,0.062531175670061,0.06253117,0.022396920671269527
2016-01-25,65.99754761915655,65.91591,0.0625311815942495,0.06253117,0.0816388056799866
2016-01-26,66.00148002314232,65.9316,0.0625311819874899,0.06253117,0.06987754511497712
2016-01-27,66.08755760320606,65.9316,0.0625311905952479,0.06253117,0.15595512517872123
2016-01-28,66.14505160512651,66.01027,0.0625311963446481,0.06253118,0.13478244008744866
2016-01-29,66.22046049217789,66.15113,0.0625312038855368,0.062531196,0.06932981590836107
2016-01-30,66.26965258715867,66.18953,0.0625312088047463,0.062531196,0.08012316821336185
2016-01-31,66.28013907716834,66.18953,0.0625312098533953,0.062531196,0.09060965822303046
2016-02-01,66.43219521818011,66.28003,0.0625312250590094,0.06253121,0.1521659213051123
2016-02-02,66.48619375618226,66.28003,0.0625312304588632,0.06253121,0.20616445930726002
2016-02-03,66.55024181914659,66.28003,0.0625312368636695,0.06253121,0.2702125222715921
2016-02-04,66.56116530015521,66.58458,0.0625312379560176,0.06253124,-0.023414167618227566
2016-02-05,66.67302245411122,66.58458,0.062531249141733,0.06253124,0.0884429863377818
2016-02-06,66.77333684715347,66.593445,0.0625312591731723,0.06253124,0.17989202293472317
2016-02-07,66.86797106816856,66.75209,0.0625312686365944,0.062531255,0.11588061406699524
2016-02-08,66.88632260609673,66.75209,0.0625312704717482,0.062531255,0.13423215199516392
2016-02-09,66.9662829211326,66.75209,0.0625312784677797,0.062531255,0.21419246703104022
2016-02-10,67.06546873111452,66.97887,0.0625312883863607,0.06253128,0.0866021539660835
2016-02-11,67.1614138531007,67.00959,0.0625312979808729,0.06253128,0.15182370417491597
2016-02-12,67.25124162415553,67.0922,0.06253130696365,0.062531285,0.1590403912453695
2016-02-13,67.26609754217905,67.0922,0.0625313084492418,0.062531285,0.17389630926889765
2016-02-14,67.42208616919432,67.41716,0.0625313240481045,0.06253132,0.00492613501462813
2016-02-15,67.5031750661803,67.41716,0.0625313321569942,0.06253132,0.086015032000617
2016-02-16,67.68869386108989,67.522606,0.0625313507088737,0.06253133,0.1660879650937943
2016-02-17,67.73282507810396,67.59971,0.0625313551219954,0.06253134,0.1331165209750509
2016-02-18,67.8423155431318,67.642654,0.0625313660710419,0.062531345,0.19966112418649118
2016-02-19,67.93101478719254,67.948456,0.0625313749409663,0.062531374,-0.01744102335433695
2016-02-20,67.99287820907773,67.948456,0.0625313811273085,0.062531374,0.04442239853085539
2016-02-21,68.0737125900721,67.948456,0.0625313892107466,0.062531374,0.1252567795252304
2016-02-22,68.14842969313229,67.97628,0.0625313966824569,0.062531374,0.17214948072994218
2016-02-23,68.15804236115497,67.97628,0.0625313976437237,0.062531374,0.1817621487526253
2016-02-24,68.23800278416003,68.15593,0.062531405639766,0.0625314,0.08207321873034346
2016-02-25,68.2906904191094,68.15593,0.0625314109085295,0.0625314,0.13476085367970825
2016-02-26,68.31104423912771,68.15593,0.0625314129439115,0.0625314,0.1551146736980229
2016-02-27,68.3586709281092,68.20776,0.0625314177065804,0.0625314,0.15090725623420553
2016-02-28,68.36653585112762,68.20776,0.0625314184930727,0.0625314,0.15877217925262244
2016-02-29,68.40130894109065,68.20776,0.0625314219703817,0.0625314,0.1935452692156474
2016-03-01,68.4946326282021,68.338295,0.0625314313027504,0.06253141,0.15633764529194139
2016-03-02,68.55780718614812,68.338295,0.0625314376202062,0.06253141,0.2195122032379686
2016-03-03,68.63645708912736,68.338295,0.0625314454851965,0.06253141,0.2981621062172053
2016-03-04,68.65437176414856,68.623825,0.062531447276664,0.06253144,0.03054669090637674
2016-03-05,68.78545501007305,68.623825,0.0625314603849886,0.06253144,0.16162993683086313
2016-03-06,68.87921580420175,68.623825,0.062531469761068,0.06253144,0.25539073095956155
2016-03-07,69.03127251614572,68.89441,0.0625314849667392,0.06253147,0.13686333645821946
2016-03-08,69.09969059318288,68.89441,0.0625314918085469,0.06253147,0.20528141349538487
2016-03-09,69.10930337014621,69.043564,0.0625314927698246,0.062531486,0.06573952737277011
2016-03-10,69.2023725910873,69.043564,0.0625315020767467,0.062531486,0.15880874831385938
2016-03-11,69.30487243719807,69.043564,0.0625315123267313,0.062531486,0.2613085944246336
2016-03-12,69.40624374215942,69.10486,0.0625315224638618,0.06253149,0.3013853437219183
2016-03-13,69.44888219409529,69.10486,0.062531526727707,0.06253149,0.3440237956577903
2016-03-14,69.45194086019346,69.10486,0.0625315270335736,0.06253149,0.34708246175596
2016-03-15,69.54395410013747,69.35793,0.0625315362348976,0.062531516,0.1860210557038755
2016-03-16,69.60163101810136,69.39812,0.0625315420025894,0.062531516,0.2035139526716705
2016-03-17,69.69801390810382,69.39812,0.0625315516408784,0.062531516,0.29989684267412997
2016-03-18,61.78126855910237,62.00272,0.0625307599663435,0.06253078,-0.22145132004801837
2016-03-19,61.97414357811404,62.00272,0.0625307792538454,0.06253078,-0.028576301036352447
2016-03-20,62.01346895412519,61.98702,0.062530783186383,0.06253078,0.026450368920109213
2016-03-21,62.023081821155344,61.98702,0.0625307841476697,0.06253078,0.03606323595026595
2016-03-22,62.17076969308732,61.98702,0.0625307989164569,0.06253078,0.18375110788224447
2016-03-23,62.18868455518112,61.98702,0.0625308007079431,0.06253078,0.20166596997604103
2016-03-24,62.296173470172135,61.98702,0.0625308114568346,0.06253078,0.30915488496705734
2016-03-25,62.35079210908934,62.451557,0.0625308169186985,0.06253082,-0.10076505033448768
2016-03-26,62.39474170610659,62.451557,0.0625308213136582,0.06253082,-0.0568154533172347
2016-03-27,62.39998518009493,62.451557,0.0625308218380056,0.06253082,-0.05157197932889801
2016-03-28,62.45791704814763,62.397,0.0625308276311924,0.062530816,0.06091768901676886
2016-03-29,62.52782872112617,62.397,0.0625308346223597,0.062530816,0.13082936199531048
2016-03-30,62.58707169415345,62.397,0.062530840546657,0.062530816,0.1900723350225917
2016-03-31,62.63338832010468,62.397,0.0625308451783196,0.062530816,0.23638896097381945
2016-04-01,62.64431210517563,62.397,0.0625308462706981,0.062530816,0.24731274604476994
2016-04-02,62.69849386619786,62.711884,0.0625308516888742,0.06253085,-0.013389678724017529
2016-04-03,62.77583377609086,62.711884,0.0625308594228652,0.06253085,0.06395023116898813
2016-04-04,62.81515932515802,62.711884,0.0625308633554201,0.06253085,0.10327578023614592
2016-04-05,62.892062191177715,62.711884,0.0625308710457067,0.06253085,0.18017864625583968
2016-04-06,62.952361148116424,62.711884,0.0625308770756024,0.06253085,0.2404776031945488
2016-04-07,62.96022627513831,62.711884,0.0625308778621151,0.06253085,0.24834273021643583
2016-04-08,69.5431618651099,69.31058,0.0625315361556741,0.06253151,0.2325844725317694
2016-04-09,69.60389788507327,69.35076,0.0625315422292761,0.062531516,0.2531364714990474
2016-04-10,69.65720562718269,69.366455,0.0625315475600503,0.062531516,0.29075054905769093
2016-04-11,69.75752136609282,69.60307,0.0625315575916242,0.06253154,0.15444824597562956
2016-04-12,69.82743315120388,69.60307,0.0625315645828027,0.06253154,0.22436003108668956
2016-04-13,69.86501054614958,69.60307,0.0625315683405422,0.06253154,0.26193742603238945
2016-04-14,69.91769897018996,69.71777,0.0625315736093846,0.06253155,0.19992553268996005
2016-04-15,69.96663749411769,69.749435,0.062531578503237,0.06253155,0.21720206931300368
2016-04-16,70.04616201816694,69.749435,0.0625315864556894,0.06253155,0.2967265933622514
2016-04-17,70.1138889561137,69.99724,0.0625315932283832,0.062531576,0.11665079693401026
2016-04-18,70.12149942309253,69.99724,0.0625315939894299,0.062531576,0.12426126391284242
2016-04-19,70.18136144412712,70.05452,0.062531599975632,0.06253158,0.12684179080680735
2016-04-20,70.23791003618607,70.05452,0.0625316056304912,0.06253158,0.1833903828657526
2016-04-21,70.29708047209814,70.05452,0.0625316115475348,0.06253158,0.2425608187778323
2016-04-22,70.34601876912406,70.24239,0.0625316164413645,0.062531605,0.10362527547171396
2016-04-23,70.3783530942026,70.24239,0.062531619674797,0.062531605,0.13595960055025103
2016-04-24,70.39845267009514,70.24239,0.0625316216847546,0.062531605,0.15605917644279543
2016-04-25,70.46617960318468,70.29396,0.0625316284574479,0.062531605,0.17221903189562227
2016-04-26,70.52411143307347,70.29396,0.0625316342506309,0.062531605,0.23015086178440924
2016-04-27,70.59602542713873,70.42773,0.0625316414420303,0.06253162,0.16829868153325833
2016-04-28,70.59952104815359,70.42773,0.0625316417915924,0.06253162,0.1717943025481219
2016-04-29,70.69827094516312,70.61333,0.0625316516665821,0.06253164,0.08494391879592911
2016-04-30,70.76075431017293,70.61333,0.0625316579149186,0.06253164,0.14742728380574022
2016-05-01,70.8533870531769,70.61333,0.0625316671781929,0.06253164,0.24006002680971505
2016-05-02,70.93028946816848,70.74665,0.0625316748684344,0.06253166,0.18363877236770065
2016-05-03,70.94532790311025,70.74665,0.0625316763722779,0.06253166,0.1986772073094727
2016-05-04,71.02485211712973,70.74665,0.0625316843246993,0.06253166,0.2782014213289443
2016-05-05,71.0886462151894,70.93076,0.0625316907041091,0.06253167,0.15788297056049316
2016-05-06,71.1390772070719,70.93076,0.0625316957472083,0.06253167,0.20831396244300038
2016-05-07,71.21073628907348,70.93076,0.0625317029131165,0.06253167,0.27997304444457427
2016-05-08,71.22122296213118,70.93076,0.0625317039617838,0.06253167,0.29045971750227295
2016-05-09,71.28738391218303,71.11851,0.0625317105778788,0.062531695,0.16887652692912525
2016-05-10,71.38638829409794,71.11851,0.062531720478317,0.062531695,0.2678809088440346
2016-05-11,71.42877188406894,71.11851,0.062531724716676,0.062531695,0.31026449881503027
2016-05-12,71.48382682620192,71.29474,0.0625317302221702,0.06253171,0.18908805667066986
2016-05-13,71.50436316008535,71.29474,0.0625317322758036,0.06253171,0.20962439055409732
2016-05-14,71.6013647920899,71.29474,0.0625317419759668,0.06253171,0.3066260225586461
2016-05-15,71.699057936081,71.52461,0.0625317517452812,0.06253173,0.17444550932319203
2016-05-16,71.81066098913003,71.52461,0.0625317629055865,0.06253173,0.28604856237221554
2016-05-17,71.81503039216386,71.52461,0.0625317633425268,0.06253173,0.2904179654060499
2016-05-18,71.89735788518115,71.712585,0.0625317715752761,0.062531754,0.184772435962401
2016-05-19,71.97225746519153,71.712585,0.0625317790652341,0.062531754,0.25967201597278233
2016-05-20,72.04741175811935,71.712585,0.0625317865806634,0.062531754,0.3348263089006025
2016-05-21,72.10221187811672,71.941505,0.0625317920606754,0.06253178,0.16070644598781314
2016-05-22,72.10570728707899,71.941505,0.0625317924102163,0.06253178,0.164201854950079
2016-05-23,72.14634274207987,71.941505,0.0625317964737618,0.06253178,0.2048373099509604
2016-05-24,72.18828895316776,71.941505,0.0625318006683829,0.06253178,0.24678352103885004
2016-05-25,72.21956622810444,71.941505,0.0625318037961104,0.06253178,0.27806079597553435
2016-05-26,72.25714314607058,71.941505,0.0625318075538022,0.06253178,0.31563771394166906
2016-05-27,72.25801691407297,72.08961,0.062531807641179,0.06253179,0.16840967530343676
2016-05-28,72.28991347418834,72.08961,0.062531810830835,0.06253179,0.20030623541880743
2016-05-29,72.37031072207523,72.08961,0.0625318188705598,0.06253179,0.2807034833057003
2016-05-30,72.44022134519912,72.08961,0.0625318258616221,0.06253179,0.3506141064295889
2016-05-31,72.51100592409188,72.38034,0.06253183294008,0.062531814,0.13066534792000084
2016-06-01,72.53478299509841,72.38034,0.0625318353177871,0.062531814,0.15444241892653565
2016-06-02,72.61911281211675,72.38034,0.0625318437507688,0.062531814,0.23877223594487873
2016-06-03,72.69969224912853,72.38034,0.0625318518087125,0.062531814,0.3193516729566568
2016-06-04,72.76916598311645,72.38034,0.0625318587560859,0.062531814,0.38882540694457646
2016-06-05,72.83645484315593,72.62345,0.0625318654849719,0.062531844,0.21300361024577796
2016-06-06,72.90330666917532,72.62345,0.0625318721701545,0.062531844,0.27985543626516574
2016-06-07,72.87228352817476,72.62345,0.0625318690678404,0.062531844,0.24883229526460582
2016-06-08,72.91422962713013,72.62345,0.0625318732624503,0.062531844,0.29077839421997
2016-06-09,72.95075006408247,72.62345,0.062531876914494,0.062531844,0.32729883117231395
2016-06-10,72.9699750220969,72.62345,0.0625318788369898,0.062531844,0.3465237891867474
2016-06-11,72.97303349307339,72.62345,0.0625318791428369,0.062531844,0.34958226016323124
2016-06-12,73.03464196917187,72.791626,0.0625318853036845,0.06253186,0.24301599260937223
2016-06-13,73.0547408871185,72.791626,0.0625318873135763,0.06253186,0.26311491055599845
2016-06-14,73.1338272941251,72.791626,0.062531895222217,0.06253186,0.34220131756259775
2016-06-15,73.1589151151124,72.791626,0.0625318977309991,0.06253186,0.3672891385499071
2016-06-16,73.19430716218322,72.791626,0.0625319012702038,0.06253186,0.40268118562072175
2016-06-17,73.25260253016053,72.791626,0.0625319070997406,0.06253186,0.46097655359803014
2016-06-18,73.35459222213015,73.09683,0.0625319172987098,0.06253189,0.25775994673952596
2016-06-19,73.41052060710895,73.09683,0.0625319228915483,0.06253189,0.3136883317183248
2016-06-20,73.46408214120581,73.09683,0.0625319282477017,0.06253189,0.3672498658151824
2016-06-21,73.51127162519289,73.09683,0.0625319329666501,0.06253189,0.41443934980226516
2016-06-22,73.51869950517064,73.09683,0.0625319337094381,0.06253189,0.42186722978001967
2016-06-23,73.5619565842005,73.09683,0.062531938035146,0.06253189,0.46512430880987665
2016-06-24,73.59192313413642,73.09683,0.062531941031801,0.06253189,0.4950908587457974
2016-06-25,73.63299540916191,73.09683,0.0625319451390285,0.06253189,0.5361631337712822
2016-06-26,73.64391864217446,73.09683,0.0625319462313518,0.06253189,0.5470863667838302
2016-06-27,73.64697717310298,73.25584,0.0625319465372049,0.0625319,0.39114068628657606
2016-06-28,73.67668907506952,73.25584,0.0625319495083951,0.0625319,0.420852588253112
2016-06-29,73.71863530017397,73.25584,0.0625319537030176,0.0625319,0.46279881335756556
2016-06-30,73.75927089117718,73.25584,0.0625319577665767,0.0625319,0.5034344043607746
2016-07-01,73.79528230516685,73.25584,0.0625319613677181,0.0625319,0.539445818350444
2016-07-02,73.79746695013179,73.25584,0.0625319615861826,0.0625319,0.5416304633153857
2016-07-03,73.84334589619068,73.25584,0.0625319661740772,0.0625319,0.5875094093742774
2016-07-04,73.90014848715487,73.25584,0.0625319718543363,0.0625319,0.6443120003384593
2016-07-05,-54.069884475871355,-53.13889,0.06251917485104,0.06251927,-0.9309951631272142
2016-07-06,-54.004341910884875,-53.13889,0.0625191814052965,0.06251927,-0.8654525981407346
2016-07-07,-53.94903078381752,-53.13889,0.0625191869364092,0.06251927,-0.8101414710733792
2016-07-08,-53.89765253979717,-53.742157,0.0625191920742336,0.06251921,-0.1554955573752963
2016-07-09,-53.8558869538075,-53.292343,0.0625191962507922,0.06251925,-0.5635438141590612
2016-07-10,-53.853957033833666,-53.292343,0.0625191964437842,0.06251925,-0.5616138941852284
2016-07-11,-53.81131754786384,-53.292343,0.0625192007077328,0.06251925,-0.5189744082153993
2016-07-12,-53.76063120079988,-53.292343,0.0625192057763675,0.06251925,-0.4682880611514406
2016-07-13,-53.709507607802024,-53.292343,0.0625192108887268,0.06251925,-0.41716446815358665
2016-07-14,-53.65514376784453,-53.292343,0.0625192163251108,0.06251925,-0.3628006281960907
2016-07-15,-53.65732826084768,-53.292343,0.0625192161066615,0.06251925,-0.36498512119923987
2016-07-16,-53.60514915092595,-53.255302,0.0625192213245725,0.06251925,-0.3498467217267347
2016-07-17,-53.547034534889846,-53.187847,0.0625192271360341,0.06251926,-0.35918739743867434
2016-07-18,-53.515136944903844,-52.98918,0.0625192303257931,0.06251928,-0.5259554263491566
2016-07-19,-53.508582643913,-52.98918,0.0625192309812232,0.06251928,-0.5194011253583142
2016-07-20,-53.46270277289955,-52.98918,0.0625192355692103,0.06251928,-0.4735212543448597
2016-07-21,-53.40651817481445,-52.98918,0.0625192411876701,0.06251928,-0.41733665625976357
2016-07-22,-53.34053890485024,-52.98918,0.0625192477855971,0.06251928,-0.3513573862955539
2016-07-23,-53.29309287788186,-52.98918,0.0625192525301998,0.06251928,-0.3039113593271736
2016-07-24,-53.23978511981298,-52.98918,0.0625192578609756,0.06251928,-0.25060360125829106
2016-07-25,-53.21400527280584,-52.98918,0.0625192604389603,0.06251928,-0.22482375425115464
2016-07-26,-53.20876128492302,-52.98918,0.0625192609633591,0.06251928,-0.21957976636833365
2016-07-27,-53.15956786086651,-52.98918,0.0625192658827015,0.06251928,-0.17038634231182215
2016-07-28,-53.1454033948775,-52.98918,0.0625192672991481,0.06251928,-0.15622187632281026
2016-07-29,-53.12748837082992,-52.98918,0.0625192690906505,0.06251928,-0.13830685227523531
2016-07-30,-53.08685197991103,-52.98918,0.0625192731542896,0.06251928,-0.09767046135634416
2016-07-31,-53.06762619283756,-52.587864,0.0625192750768683,0.06251932,-0.4797622707184175
2016-08-01,-53.060890036898954,-52.587864,0.0625192757504839,0.06251932,-0.47302611477981316
2016-08-02,-53.01107803085125,-52.587864,0.0625192807316845,0.06251932,-0.42321410873211107
2016-08-03,-52.96825731485044,-52.587864,0.0625192850137561,0.06251932,-0.3803933927312997
2016-08-04,-52.933920302866696,-52.587864,0.0625192884474573,0.06251932,-0.3460563807475552
2016-08-05,-52.89215534179381,-52.587864,0.0625192926239534,0.06251932,-0.30429141967466933
2016-08-06,-52.833786675920976,-52.587864,0.06251929846082,0.06251932,-0.24592275380183537
2016-08-07,-52.83160195379555,-52.587864,0.0625192986792922,0.06251932,-0.24373803167640773
2016-08-08,-52.77523608390733,-52.587864,0.0625193043158792,0.06251932,-0.18737216178818983
2016-08-09,-52.72997588984252,-52.587864,0.0625193088418986,0.06251932,-0.14211196772338042
2016-08-10,-52.67273626083369,-52.587864,0.0625193145658615,0.06251932,-0.08487233871454691
2016-08-11,-52.64608269592297,-52.587864,0.062519317231218,0.06251932,-0.058218773803830004
2016-08-12,-52.60176959592799,-52.587864,0.062519321662528,0.06251932,-0.013905673808849883
2016-08-13,-52.59608941890481,-52.144188,0.0625193222305457,0.062519364,-0.45190149165871674
2016-08-14,-52.55152135785757,-52.144188,0.0625193266873518,0.062519364,-0.4073334306114731
2016-08-15,-52.489293687896236,-52.144188,0.0625193329101188,0.062519364,-0.3451057606501422
2016-08-16,-52.46893964985788,-52.144188,0.0625193349455226,0.062519364,-0.3247517226117864
2016-08-17,-52.46325942190322,-52.144188,0.0625193355135454,0.062519364,-0.31907149465712337
2016-08-18,-52.406020037837344,-52.144188,0.0625193412374838,0.062519364,-0.26183211059125
2016-08-19,-52.37062802684878,-52.144188,0.0625193447766849,0.062519364,-0.22644009960268363
2016-08-20,-52.30745337481135,-52.144188,0.0625193510941501,0.062519364,-0.16326544756525863
2016-08-21,-52.27992635692402,-52.144188,0.0625193538468519,0.062519364,-0.1357384296779287
2016-08-22,-52.27774180383005,-52.144188,0.0625193540653072,0.062519364,-0.133553876583953
2016-08-23,-52.20826836890846,-52.144188,0.0625193610126507,0.062519364,-0.06408044166236948
2016-08-24,-52.17418721781275,-52.144188,0.0625193644207658,0.062519364,-0.029999290566657066
2016-08-25,-52.137484533865134,-52.144188,0.0625193680910342,0.062519364,0.00670339338095971
2016-08-26,-52.09859711780007,-51.698498,0.0625193719797758,0.06251941,-0.4000993455832713
2016-08-27,-52.10078195580503,-51.698498,0.062519371761292,0.06251941,-0.40228418358823603
2016-08-28,-52.06040175689819,-51.698498,0.0625193757993119,0.06251941,-0.3619039846813905
2016-08-29,-52.01102802984692,-51.698498,0.0625193807366846,0.06251941,-0.3125302576301223
2016-08-30,-51.97152179087227,-51.698498,0.0625193846873085,0.06251941,-0.27302401865547665
2016-08-31,-51.927828132875,-51.698498,0.0625193890566743,0.06251941,-0.2293303606582029
2016-09-01,-51.896368822856864,-51.698498,0.0625193922026053,0.06251941,-0.19787105064006738
2016-09-02,-51.881075972815,-51.698498,0.0625193937318903,0.06251941,-0.18257820059820062
2016-09-03,-51.79587267284403,-51.698498,0.0625194022522203,0.06251941,-0.09737490062722998
2016-09-04,-51.7475545688817,-51.698498,0.0625194070840307,0.06251941,-0.04905679666489959
2016-09-05,-51.680011127902546,-51.698498,0.0625194138383748,0.06251941,0.018486644314251066
2016-09-06,-51.63937595489831,-51.698498,0.0625194179018921,0.06251941,0.059121817318484204
2016-09-07,-51.63325893883797,-51.160065,0.0625194185135937,0.06251946,-0.4731942415723438
2016-09-08,-51.577767889859906,-51.160065,0.0625194240626986,0.06251946,-0.41770319259428135
2016-09-09,-51.49824495384592,-51.160065,0.0625194320149922,0.06251946,-0.33818025658029427
2016-09-10,-51.439950422837995,-51.160065,0.0625194378444453,0.06251946,-0.27988572557237035
2016-09-11,-51.40805418982208,-51.160065,0.0625194410340686,0.06251946,-0.24798949255645653
2016-09-12,-51.40088135083265,-51.160065,0.0625194417513525,0.06251946,-0.2408166535670233
2016-09-13,-51.32991545392373,-51.160065,0.0625194488479422,0.06251946,-0.16985075665810712
2016-09-14,-51.29976711884532,-51.160065,0.0625194518627757,0.06251946,-0.13970242157969182
2016-09-15,-51.25869494887469,-51.160065,0.0625194559699927,0.06251946,-0.09863025160906602
2016-09-16,-51.213690452911464,-51.160065,0.0625194604704423,0.06251946,-0.05362575564583949
2016-09-17,-51.19927157085091,-51.160065,0.0625194619123305,0.06251946,-0.03920687358528596
2016-09-18,-51.14203269485085,-51.160065,0.0625194676362181,0.06251946,0.018032002414777537
2016-09-19,-51.09003709383164,-51.160065,0.0625194728357782,0.06251946,0.07002760343398506
2016-09-20,-51.02755462879638,-50.5619,0.0625194790840247,0.06251952,-0.4656535362670837
2016-09-21,-51.01513838881577,-50.5619,0.0625194803256487,0.06251952,-0.45323729628647413
2016-09-22,-50.957462384843,-50.5619,0.0625194860932491,0.06251952,-0.3955612923137011
2016-09-23,-50.890865719854794,-50.5619,0.0625194927529156,0.06251952,-0.32896462732549736
2016-09-24,-50.83537422082007,-50.5619,0.0625194983020655,0.06251952,-0.2734731282907745
2016-09-25,-50.82095521580232,-50.5619,0.062519499743966,0.06251952,-0.2590541232730246
2016-09-26,-50.75916478580744,-50.5619,0.062519505923009,0.06251952,-0.19726369327814552
2016-09-28,-50.69082024689031,-50.5619,0.0625195127574629,0.06251952,-0.12891915436101442
2016-09-29,-50.61592130192749,-50.5619,0.0625195202473574,0.06251952,-0.05402020939819607
2016-09-30,-50.579910295805995,-50.5619,0.062519523848458,0.06251952,-0.01800920327669786
2016-10-01,-50.53971168691995,-50.5619,0.0625195278683189,0.06251952,0.022189405609346124
2016-10-02,-50.49601752182831,-50.5619,0.0625195322377354,0.06251952,0.06588357070098994
2016-10-03,-50.44664306091961,-50.5619,0.0625195371751815,0.06251952,0.11525803160968451
2016-10-04,-50.4400889198009,-49.91607,0.0625195378305956,0.06251959,-0.524019889039181
2016-10-05,-50.36187603890685,-49.91607,0.0625195456518837,0.06251959,-0.4458070081451311
2016-10-06,-50.30551035484221,-49.91607,0.0625195512884521,0.06251959,-0.3894413240804937
2016-10-07,-50.23166680592772,-49.91607,0.062519558672807,0.06251959,-0.3155977751660046
2016-10-08,-50.17861465089757,-49.91607,0.0625195639780225,0.06251959,-0.26254562013585314
2016-10-09,-50.10477102482258,-49.91607,0.0625195713623851,0.06251959,-0.18870199406086385
2016-10-10,-50.09541328787614,-49.91607,0.0625195722981588,0.06251959,-0.1793442571144226
2016-10-11,-50.02968964384902,-49.91607,0.0625195788705232,0.06251959,-0.1136206130872992
2016-10-12,-49.958904477925834,-49.91607,0.0625195859490398,0.06251959,-0.04283544716411569
2016-10-13,-49.89230685786828,-49.91607,0.0625195926088018,0.06251959,0.023762172893441402
2016-10-14,-49.883130987804506,-49.91607,0.0625195935263888,0.06251959,0.03293804295721259
2016-10-15,-49.809105278908476,-49.91607,0.0625196009289597,0.06251959,0.10696375185324314
2016-10-16,-49.737883027894945,-49.91607,0.0625196080511848,0.06251959,0.17818600286677366
2016-10-17,-49.685267461824225,-49.23967,0.0625196133127414,0.062519655,-0.4455976620195372
2016-10-18,-49.64594211190332,-49.23967,0.0625196172452764,0.062519655,-0.40627231209862913
2016-10-19,-49.58371371890924,-49.23967,0.0625196234681157,0.062519655,-0.3440439191045499
2016-10-20,-49.57366393290585,-49.23967,0.0625196244730943,0.062519655,-0.33399413310116444
2016-10-21,-49.51711571180017,-49.23967,0.0625196301279164,0.062519655,-0.2774459119954855
2016-10-22,-49.44527437392154,-49.23967,0.0625196373120502,0.062519655,-0.20560457411685462
2016-10-23,-49.37274102889688,-49.23967,0.0625196445653847,0.062519655,-0.13307122909219515
2016-10-24,-49.362946314829294,-49.23967,0.0625196455448561,0.062519655,-0.12327651502460668
2016-10-25,-49.30945670583719,-49.23967,0.062519650893817,0.062519655,-0.0697869060325047
2016-10-26,-49.238052191868945,-49.23967,0.0625196580342684,0.062519655,0.0016176079357421713
2016-10-27,-49.18998760192195,-49.23967,0.0625196628407274,0.062519655,0.04968219788273842
2016-10-28,-49.14348899986987,-49.23967,0.0625196674905876,0.062519655,0.09618079993482098
2016-10-29,-49.13063563691256,-49.23967,0.0625196687759239,0.062519655,0.10903416289212942
2016-10-30,-49.08694058086694,-48.6826,0.0625196731454295,0.062519714,-0.40434246685326514
2016-10-31,-49.02733354184008,-48.6826,0.0625196791061334,0.062519714,-0.3447354278264072
2016-11-01,-48.99062925889375,-48.6826,0.0625196827765617,0.062519714,-0.30803114488007566
2016-11-02,-48.92377606188769,-48.6826,0.0625196894618814,0.062519714,-0.24117794787402147
2016-11-03,-48.91896953893027,-48.6826,0.0625196899425337,0.062519714,-0.23637142491659802
2016-11-04,-48.876403438841145,-48.6826,0.0625196941991437,0.062519714,-0.1938053248274727
2016-11-05,-48.81129799780282,-48.6826,0.0625197007096878,0.062519714,-0.12869988378914599
2016-11-06,-48.747321244879686,-48.6826,0.0625197071073631,0.062519714,-0.06472313086601389
2016-11-07,-48.68046802192217,-48.6826,0.0625197137926854,0.062519714,0.0021300920915052757
2016-11-08,-48.671110279840946,-48.6826,0.0625197147284596,0.062519714,0.011487834172726252
2016-11-09,-48.61255887389504,-48.6826,0.0625197205836002,0.062519714,0.07003924011863205
2016-11-10,-48.55251495586299,-48.6826,0.062519726587992,0.062519714,0.13008315815068272
2016-11-11,-48.4821659418877,-48.097546,0.0625197336228934,0.06251977,-0.3846203181084036
2016-11-12,-48.43890767283754,-48.097546,0.0625197379487203,0.06251977,-0.3413620490582403
2016-11-13,-48.38235949086722,-48.097546,0.0625197436035385,0.06251977,-0.28481386708792655
2016-11-14,-48.38541790785911,-48.097546,0.0625197432976968,0.06251977,-0.28787228407981047
2016-11-15,-48.35333843586365,-48.097546,0.062519746505644,0.06251977,-0.25579281208435134
2016-11-16,-48.30727666688128,-48.097546,0.0625197511118209,0.06251977,-0.2097310431019821
2016-11-17,-48.26838802290956,-48.097546,0.0625197550006853,0.06251977,-0.17084239913026522
2016-11-18,-48.21970473092851,-48.097546,0.0625197598690145,0.06251977,-0.12215910714921563
2016-11-19,-48.21533517981869,-48.097546,0.0625197603059696,0.06251977,-0.11778955603939067
2016-11-20,-48.17670171380905,-48.097546,0.0625197641693162,0.06251977,-0.07915609002975543
2016-11-21,-48.07689594182874,-48.097546,0.0625197741498934,0.06251977,0.02064968195055883
2016-11-22,-48.01965534081965,-48.097546,0.0625197798739535,0.06251977,0.07789028295965039
2016-11-23,-47.97097226783009,-48.097546,0.0625197847422608,0.06251977,0.12657335594920482
2016-11-24,-47.962670230855544,-47.51982,0.0625197855724645,0.062519826,-0.4428490638633562
2016-11-25,-47.87946846884772,-47.51982,0.0625197938926407,0.062519826,-0.3596473018555315
2016-11-26,-47.81068585479886,-47.51982,0.0625198007709021,0.062519826,-0.29086468780667474
2016-11-27,-47.770923502915565,-47.51982,0.0625198047471373,0.062519826,-0.2511023359233775
2016-11-28,-47.7704865108064,-47.51982,0.0625198047908365,0.062519826,-0.25066534381421235
2016-11-29,-47.72704693581375,-47.51982,0.062519809134794,0.062519826,-0.20722576882156574
2016-11-30,-47.679856685911574,-47.51982,0.062519813853819,0.062519826,-0.16003551891938628
2016-12-01,-47.63310311586832,-47.51982,0.062519818529176,0.062519826,-0.11328194887613563
2016-12-02,-47.59858432692998,-47.51982,0.0625198219810549,0.062519826,-0.07876315993779315
2016-12-03,-47.597528757825636,-47.51982,0.0625198220866118,0.062519826,-0.07770759083344814
2016-12-04,-47.53373473082023,-47.51982,0.0625198284660145,0.062519826,-0.013913563828040765
2016-12-05,-47.487418292913034,-47.51982,0.0625198330976583,0.062519826,0.03240287407915332
2016-12-06,-47.41619635192929,-47.51982,0.0625198402198524,0.062519826,0.10362481506290067
2016-12-07,-47.405709681924705,-47.00948,0.0625198412685194,0.06251988,-0.3962301592196269
2016-12-08,-47.337801503816166,-47.00948,0.0625198480593372,0.06251988,-0.32832198111108823
2016-12-09,-47.27400766887935,-47.00948,0.0625198544387207,0.06251988,-0.26452814617427123
2016-12-10,-47.22026355985509,-47.00948,0.0625198598131316,0.06251988,-0.21078403715001315
2016-12-11,-47.18836650888236,-47.00948,0.0625198630028367,0.06251988,-0.17888698617728238
2016-12-12,-47.1363703229144,-47.00948,0.0625198682024553,0.06251988,-0.12689080020932408
2016-12-13,-47.13637044281849,-47.00948,0.0625198682024433,0.06251988,-0.12689092011341074
2016-12-14,-47.10035956090319,-47.00948,0.0625198718035315,0.06251988,-0.09088003819811519
2016-12-15,-47.08157115992928,-47.00948,0.0625198736823716,0.06251988,-0.07209163722420442
2016-12-16,-47.06190908088104,-47.00948,0.0625198756485795,0.06251988,-0.052429558175958846
2016-12-17,-47.035947855905704,-47.00948,0.062519878244702,0.06251988,-0.026468333200625693
2016-12-18,-47.01366401183016,-47.00948,0.0625198804730864,0.06251988,-0.004184489125080404
2016-12-19,-47.00623614087296,-47.00948,0.0625198812158735,0.06251988,0.0032433818321209174
2016-12-20,-46.941131908867504,-46.545364,0.0625198877262967,0.06251992,-0.3957675289846918
2016-12-21,-46.89132064084056,-46.545364,0.0625198927074235,0.06251992,-0.3459562609577489
2016-12-22,-46.825342622930364,-46.545364,0.0625198993052253,0.06251992,-0.2799782430475517
2016-12-23,-46.77316485582339,-46.545364,0.062519904523002,0.06251992,-0.22780047594057606
2016-12-24,-46.767047720830405,-46.545364,0.0625199051347155,0.06251992,-0.22168334094759246
2016-12-25,-46.725975397926554,-46.545364,0.0625199092419478,0.06251992,-0.18061101804374147
2016-12-26,-46.64251994579427,-46.545364,0.062519917587493,0.06251992,-0.09715556591145713
2016-12-27,-46.60800183992065,-46.545364,0.0625199210393036,0.06251992,-0.0626374600378341
2016-12-28,-46.57129910989877,-46.545364,0.0625199247095766,0.06251992,-0.0259347300159547
2016-12-29,-46.56936986979776,-46.545364,0.0625199249025006,0.06251992,-0.02400548991494844
2016-12-30,-46.54071398491055,-46.545364,0.0625199277680891,0.06251992,0.004650394972259164
2016-12-31,-46.51100260391616,-46.545364,0.0625199307392272,0.06251992,0.034361775966651464
2017-01-01,-46.48434977591598,-46.08699,0.06251993340451,0.06251997,-0.3973594194706678
2017-01-02,-46.48522372391328,-46.545364,0.0625199333171152,0.06251992,0.06014065596953344
2017-01-03,-46.43366516884906,-46.08699,0.0625199384729707,0.06251997,-0.346674812403748
2017-01-04,-46.395651666919505,-46.08699,0.0625199422743209,0.06251997,-0.3086613104741929
2017-01-05,-46.336409671859926,-46.08699,0.0625199481985204,0.06251997,-0.24941931541461315
2017-01-06,-46.29664835983927,-46.08699,0.0625199521746516,0.06251997,-0.20965800339395457
2017-01-08,-46.225609018901714,-46.08699,0.0625199592785857,0.06251997,-0.13861866245640186
2017-01-09,-46.17841974585701,-46.08699,0.062519963997513,0.06251997,-0.09142938941170087
2017-01-10,-46.13996929386799,-46.08699,0.0625199678425582,0.06251997,-0.05297893742267945
2017-01-11,-46.09296196680934,-46.08699,0.0625199725432909,0.06251997,-0.005971610364028379
2017-01-12,-46.077669662858426,-46.08699,0.0625199740725213,0.06251997,0.009320693586886364
2017-01-13,-46.0558231198116,-46.08699,0.0625199762571756,0.06251997,0.031167236633713458
2017-01-14,-46.0457735378117,-45.70606,0.0625199772621338,0.06252001,-0.3397150356144323
2017-01-15,-46.04970677585251,-46.08699,0.06251997686881,0.06251997,0.037283580592799126
2017-01-16,-46.01300431783528,-45.70606,0.0625199805390558,0.06252001,-0.3069458156380165
2017-01-17,-45.995964132877766,-45.70606,0.0625199822430743,0.06252001,-0.2899056306805008
2017-01-18,-45.96381253482718,-45.70606,0.0625199854582341,0.06252001,-0.2577540326299115
2017-01-19,-45.93253488185955,-45.70606,0.0625199885859994,0.06252001,-0.22647637966228729
2017-01-20,-45.924233131877656,-45.70606,0.0625199894161744,0.06252001,-0.2181746296803908
2017-01-21,-45.84776851390693,-45.70606,0.0625199970626362,0.06252001,-0.14171001170966235
2017-01-22,-45.79682838692922,-45.70606,0.0625200021566489,0.06252001,-0.09076988473195513
2017-01-23,-45.7352196908678,-45.70606,0.0625200083175185,0.06252001,-0.02916118867053541
2017-01-24,-45.69851671187841,-45.70606,0.0625200119878164,0.06252001,0.007541790318853714
2017-01-25,-45.676669749861176,-45.70606,0.0625200141725126,0.06252001,0.029388752336089397
2017-01-26,-45.62704033692078,-45.70606,0.0625200191354539,0.06252001,0.0790181652764872
2017-01-27,-45.58247239383473,-45.70606,0.0625200235922482,0.06252001,0.12358610836253803
2017-01-28,-45.57391556581081,-45.21641,0.062520024447931,0.06252006,-0.3575039752346356
2017-01-29,-45.55119475391223,-45.21641,0.0625200267200122,0.06252006,-0.3347831633360556
2017-01-30,-45.546825531844746,-45.21641,0.0625200271569344,0.06252006,-0.33041394126857426
2017-01-31,-45.52297551779772,-45.21641,0.0625200295419358,0.06252006,-0.30656392722154635
2017-02-02,-45.460237677874545,-45.21641,0.0625200358157198,0.06252006,-0.2438260872983733
2017-02-04,-45.390071563844444,-45.21641,0.0625200428323312,0.06252006,-0.17365997326827198
2017-02-05,-45.340441706814836,-45.21641,0.0625200477953169,0.06252006,-0.12403011623866433
2017-02-06,-45.32864421383231,-45.21641,0.0625200489750662,0.06252006,-0.11223262325614058
2017-02-07,-45.25279763092915,-45.21641,0.0625200565597245,0.06252006,-0.036386040352979876
2017-02-08,-45.215220364908106,-45.21641,0.0625200603174511,0.06252006,0.0011912256680659539
2017-02-09,-45.17214454990981,-45.21641,0.0625200646250326,0.06252006,0.044267040666362334
2017-02-10,-45.168648971916085,-45.21641,0.0625200649745904,0.06252006,0.04776261866008724
2017-02-11,-45.13063464689493,-45.21641,0.0625200687760229,0.06252006,0.085776943681239
2017-02-12,-45.102851702893965,-44.83961,0.0625200715543173,0.062520094,-0.26324064942716774
2017-02-13,-45.09542342281958,-44.83961,0.0625200722971453,0.062520094,-0.25581236935278184
2017-02-14,-45.0728838188863,-44.83961,0.0625200745511057,0.062520094,-0.2332727654194997
2017-02-15,-45.07594235092505,-44.83961,0.0625200742452525,0.062520094,-0.23633129745824988
2017-02-16,-45.052528761801995,-44.83961,0.0625200765866114,0.062520094,-0.21291770833519763
2017-02-17,-45.01600678885609,-44.83961,0.0625200802388087,0.062520094,-0.17639573538929199
2017-02-18,-44.98385425183437,-44.83961,0.0625200834540624,0.062520094,-0.14424319836757604
2017-02-19,-44.9742413598242,-44.83961,0.0625200844153516,0.062520094,-0.13463030635740125
2017-02-20,-44.89864938783672,-44.83961,0.0625200919745488,0.062520094,-0.05903833436992301
2017-02-21,-44.84927416892326,-44.83961,0.0625200969120707,0.062520094,-0.009663115456461924
2017-02-22,-44.770805377875035,-44.83961,0.0625201047589498,0.062520094,0.06880567559176143
2017-02-23,-44.73035082885879,-44.83961,0.0625201088044047,0.062520094,0.10926022460800766
2017-02-24,-44.65869132885825,-44.83961,0.0625201159703547,0.062520094,0.18091972460855033
2017-02-25,-44.6473305838746,-44.302868,0.0625201171064292,0.06252015,-0.34446269447030176
2017-02-26,-44.61368510788599,-44.302868,0.0625201204709768,0.06252015,-0.3108172184816951
2017-02-27,-44.575415211883794,-44.302868,0.0625201242979664,0.06252015,-0.27254732247949676
2017-02-28,-44.56510981187822,-44.302868,0.0625201253285064,0.06252015,-0.2622419224739261
2017-03-01,-44.52097757692841,-44.302868,0.0625201297417299,0.06252015,-0.21810968752411242
2017-03-02,-44.51660798085455,-44.302868,0.0625201301786895,0.06252015,-0.21374009145025497
2017-03-03,-44.49100935291494,-44.302868,0.0625201327385523,0.06252015,-0.18814146351064664
2017-03-04,-44.44818804183459,-44.302868,0.0625201370206834,0.06252015,-0.14532015243029406
2017-03-05,-44.40179764683694,-44.302868,0.0625201416597229,0.06252015,-0.09892975743264287
2017-03-06,-44.35416997392028,-44.302868,0.0625201464224902,0.06252015,-0.051302084515981505
2017-03-07,-44.336691996799125,-44.302868,0.0625201481702879,0.06252015,-0.03382410739482822
2017-03-08,-44.271331248874056,-44.302868,0.0625201547063627,0.06252015,0.0315366405302413
2017-03-09,-44.20334877186516,-44.302868,0.0625201615046104,0.06252015,0.09951911753913834
2017-03-10,-44.143486600811684,-43.924362,0.0625201674908275,0.06252018,-0.21912441819449668
2017-03-11,-44.13693225180371,-43.924362,0.0625201681462624,0.06252018,-0.2125700691865191
2017-03-12,-44.10678230384879,-43.924362,0.0625201711612572,0.06252018,-0.18242012123160123
2017-03-13,-44.03730721080912,-43.924362,0.0625201781087665,0.06252018,-0.11294502819193042
2017-03-14,-44.0147668819002,-43.924362,0.0625201803627994,0.06252018,-0.0904046992830132
2017-03-15,-43.99728851980922,-43.924362,0.0625201821106356,0.06252018,-0.07292633719202968
2017-03-16,-43.99004165892006,-43.924362,0.0625201828353217,0.06252018,-0.06567947630287563
2017-03-17,-43.974929768847424,-43.924362,0.0625201843465107,0.06252018,-0.05056758623023683
2017-03-18,-43.9561405198019,-43.924362,0.0625201862254356,0.06252018,-0.03177833718471135
2017-03-19,-43.93185292689283,-43.924362,0.0625201886541949,0.06252018,-0.007490744275642669
2017-03-20,-43.89995530082458,-43.924362,0.0625201918439575,0.06252018,0.02440688179260775
2017-03-21,-43.8691135058733,-43.924362,0.062520194928137,0.06252018,0.05524867674388645
2017-03-22,-43.8061929539102,-43.361862,0.0625202012201922,0.06252024,-0.4443307712930107
2017-03-23,-43.742835335869316,-43.361862,0.062520207555954,0.06252024,-0.3809731532521283
2017-03-24,-43.70045111681819,-43.361862,0.0625202117943759,0.06252024,-0.338588934201006
2017-03-25,-43.646706495842345,-43.361862,0.062520217168838,0.06252024,-0.28484431322515746
2017-03-26,-43.59252490190868,-43.361862,0.0625202225869974,0.06252024,-0.2306627192914945
2017-03-27,-43.542020753822854,-43.361862,0.0625202276374122,0.06252024,-0.18015857120566636
2017-03-28,-43.492645637882575,-43.361862,0.0625202325749238,0.06252024,-0.13078345526538726
2017-03-29,-43.460311331816605,-43.361862,0.0625202358083544,0.06252024,-0.09844914919941772
2017-03-30,-43.43584199886785,-43.361862,0.0625202382552877,0.06252024,-0.07397981625066308
2017-03-31,-43.41268361990336,-43.361862,0.0625202405711256,0.06252024,-0.05082143728617439
2017-04-01,-43.39582446180601,-43.361862,0.0625202422570414,0.06252024,-0.03396227918882033
2017-04-02,-43.37747256791258,-43.361862,0.0625202440922308,0.06252024,-0.015610385295389051
2017-04-03,-43.336144469885426,-43.361862,0.0625202482250406,0.06252024,0.02571771273176182
2017-04-04,-43.295071583820956,-43.044834,0.0625202523323292,0.06252027,-0.2502374468580655
2017-04-05,-43.24369384189897,-43.044834,0.0625202574701034,0.06252027,-0.1988597049360763
2017-04-06,-43.196503654863164,-43.044834,0.0625202621891221,0.06252027,-0.15166951790027383
2017-04-07,-43.15237223190272,-43.044834,0.0625202666022644,0.06252027,-0.10753809493982658
2017-04-08,-43.090144040830445,-43.044834,0.0625202728250835,0.06252027,-0.045309903867554624
2017-04-09,-43.0403322627948,-43.044834,0.0625202778062613,0.06252027,0.004501874168092002
2017-04-10,-42.983092577858486,-43.044834,0.0625202835302298,0.06252027,0.06174155910440504
2017-04-11,-42.94445952485182,-43.044834,0.0625202873935351,0.06252027,0.10037461211106802
2017-04-12,-42.909503961824356,-43.044834,0.0625202908890914,0.06252027,0.13533017513853451
2017-04-13,-42.87691530588389,-43.044834,0.062520294147957,0.06252027,0.16791883107899963
2017-04-14,-42.86118550286822,-43.044834,0.0625202957209373,0.06252027,0.18364863409467347
2017-04-15,-42.8382094568025,-43.044834,0.0625202980185419,0.06252027,0.20662468016038815
2017-04-16,-42.81461477587123,-43.044834,0.06252030037801,0.06252027,0.2302193610916632
2017-04-17,-42.79469759588261,-42.410233,0.062520302369728,0.06252034,-0.38446505193729763
2017-04-18,-42.759305235867686,-42.410233,0.062520305908964,0.06252034,-0.3490726919223732
2017-04-19,-42.72478696082382,-42.410233,0.0625203093607915,0.06252034,-0.31455441687850794
2017-04-20,-42.66885852283187,-42.410233,0.0625203149536353,0.06252034,-0.25862597888655614
2017-04-21,-42.60025849592286,-42.410233,0.062520321813638,0.06252034,-0.19002595197754601
2017-04-22,-42.52535946380753,-42.410233,0.0625203293035412,0.06252034,-0.11512691986222023
2017-04-23,-42.437097284853124,-42.410233,0.0625203381297591,0.06252034,-0.026864740907811324
2017-04-24,-42.3824795468819,-42.410233,0.0625203435915329,0.06252034,0.02775299706340917
2017-04-25,-42.34315493581442,-42.410233,0.062520347523994,0.06252034,0.06707760813089436
2017-04-26,-42.27805082385183,-42.410233,0.0625203540344052,0.06252034,0.1321817200934845
2017-04-27,-42.24659136492504,-42.410233,0.0625203571803511,0.06252034,0.1636411790202743
2017-04-28,-42.20377136390785,-42.410233,0.0625203614623512,0.06252034,0.20646118003746494
2017-04-29,-42.173622835928185,-42.410233,0.062520364477204,0.06252034,0.23660970801712722
2017-04-30,-42.15046545588685,-41.732265,0.062520366792942,0.06252041,-0.41819998347474296
2017-05-01,-42.123812442895755,-41.732265,0.0625203694582433,0.06252041,-0.3915469704836454
2017-05-02,-42.102839700880466,-41.732265,0.0625203715555175,0.06252041,-0.37057422846835664
2017-05-03,-42.09104288985244,-41.732265,0.0625203727351986,0.06252041,-0.3587774174403293
2017-05-04,-42.066137667801094,-41.732265,0.0625203752257208,0.06252041,-0.3338721953889845
2017-05-05,-42.042980053919045,-41.732265,0.0625203775414822,0.06252041,-0.31071458150693587
2017-05-06,-41.99404333785073,-41.732265,0.0625203824351538,0.06252041,-0.26177786543861714
2017-05-07,-41.94710894883657,-41.732265,0.0625203871285927,0.06252041,-0.21484347642446266
2017-05-08,-41.89449433381065,-41.732265,0.0625203923900542,0.06252041,-0.16222886139853898
2017-05-09,-41.84817904692717,-41.732265,0.0625203970215829,0.06252041,-0.11591357451506212
2017-05-10,-41.82458447687942,-41.732265,0.0625203993810399,0.06252041,-0.09231900446731345
2017-05-11,-41.78638892682329,-41.732265,0.0625204032005949,0.06252041,-0.05412345441118305
2017-05-12,-41.733082765810224,-41.732265,0.062520408531211,0.06252041,-0.000817293398114316
2017-05-13,-41.69175574886275,-41.457977,0.0625204126639127,0.06252044,-0.2337784539408716
2017-05-14,-41.68520222891381,-41.457977,0.0625204133192647,0.06252044,-0.2272249339919341
2017-05-15,-41.65348809093139,-41.457977,0.0625204164906785,0.06252044,-0.19551079600951482
2017-05-16,-41.641691163885056,-41.457977,0.0625204176703712,0.06252044,-0.18371386896318143
2017-05-17,-41.62290320991468,-41.457977,0.0625204195491666,0.06252044,-0.16492591499280707
2017-05-18,-41.58925918693046,-41.457977,0.0625204229135689,0.06252044,-0.13128189200858742
2017-05-19,-41.57527757384094,-41.457977,0.0625204243117302,0.06252044,-0.11730027891906758
2017-05-20,-41.52965405887499,-41.457977,0.0625204288740817,0.06252044,-0.07167676395311418
2017-05-21,-41.47023034792308,-41.457977,0.0625204348164528,0.06252044,-0.01225305300120283
2017-05-22,-41.41761585987891,-41.457977,0.0625204400779016,0.06252044,0.04036143504296774
2017-05-23,-41.38615622192865,-41.457977,0.0625204432238654,0.06252044,0.07182107299322382
2017-05-24,-41.348579389866025,-41.457977,0.0625204469815486,0.06252044,0.10939790505585023
2017-05-25,-41.27805007789198,-40.855938,0.0625204540344798,0.0625205,-0.4221121201283111
2017-05-26,-41.222121652806365,-40.855938,0.0625204596273223,0.0625205,-0.3661836950426931
2017-05-27,-41.18629263083484,-40.855938,0.0625204632102245,0.0625205,-0.33035467307117017
2017-05-28,-41.11831183387093,-40.855938,0.0625204700083042,0.0625205,-0.2623738761072616
2017-05-29,-41.112013022814864,-40.855938,0.0625204706381853,0.0625205,-0.25607506505119204
2017-05-30,-41.086415563801324,-40.855938,0.0625204731979312,0.0625205,-0.23047760603765255
2017-05-31,-41.050586548907475,-40.855938,0.0625204767808327,0.0625205,-0.19464859114380317
2017-06-01,-41.03547574588195,-40.855938,0.062520478291913,0.0625205,-0.17953778811828158
2017-06-02,-41.03267223290463,-40.855938,0.0625204785722643,0.0625205,-0.17673427514095863
2017-06-03,-40.96931565486517,-40.855938,0.0625204849079221,0.0625205,-0.11337769710149814
2017-06-04,-40.95314890484314,-40.727455,0.0625204865245971,0.062520504,-0.22569376568298338
2017-06-05,-40.92587657780755,-40.727455,0.0625204892518298,0.062520504,-0.1984214386473937
2017-06-06,-40.87238756986245,-40.727455,0.0625204946007306,0.062520504,-0.14493243070229056
2017-06-07,-40.821702123883256,-40.727455,0.0625204996692752,0.062520504,-0.09424698472309956
2017-06-08,-40.78962330289482,-40.727455,0.0625205028771573,0.062520504,-0.062168163734661164
2017-06-09,-40.73325747588896,-40.727455,0.06252050851374,0.062520504,-0.0058023367288058125
2017-06-10,-40.69524329686214,-40.490593,0.0625205123151579,0.062520534,-0.2046503403191693
2017-06-11,-40.66527597684777,-40.490593,0.0625205153118899,0.062520534,-0.17468302030479776
2017-06-12,-40.641680888880984,-40.490593,0.0625205176713987,0.062520534,-0.1510879323380152
2017-06-13,-40.60472239081348,-40.490593,0.0625205213672485,0.062520534,-0.11412943427050948
2017-06-14,-40.5881183568324,-40.490593,0.0625205230276519,0.062520534,-0.09752540028943457
2017-06-15,-40.71224435880927,-40.727455,0.0625205106150517,0.062520504,0.015210780350884079
2017-06-16,-40.53524758892979,-40.490593,0.0625205283147287,0.062520534,-0.04465463238682332
2017-06-17,-40.52519767289154,-40.490593,0.0625205293197203,0.062520534,-0.03460471634856788
2017-06-18,-40.504223963871986,-40.490593,0.0625205314170912,0.062520534,-0.013631007329017564
2017-06-19,-40.48700095987678,-40.35685,0.0625205331393916,0.06252054,-0.13015128946662458
2017-06-20,-40.435441016895,-40.35685,0.0625205382953859,0.06252054,-0.078591346484842
2017-06-21,-40.40747619685203,-40.35685,0.0625205410918679,0.06252054,-0.050626526441874375
2017-06-22,-40.35547931491301,-40.35685,0.0625205462915561,0.06252054,0.00137035549714426
2017-06-23,-40.30697778489856,-40.35685,0.0625205511417091,0.06252054,0.0498718855115996
2017-06-24,-40.28163470587431,-39.96601,0.062520553676017,0.062520586,-0.31562365851102925
2017-06-25,-40.26047909083674,-39.96601,0.0625205557915785,0.062520586,-0.2944680434734579
2017-06-26,-40.218713719814005,-39.96601,0.0625205599681156,0.062520586,-0.25270267245072375
2017-06-27,-40.169519995858494,-39.96601,0.062520564887488,0.062520586,-0.2035089484952124
2017-06-28,-40.152478766875,-39.96601,0.0625205665916109,0.062520586,-0.18646771951171814
2017-06-29,-40.12757226182217,-39.96601,0.0625205690822614,0.062520586,-0.16156121445889227
2017-06-30,-40.11202333689678,-39.96601,0.0625205706371539,0.062520586,-0.14601228953350187
2017-07-01,-40.09410818989201,-39.96601,0.0625205724286686,0.062520586,-0.1280971425287305
2017-07-02,-40.06570609380034,-39.898888,0.0625205752688782,0.062520586,-0.16681845952299312
2017-07-03,-40.073570632820356,-39.898888,0.0625205744824243,0.062520586,-0.1746829985430125
2017-07-04,-40.05678412785652,-39.898888,0.0625205761610748,0.062520586,-0.15789649357917312
2017-07-05,-40.011341074924765,-39.898888,0.0625205807053801,0.062520586,-0.11245344064742113
2017-07-06,-39.9818829709131,-39.898888,0.0625205836511905,0.062520586,-0.08299533663575431
2017-07-07,-39.94237533389011,-39.898888,0.0625205876019542,0.062520586,-0.04348769961276844
2017-07-08,-39.900864777925314,-39.82416,0.0625205917530098,0.06252059,-0.0767032483842982
2017-07-09,-39.86721935883564,-39.82416,0.0625205951175517,0.06252059,-0.043057829294625094
2017-07-10,-39.82458001788869,-39.82416,0.0625205993814858,0.06252059,-0.0004184883476767709
2017-07-11,-39.81409279485426,-39.82416,0.0625206004302081,0.06252059,0.01006873468675451
2017-07-12,-39.78325085779444,-39.82416,0.0625206035144018,0.06252059,0.04091067174657326
2017-07-13,-39.730998527831574,-39.82416,0.0625206087396348,0.06252059,0.09316300170944203
2017-07-14,-39.713083046927224,-39.82416,0.0625206105311829,0.06252059,0.11107848261379161
2017-07-15,-39.67594200987578,-39.339573,0.0625206142452866,0.062520646,-0.3363691033816423
2017-07-16,-39.66039329880711,-39.339573,0.0625206158001577,0.062520646,-0.32082039231296733
2017-07-17,-39.646228424811135,-39.339573,0.0625206172166451,0.062520646,-0.3066555183169939
2017-07-18,-39.5999113798895,-39.339573,0.0625206218483496,0.062520646,-0.26033847339535754
2017-07-19,-39.58680267285297,-39.339573,0.0625206231592203,0.062520646,-0.24722976635882787
2017-07-20,-39.56757649581366,-39.339573,0.062520625081838,0.062520646,-0.22800358931952047
2017-07-21,-39.55009822281808,-39.339573,0.0625206268296653,0.062520646,-0.21052531632393823
2017-07-22,-39.500285773930166,-39.339573,0.0625206318109102,0.062520646,-0.16071286743602542
2017-07-23,-39.467951302857294,-39.339573,0.0625206350443573,0.062520646,-0.1283783963631535
2017-07-24,-39.435616753930034,-39.333557,0.0625206382778122,0.062520646,-0.1020596250237844
2017-07-25,-39.42469276388416,-39.333557,0.0625206393702112,0.062520646,-0.09113563497790977
2017-07-26,-39.38817092888347,-39.333557,0.0625206430223947,0.062520646,-0.05461379997721849
2017-07-27,-39.34465750185523,-39.165993,0.0625206473737374,0.06252066,-0.17866476503882467
2017-07-28,-39.304640161857975,-39.165993,0.0625206513754714,0.06252066,-0.1386474250415688
2017-07-29,-39.28472225189772,-39.165993,0.0625206533672624,0.06252066,-0.1187295150813128
2017-07-30,-39.263311573806135,-39.165993,0.0625206555083302,0.06252066,-0.09731883698972865
2017-07-31,-39.242775105863274,-39.165993,0.062520657561977,0.06252066,-0.07678236904686742
2017-08-01,-39.23341706582595,-39.165993,0.062520658497781,0.06252066,-0.06742432900954043
2017-08-02,-39.19889789483211,-39.165993,0.0625206619496981,0.06252066,-0.032905158015701375
2017-08-03,-39.18429675092705,-39.165993,0.0625206634098125,0.06252066,-0.01830401411064031
2017-08-04,-39.17424687485682,-39.165993,0.0625206644148001,0.06252066,-0.00825413804041375
2017-08-05,-39.13098911192958,-38.87973,0.0625206687405764,0.06252069,-0.25125888732020485
2017-08-06,-39.11700673292495,-38.87973,0.0625206701388143,0.06252069,-0.23727650831557412
2017-08-07,-39.09253778786037,-38.87973,0.0625206725857088,0.06252069,-0.2128075632509976
2017-08-08,-39.06151472485298,-38.87973,0.0625206756880151,0.06252069,-0.1817845002436016
2017-08-09,-39.02324542587321,-38.87973,0.062520679514945,0.06252069,-0.14351520126383832
2017-08-10,-38.974489694892924,-38.857452,0.0625206843905181,0.06252069,-0.11703730231479881
2017-08-11,-38.9613813328582,-38.857452,0.0625206857013543,0.06252069,-0.1039289402800776
2017-08-12,-38.91637609582111,-38.857452,0.062520690201878,0.06252069,-0.05892370324298213
2017-08-13,-38.88160264781115,-38.804947,0.0625206936792228,0.0625207,-0.07665574839708711
2017-08-14,-38.877233252826436,-38.804947,0.0625206941161623,0.0625207,-0.07228635341237322
2017-08-15,-38.85800784586557,-38.804947,0.062520696038703,0.0625207,-0.053060946451509494
2017-08-16,-38.82611119693236,-38.804947,0.0625206992283679,0.0625207,-0.02116429751829685
2017-08-17,-38.798839122888836,-38.804947,0.0625207019555753,0.0625207,0.006107776525226427
2017-08-18,-38.77437047786203,-38.804947,0.0625207044024398,0.0625207,0.030576421552034105
2017-08-19,-38.7442214778988,-38.804947,0.0625207074173398,0.0625207,0.060725421515265054
2017-08-20,-38.73198747492146,-38.804947,0.0625207086407401,0.0625207,0.07295942449260195
2017-08-21,-38.701838692839495,-38.804947,0.0625207116556183,0.0625207,0.10310820657456787
2017-08-22,-38.667320438889874,-38.380585,0.0625207151074437,0.06252074,-0.2867357220929989
2017-08-23,-38.62380871785809,-38.380585,0.0625207194586158,0.06252074,-0.24322400106121478
2017-08-24,-38.57224973688456,-38.380585,0.0625207246145139,0.06252074,-0.19166502008768305
2017-08-25,-38.553643539884774,-38.380585,0.0625207264751336,0.06252074,-0.17305882308789933
2017-08-26,-38.51300830290394,-38.380585,0.0625207305386573,0.06252074,-0.13242358610706617
2017-08-27,-38.47517663482791,-38.280396,0.0625207343218241,0.06252075,-0.1947811270154105
2017-08-28,-38.44196939481459,-38.280396,0.0625207376425481,0.06252075,-0.16157388700209196
2017-08-29,-38.42886139679425,-38.280396,0.0625207389533479,0.06252075,-0.14846588898174673
2017-08-30,-38.38385686585899,-38.280396,0.062520743453801,0.06252075,-0.10346135804648782
2017-08-31,-38.32599908090706,-38.280396,0.0625207492395795,0.06252075,-0.04560357309456009
2017-09-01,-38.29890920487023,-38.18671,0.0625207519485671,0.06252076,-0.11219884720421192
2017-09-02,-38.27950234680522,-38.18671,0.0625207538892529,0.06252076,-0.09279198913920084
2017-09-03,-38.267705238931306,-38.18671,0.0625207550689637,0.06252076,-0.08099488126529053
2017-09-04,-38.21989705582452,-38.18671,0.062520759849782,0.06252076,-0.03318669815850228
2017-09-05,-38.17926234980784,-38.18671,0.0625207639132526,0.06252076,0.0074480078581729
2017-09-06,-38.11914668583327,-37.80573,0.062520769924819,0.0625208,-0.3134177734797561
2017-09-07,-38.057101244826086,-37.80573,0.0625207761293631,0.0625208,-0.2513723324725703
2017-09-08,-38.034380705903594,-37.80573,0.062520778401417,0.0625208,-0.22865179355007825
2017-09-09,-37.958353029804435,-37.80573,0.0625207860041846,0.0625208,-0.15262411745091953
2017-09-10,-37.91247456488844,-37.777935,0.0625207905920311,0.0625208,-0.1345395368122695
2017-09-11,-37.85785753190885,-37.777935,0.0625207960537344,0.0625208,-0.07992250383267674
2017-09-12,-37.793627350873884,-37.756794,0.0625208024767525,0.0625208,-0.03683337504380546
2017-09-13,-37.748185798824885,-37.756794,0.0625208070209077,0.0625208,0.00860817700519334
2017-09-14,-37.746438258795536,-37.756794,0.0625208071956617,0.0625208,0.010355717034542522
2017-09-15,-37.69513466492236,-37.756794,0.0625208123260211,0.0625208,0.061659310907721476
2017-09-16,-37.64925646382311,-37.471584,0.0625208169138412,0.06252083,-0.17767214375474794
2017-09-17,-37.607128535871446,-37.471584,0.062520821126634,0.06252083,-0.13554421580308684
2017-09-18,-37.59839004191523,-37.471584,0.0625208220004834,0.06252083,-0.12680572184687122
2017-09-19,-37.581349775911434,-37.471584,0.06252082370451,0.06252083,-0.10976545584307473
2017-09-20,-37.54901659283605,-37.471584,0.0625208269378283,0.06252083,-0.0774322727676875
2017-09-21,-37.51318801689663,-37.471584,0.0625208305206859,0.06252083,-0.041603696828268255
2017-09-22,-37.49003037692433,-37.471584,0.0625208328364499,0.06252083,-0.01844605685597145
2017-09-23,-37.455512270911925,-37.471584,0.0625208362882605,0.06252083,0.016072049156434787
2017-09-24,-37.419246561865016,-37.251293,0.0625208399148314,0.062520854,-0.1679533794919692
2017-09-25,-37.395651761862325,-37.251293,0.0625208422743114,0.062520854,-0.14435857948927833
2017-09-26,-37.33579096290573,-37.251293,0.0625208482603913,0.062520854,-0.0844977805326863
2017-09-27,-37.270249885895666,-37.14692,0.062520854814499,0.06252086,-0.12333063540738465
2017-09-28,-37.19666154089474,-37.14692,0.0625208621733335,0.06252086,-0.04974229040645639
2017-09-29,-37.17175608083934,-37.14692,0.0625208646638795,0.06252086,-0.024836830351055994
2017-09-30,-37.141425296843835,-37.032074,0.0625208676969579,0.06252088,-0.10935132223445976
2017-10-01,-37.057350493890915,-37.032074,0.0625208761044382,0.06252088,-0.02527651928154029
2017-10-02,-37.024579927907865,-36.87645,0.0625208793814948,0.06252089,-0.14813034294692784
2017-10-03,-36.97502351088233,-36.87645,0.0625208843371365,0.06252089,-0.09857392592139291
2017-10-04,-36.94356376579555,-36.87645,0.062520887483111,0.06252089,-0.06711418083461496
2017-10-05,-36.89418925784116,-36.87645,0.0625208924205618,0.06252089,-0.017739672880225044
2017-10-06,-36.8762746288942,-36.739777,0.0625208942120247,0.06252091,-0.13649801756607616
2017-10-07,-36.842885049875875,-36.739777,0.0625208975509826,0.06252091,-0.10310843854774987
2017-10-08,-36.81579456488171,-36.739777,0.0625209002600311,0.06252091,-0.07601795355358831
2017-10-09,-36.7755957299265,-36.739777,0.0625209042799146,0.06252091,-0.03581911859837561
2017-10-10,-36.75156378987743,-36.739777,0.0625209066831086,0.06252091,-0.01178717854930511
2017-10-11,-36.70506574182664,-36.616875,0.0625209113329134,0.06252092,-0.08819104700241809
2017-10-12,-36.633661817803144,-36.616875,0.0625209184733058,0.06252092,-0.016787122978925595
2017-10-13,-36.593280899888114,-36.47335,0.0625209225113976,0.06252093,-0.11993037498577053
2017-10-14,-36.529741888891024,-36.47335,0.0625209288652987,0.06252093,-0.05639136398868061
2017-10-15,-36.497844786848034,-36.47335,0.0625209320550089,0.06252093,-0.02449426194569071
2017-10-16,-36.44828794183152,-36.324806,0.0625209370106934,0.06252094,-0.12348172845261729
2017-10-17,-36.41333212886511,-36.324806,0.0625209405062747,0.06252094,-0.08852591548620126
2017-10-18,-36.404848151871946,-36.324806,0.0625209413546724,0.06252094,-0.08004193849303931
2017-10-19,-36.35372526483715,-36.324806,0.0625209464669611,0.06252094,-0.028919051458245804
2017-10-20,-36.32601552491788,-36.324806,0.0625209492379351,0.06252094,-0.0012093115389717468
2017-10-21,-36.30810046881261,-36.146164,0.0625209510294407,0.062520966,-0.16193652838292394
2017-10-22,-36.27489229482417,-36.146164,0.0625209543502581,0.062520966,-0.12872835439448238
2017-10-23,-36.26353152680339,-36.146164,0.0625209554863349,0.062520966,-0.11736758637370315
2017-10-24,-36.195185722925906,-36.050766,0.0625209623209153,0.06252097,-0.1444197317149687
2017-10-25,-36.13488669992893,-36.050766,0.0625209683508176,0.06252097,-0.0841207087179896
2017-10-26,-36.09494250988998,-36.050766,0.0625209723452366,0.06252097,-0.04417651867904482
2017-10-27,-36.059549767819554,-36.050766,0.0625209758845108,0.06252097,-0.008783776608616733
2017-10-28,-36.00387526392357,-35.830376,0.0625209814519612,0.062520996,-0.17349959253684943
2017-10-29,-35.94863780181923,-35.830376,0.0625209869757074,0.062520996,-0.11826213043251244
2017-10-30,-35.87741512392495,-35.830376,0.0625209940979752,0.062520996,-0.04703945253822894
2017-10-31,-35.84184025989812,-35.830376,0.0625209976554616,0.062520996,-0.01146458851140153
2017-11-01,-35.80819512988276,-35.74842,0.0625210010199746,0.062521,-0.059774414550730626
2017-11-02,-35.76737676883046,-35.74842,0.0625210051018107,0.062521,-0.018956053498428105
2017-11-03,-35.74290720689821,-35.74842,0.0625210075487669,0.062521,0.005513508433821812
2017-11-04,-35.696845430838174,-35.507515,0.0625210121549445,0.062521026,-0.1893304772248925
2017-11-05,-35.684610399794316,-35.507515,0.0625210133784476,0.062521026,-0.1770954461810348
2017-11-06,-35.6693169559219,-35.507515,0.062521014907792,0.062521026,-0.16180200230861885
2017-11-07,-35.62849851687644,-35.507515,0.0625210189896359,0.062521026,-0.12098356326315951
2017-11-08,-35.559715620830936,-35.49884,0.0625210258679255,0.06252103,-0.060875288799685734
2017-11-09,-35.506225850856495,-35.49884,0.0625210312169025,0.06252103,-0.007385518825245185
2017-11-10,-35.4710877219222,-35.49884,0.0625210347307154,0.06252103,0.027752610109047282
2017-11-11,-35.45797896090108,-35.49884,0.0625210360415915,0.06252103,0.040861371130169744
2017-11-12,-35.37390299387933,-35.199463,0.0625210444491882,0.06252106,-0.17444010325432657
2017-11-13,-35.322161002909745,-35.199463,0.0625210496233873,0.06252106,-0.12269811228474481
2017-11-14,-35.26561272587658,-35.19571,0.062521055278215,0.06252106,-0.06990349736095425
2017-11-15,-35.247260648796356,-35.19571,0.0625210571134227,0.06252106,-0.05155142028073101
2017-11-16,-35.17629312790871,-35.19571,0.0625210642101748,0.06252106,0.019416100606918008
2017-11-17,-35.12298516791801,-34.95533,0.0625210695409708,0.062521085,-0.1676552728984788
2017-11-18,-35.0917796618222,-34.95533,0.0625210726615214,0.062521085,-0.13644976680267007
2017-11-19,-35.07255364479378,-34.95533,0.0625210745841231,0.062521085,-0.11722374977424721
2017-11-20,-35.037160524831194,-34.95533,0.0625210781234351,0.062521085,-0.08183062981166245
2017-11-21,-35.03391985390514,-34.95533,0.0625210784475022,0.062521085,-0.07858995888560827
2017-11-22,-34.9771164358248,-34.95533,0.062521084127844,0.062521085,-0.021786540805265986
2017-11-23,-34.94915130589082,-34.95533,0.062521086924357,0.062521085,0.0061785891287087225
2017-11-24,-34.933420991895005,-34.95533,0.0625210884973884,0.062521085,0.02190890312452609
2017-11-25,-34.88430102185913,-34.65718,0.0625210934093854,0.062521115,-0.2271202357263178
2017-11-26,-34.81377063282998,-34.65718,0.0625211004624243,0.062521115,-0.15658984669716602
2017-11-27,-34.7486655039031,-34.582954,0.0625211069729372,0.06252112,-0.16571109716481658
2017-11-28,-34.66914103786301,-34.582954,0.0625211149253838,0.06252112,-0.08618663112472547
2017-11-29,-34.63575127690688,-34.582954,0.0625211182643599,0.06252112,-0.05279687016859924
2017-11-30,-34.58506540182648,-34.578552,0.0625211233329474,0.06252112,-0.006513155732733367
2017-12-01,-34.55578990382846,-34.578552,0.0625211262604972,0.06252112,0.022762342265288282
2017-12-02,-34.51103951584989,-34.578552,0.062521130735536,0.06252112,0.0675127302438625
2017-12-03,-40.991000166829,-40.855938,0.0625204827394709,0.0625205,-0.13506220906532462
2017-12-04,-40.985574891877484,-40.855938,0.0625204832819984,0.0625205,-0.12963693411381172
2017-12-05,-40.973777169911465,-40.855938,0.0625204844617706,0.0625205,-0.1178392121477927
2017-12-06,-40.907179707921905,-40.727455,0.0625204911215168,0.062520504,-0.17972456876174903
2017-12-07,-40.90630572092802,-40.727455,0.0625204912089155,0.062520504,-0.17885058176786117
2017-12-08,-40.87903337390841,-40.727455,0.0625204939361502,0.062520504,-0.15157823474825705
2017-12-09,-40.82772905783516,-40.727455,0.0625204990665818,0.062520504,-0.10027391867500057
2017-12-10,-40.7949583118572,-40.727455,0.0625205023436564,0.062520504,-0.06750317269704453
2017-12-11,-40.77005242186793,-40.727455,0.0625205048342454,0.062520504,-0.0425972827077743
2017-12-12,-40.6899098678859,-40.490593,0.0625205128485008,0.062520534,-0.19931691134293317
2017-12-13,-40.643156968833694,-40.490593,0.0625205175237907,0.062520534,-0.1525640122907248
2017-12-14,-40.58460651684692,-40.490593,0.0625205233788359,0.062520534,-0.09401356030394936
2017-12-15,-40.547721531919436,-40.490593,0.0625205270673344,0.062520534,-0.057128575376466983
2017-12-16,-40.5293699078102,-40.490593,0.0625205289024968,0.062520534,-0.038776951267230686
2017-12-17,-40.45858536985691,-40.35685,0.0625205359809506,0.06252054,-0.1017356994467562
2017-12-18,-40.430184164858,-40.35685,0.0625205388210711,0.06252054,-0.07333449444784179
2017-12-19,-40.40440469782469,-40.35685,0.0625205413990178,0.06252054,-0.04755502741453199
2017-12-20,-40.39260745686279,-40.35685,0.0625205425787419,0.06252054,-0.03575778645263483
2017-12-21,-40.371197598809694,-40.35685,0.0625205447197277,0.06252054,-0.01434792839953758
2017-12-22,-40.342359702849606,-40.35685,0.0625205476035173,0.06252054,0.014489967560550099
2017-12-23,-40.32488243085886,-40.35685,0.0625205493512445,0.06252054,0.03196723955129954
2017-12-24,-40.289927186881734,-40.35685,0.0625205528467689,0.06252054,0.06692248352842256
2017-12-25,-40.235746606859244,-39.96601,0.0625205582648269,0.062520586,-0.2697355594959632
2017-12-26,-40.22613405291197,-39.96601,0.0625205592260823,0.062520586,-0.2601230055486923
2017-12-27,-40.15272807980641,-39.96601,0.0625205665666796,0.062520586,-0.1867170324431271
2017-12-28,-40.09811060287638,-39.96601,0.0625205720284273,0.062520586,-0.1320995555131006
2017-12-29,-40.061844702871106,-39.898888,0.0625205756550173,0.062520586,-0.16295706859376224
2017-12-30,-40.028637281891434,-39.898888,0.0625205789757594,0.062520586,-0.1297496476140907
2017-12-31,-39.974456855912386,-39.898888,0.062520584393802,0.062520586,-0.07556922163504254
2018-01-01,-39.94274211188697,-39.898888,0.0625205875652764,0.062520586,-0.04385447760962791
2018-01-02,-39.90341806481279,-39.82416,0.0625205914976811,0.06252059,-0.07925653527177445
2018-01-03,-39.89948584692815,-39.82416,0.0625205918909029,0.06252059,-0.07532431738713541
2018-01-04,-39.88244564684385,-39.82416,0.0625205935949229,0.06252059,-0.05828411730283278
2018-01-05,-39.858233060879876,-39.82416,0.0625205960161815,0.06252059,-0.034071531338859984
2018-01-06,-39.842248515803426,-39.82416,0.062520597614636,0.06252059,-0.018086986262410676
2018-01-07,-39.83900853682387,-39.82416,0.0625205979386339,0.06252059,-0.014847007282853042
2018-01-08,-39.822150078860915,-39.82416,0.0625205996244797,0.06252059,0.002011450680100779
2018-01-09,-39.782825957818126,-39.82416,0.0625206035568918,0.06252059,0.0413355717228896
2018-01-10,-39.74743415680049,-39.82416,0.0625206070960719,0.06252059,0.07672737274052821
2018-01-11,-39.704177399874084,-39.82416,0.0625206114217476,0.06252059,0.11998412966693195
2018-01-12,-39.67184384681688,-39.339573,0.0625206146551029,0.062520646,-0.3322709403227364
2018-01-13,-39.6176635528156,-39.339573,0.0625206200731323,0.062520646,-0.2780906463214592
2018-01-14,-39.55692913490405,-39.339573,0.0625206261465741,0.062520646,-0.21735622840991198
2018-01-15,-39.509484633798444,-39.339573,0.0625206308910242,0.062520646,-0.16991172730430293
2018-01-16,-39.507118367865246,-39.339573,0.0625206311276508,0.062520646,-0.16754546137110538
2018-01-17,-39.4608031548116,-39.333557,0.0625206357591721,0.062520646,-0.12724602590535028
2018-01-18,-39.44438163080988,-39.333557,0.0625206374013245,0.062520646,-0.11082450190362891
2018-01-19,-39.42446455185156,-39.333557,0.0625206393930324,0.062520646,-0.09090742294530685
2018-01-20,-39.41354141584475,-39.333557,0.062520640485346,0.062520646,-0.07998428693849746
2018-01-21,-39.405421767835236,-39.333557,0.0625206412973108,0.062520646,-0.07186463892898587
2018-01-22,-39.40192644991125,-39.333557,0.0625206416468426,0.062520646,-0.06836932100500093
2018-01-23,-39.37614728791172,-39.333557,0.0625206442247588,0.062520646,-0.042590159005470696
2018-01-24,-39.34050038081893,-39.165993,0.0625206477894495,0.06252066,-0.1745076440025244
2018-01-25,-39.29786199383112,-39.165993,0.0625206520532882,0.06252066,-0.13186925701471353
2018-01-26,-39.264217728818274,-39.165993,0.0625206554177147,0.06252066,-0.0982249920018674
2018-01-27,-39.22682264692612,-39.165993,0.0625206591572229,0.06252066,-0.06082991010971028
2018-01-28,-39.20279088992507,-39.165993,0.0625206615603986,0.06252066,-0.036798153108662746
2018-01-29,-39.137431418895254,-39.165993,0.0625206680963457,0.06252066,0.02856131792115235
2018-01-30,-39.09766987789109,-38.87973,0.0625206720724998,0.06252069,-0.21793965328171794
2018-01-31,-39.056342202858914,-38.87973,0.0625206762052673,0.06252069,-0.17661197824953945
2018-02-01,-39.036242997919636,-38.87973,0.0625206782151878,0.06252069,-0.15651277331026137
2018-02-02,-39.015706891909474,-38.87973,0.0625206802687984,0.06252069,-0.13597666730009905
2018-02-03,-39.009771531928195,-38.87973,0.0625206808623344,0.06252069,-0.13004130731881958
2018-02-04,-39.005839245903616,-38.857452,0.062520681255563,0.06252069,-0.14838685332549062
2018-02-05,-38.97700110083724,-38.857452,0.0625206841393775,0.06252069,-0.11954870825911712
2018-02-06,-38.97237657785047,-38.857452,0.0625206846018298,0.06252069,-0.1149241852723435
2018-02-07,-38.959013108907925,-38.857452,0.0625206859381767,0.06252069,-0.10156071632980002
2018-02-08,-38.926861011812086,-38.857452,0.0625206891533864,0.06252069,-0.06940861923396113
2018-02-09,-38.90894628585939,-38.857452,0.062520690944859,0.06252069,-0.0514938932812683
2018-02-10,-38.88360348480724,-38.804947,0.0625206934791391,0.0625207,-0.07865658539317621
2018-02-11,-38.82042819092213,-38.804947,0.0625206997966685,0.0625207,-0.015481291508066874
2018-02-12,-38.78765725690015,-38.804947,0.0625207030737619,0.0625207,0.017289642513915737
2018-02-13,-38.72604793592194,-38.804947,0.062520709234694,0.0625207,0.07889896349212222
2018-02-14,-38.686722758918265,-38.804947,0.0625207131672117,0.0625207,0.11822414049579777
2018-02-15,-38.64889014992823,-38.380585,0.0625207169504726,0.06252074,-0.2683054331313528
2018-02-16,-38.62791667780252,-38.380585,0.0625207190478198,0.06252074,-0.24733196100564214
2018-02-17,-38.606250881839664,-38.380585,0.0625207212143994,0.06252074,-0.2256661650427887
2018-02-18,-38.57409837187964,-38.380585,0.0625207244296504,0.06252074,-0.19351365508276785
2018-02-19,-38.56885472580673,-38.380585,0.062520724954015,0.06252074,-0.18827000900985524
2018-02-20,-38.559168115820384,-38.380585,0.062520725922676,0.06252074,-0.17858339902350906
2018-02-21,-38.536446604897634,-38.380585,0.0625207281948271,0.06252074,-0.15586188810075896
2018-02-22,-38.530947803899764,-38.380585,0.0625207287447072,0.06252074,-0.15036308710288893
2018-02-23,-38.51652830982877,-38.380585,0.0625207301866566,0.06252074,-0.13594359303189663
2018-02-24,-38.483501861863445,-38.380585,0.0625207334893014,0.06252074,-0.10291714506657001
2018-02-25,-38.43780375781258,-38.280396,0.0625207380591118,0.06252075,-0.1574082500000813
2018-02-26,-38.4190148629282,-38.280396,0.0625207399380013,0.06252075,-0.13861935511570067
2018-02-27,-38.36064538687012,-38.280396,0.0625207457749489,0.06252075,-0.08024987905761805
2018-02-28,-38.31476551280355,-38.280396,0.0625207503629363,0.06252075,-0.0343700049910467
2018-03-01,-38.25989169384258,-38.18671,0.0625207558503182,0.06252076,-0.07318133617656741
2018-03-02,-38.238043890831406,-38.18671,0.0625207580350985,0.06252076,-0.05133353316539058
2018-03-03,-38.19540448382619,-38.18671,0.0625207622990392,0.06252076,-0.008694126160172289
2018-03-04,-38.184480470881965,-38.18671,0.0625207633914405,0.06252076,0.00222988678405045
2018-03-05,-38.16019243388369,-38.18671,0.0625207658202442,0.06252076,0.026517923782328978
2018-03-06,-38.14183999889531,-38.18671,0.0625207676554877,0.06252076,0.04487035877070866
2018-03-07,-38.13721477882726,-38.18671,0.0625207681180097,0.06252076,0.04949557883875855
2018-03-08,-38.14351343181532,-38.18671,0.0625207674881444,0.06252076,0.0431969258506939
2018-03-09,-38.120354635823304,-37.80573,0.062520769804024,0.0625208,-0.31462572346978845
2018-03-10,-38.09999912784967,-37.80573,0.0625207718395748,0.0625208,-0.2942702154961552
2018-03-11,-38.06347692592027,-37.80573,0.062520775491795,0.0625208,-0.25774801356675425
2018-03-12,-38.02196634788979,-37.80573,0.0625207796428528,0.0625208,-0.2162374355362715
2018-03-13,-38.00842066289945,-37.80573,0.0625207809974213,0.0625208,-0.20269175054593092
2018-03-14,-37.94549991692486,-37.777935,0.0625207872894959,0.0625208,-0.1675648888486876
2018-03-15,-37.89543215587665,-37.777935,0.062520792296272,0.0625208,-0.11749712780047616
2018-03-16,-37.83513319588483,-37.777935,0.062520798326168,0.0625208,-0.057198167808657274
2018-03-17,-37.78837940587864,-37.756794,0.062520803001547,0.0625208,-0.0315854300485654
2018-03-18,-37.76347293191207,-37.756794,0.0625208054921944,0.0625208,-0.006678956081991316
2018-03-19,-37.743117990846066,-37.756794,0.0625208075276885,0.0625208,0.01367598498401179
2018-03-20,-37.69898570482599,-37.756794,0.0625208119409171,0.0625208,0.05780827100408459
2018-03-21,-37.67819350880552,-37.471584,0.0625208140201367,0.06252083,-0.20660918873716128
2018-03-22,-37.66264475082992,-37.471584,0.0625208155750125,0.06252083,-0.19106043076155999
2018-03-23,-37.66570300781091,-37.471584,0.0625208152691868,0.06252083,-0.19411868774255225
2018-03-24,-37.63223951486205,-37.471584,0.0625208186155361,0.06252083,-0.16065519479369073
2018-03-25,-37.5959723199204,-37.471584,0.0625208222422556,0.06252083,-0.12438799985203985
2018-03-26,-37.57780207988559,-37.471584,0.0625208240592796,0.06252083,-0.10621775981723403
2018-03-27,-37.56687814090998,-37.471584,0.0625208251516735,0.06252083,-0.09529382084161853
2018-03-28,-37.500461932821196,-37.471584,0.0625208317932943,0.06252083,-0.028877612752836512
2018-03-29,-37.4532713498521,-37.251293,0.0625208365123526,0.062520854,-0.20197816747905506
2018-03-30,-37.40801055987508,-37.251293,0.0625208410384316,0.062520854,-0.15671737750203363
2018-03-31,-37.36387857680712,-37.251293,0.0625208454516299,0.062520854,-0.11258539443407045
2018-04-01,-37.357761107914556,-37.251293,0.0625208460633768,0.062520854,-0.10646792554150863
2018-04-02,-37.31319241792597,-37.251293,0.0625208505202458,0.062520854,-0.06189923555292154
2018-04-03,-37.26906057183177,-37.14692,0.0625208549334304,0.06252086,-0.12214132134349143
2018-04-04,-37.23516052892006,-37.14692,0.0625208583234347,0.06252086,-0.08824127843178076
2018-04-05,-37.221360015826654,-37.14692,0.062520859703486,0.06252086,-0.07444076533837318
2018-04-06,-37.210436200918465,-37.14692,0.0625208607958675,0.06252086,-0.06351695043018424
2018-04-07,-37.20493756381727,-37.14692,0.0625208613457312,0.06252086,-0.05801831332898644
2018-04-08,-37.180905511913224,-37.14692,0.0625208637489364,0.06252086,-0.033986261424942654
2018-04-09,-37.16080593588189,-37.032074,0.062520865758894,0.06252088,-0.12873196127251418
2018-04-10,-37.11623746391335,-37.032074,0.0625208702157412,0.06252088,-0.08416348930397533
2018-04-11,-37.10531367093206,-37.032074,0.0625208713081205,0.06252088,-0.07323969632268756
2018-04-12,-37.067299469839554,-37.032074,0.0625208751095406,0.06252088,-0.03522549523017915
2018-04-13,-37.00157584080044,-36.87645,0.0625208816819035,0.06252089,-0.1251262558395041
2018-04-14,-36.95569676484545,-36.87645,0.0625208862698111,0.06252089,-0.07924717988451135
2018-04-15,-36.902389606852104,-36.87645,0.0625208916005269,0.06252089,-0.02594002189116651
2018-04-16,-36.863938536885186,-36.739777,0.0625208954456339,0.06252091,-0.12416192555706118
2018-04-17,-36.84820858385063,-36.739777,0.0625208970186292,0.06252091,-0.10843197252250292
2018-04-18,-36.78354119684979,-36.739777,0.0625209034853679,0.06252091,-0.0437645855216644
2018-04-19,-36.75881753192889,-36.739777,0.0625209059577344,0.06252091,-0.019040920600765787
2018-04-20,-36.72561014786413,-36.616875,0.0625209092784728,0.06252092,-0.1087354530399125
2018-04-21,-36.69458740987452,-36.616875,0.0625209123807466,0.06252092,-0.07771271505030342
2018-04-22,-36.69739122982851,-36.616875,0.0625209121003646,0.06252092,-0.08051653500429268
2018-04-23,-36.65719292292313,-36.616875,0.0625209161201953,0.06252092,-0.04031822809891139
2018-04-24,-36.63316155880225,-36.47335,0.0625209185233317,0.06252093,-0.15981103389990636
2018-04-25,-36.6001361448709,-36.47335,0.0625209218258731,0.06252093,-0.1267856199685582
2018-04-26,-36.56368828888756,-36.47335,0.0625209254706587,0.06252093,-0.09033776398521809
2018-04-27,-36.557134405895695,-36.47335,0.062520926126047,0.06252093,-0.08378388099335154
2018-04-28,-36.49927647592088,-36.47335,0.06252093191184,0.06252093,-0.025925951018535898
2018-04-29,-36.45077614189418,-36.47335,0.0625209367618734,0.06252093,0.022574383008162613
2018-04-30,-36.41494739983764,-36.324806,0.0625209403447476,0.06252094,-0.09014118645873026
2018-05-01,-36.36950570984343,-36.324806,0.0625209448889166,0.06252094,-0.0446994964645242
2018-05-02,-36.33411387080066,-36.324806,0.0625209484281005,0.06252094,-0.009307657421750548
2018-05-03,-36.322316851883365,-36.146164,0.0625209496078024,0.062520966,-0.17615291145367706
2018-05-04,-36.2766204328735,-36.146164,0.0625209541774443,0.062520966,-0.13045649244381252
2018-05-05,-36.258269421884926,-36.146164,0.0625209560125454,0.062520966,-0.11210548145523802
2018-05-06,-36.216942405908895,-36.146164,0.062520960145247,0.062520966,-0.07077846547920785
2018-05-07,-36.21038871082227,-36.146164,0.0625209608006165,0.062520966,-0.06422477039258467
2018-05-08,-36.18373592390034,-36.050766,0.0625209634658952,0.06252097,-0.13296993268940582
2018-05-09,-36.14484878691759,-36.050766,0.0625209673546089,0.06252097,-0.09408279570665457
2018-05-10,-36.11845086390342,-36.050766,0.0625209699944012,0.06252097,-0.06768487269248169
2018-05-11,-36.10577981386087,-36.050766,0.0625209712615062,0.06252097,-0.05501382264993282
2018-05-12,-36.03088137779653,-35.830376,0.0625209787513498,0.062520996,-0.2005057064098139
2018-05-13,-35.99286818783965,-35.830376,0.0625209825526688,0.062520996,-0.16249251645292873
2018-05-14,-35.93257056885846,-35.830376,0.0625209885824307,0.062520996,-0.10219489747174038
2018-05-15,-35.90049226093184,-35.830376,0.0625209917902615,0.062520996,-0.07011658954512257
2018-05-16,-35.850244427815255,-35.830376,0.0625209968150448,0.062520996,-0.01986875642853647
2018-05-17,-35.811357047832445,-35.74842,0.0625210007037828,0.062521,-0.06293633250041353
2018-05-18,-35.77028492587897,-35.74842,0.062521004810995,0.062521,-0.021864210546937102
2018-05-19,-35.741192424831866,-35.74842,0.0625210077202451,0.062521,0.007228290500165713
2018-05-20,-35.71410253686014,-35.74842,0.0625210104292339,0.062521,0.034318178471892224
2018-05-21,-35.692692874900175,-35.507515,0.0625210125702001,0.062521026,-0.18517792128689337
2018-05-22,-35.68395447781092,-35.507515,0.0625210134440398,0.062521026,-0.1764395241976402
2018-05-23,-35.64375644679596,-35.507515,0.0625210174638429,0.062521026,-0.13624149318268053
2018-05-24,-35.61885123584685,-35.507515,0.062521019954364,0.062521026,-0.11133628223356595
2018-05-25,-35.58957659383077,-35.507515,0.0625210228818282,0.062521026,-0.08206164021748918
2018-05-26,-35.58458853983315,-35.49884,0.0625210233806336,0.06252103,-0.08574820780189896
2018-05-27,-35.55662469983956,-35.49884,0.0625210261770176,0.06252103,-0.05778436780830987
2018-05-28,-35.4935235317988,-35.49884,0.0625210324871344,0.06252103,0.0053168002324497365
2018-05-29,-35.466251492866085,-35.49884,0.0625210352143383,0.06252103,0.03258883916516453
2018-05-30,-35.42692690580718,-35.199463,0.062521039146797,0.06252106,-0.22746401518217851
2018-05-31,-35.40988633088382,-35.199463,0.0625210408508545,0.06252106,-0.21042344025882187
2018-06-01,-35.366629245886514,-35.199463,0.062521045176563,0.06252106,-0.16716635526151435
2018-06-02,-35.30607636789696,-35.199463,0.0625210512318508,0.06252106,-0.10661347727195647
2018-06-03,-35.28178977085794,-35.199463,0.0625210536605105,0.06252106,-0.08232688023294088
2018-06-04,-35.24727144182948,-35.19571,0.0625210571123434,0.06252106,-0.051562213313857796
2018-06-05,-35.22804606581609,-35.19571,0.062521059034881,0.06252106,-0.03233683730046266
2018-06-06,-35.20925768885075,-35.19571,0.0625210609137187,0.06252106,-0.013548460335123025
2018-06-07,-35.15289212080441,-35.19571,0.0625210665502755,0.06252106,0.042817107711215385
2018-06-08,-35.138910037813,-35.19571,0.0625210679484838,0.06252106,0.056799190702626845
2018-06-09,-35.10202487885805,-34.95533,0.0625210716369997,0.062521085,-0.14669498383852186
2018-06-10,-35.063573823879146,-34.95533,0.0625210754821052,0.062521085,-0.10824392885961487
2018-06-11,-35.048972737844466,-34.95533,0.0625210769422138,0.062521085,-0.09364284282493429
2018-06-12,-35.04504023588151,-34.95533,0.062521077335464,0.062521085,-0.08971034086197704
2018-06-13,-35.020134361851696,-34.95533,0.0625210798260514,0.062521085,-0.06480446683216456
2018-06-14,-34.976439821921005,-34.95533,0.0625210841955054,0.062521085,-0.02110992690147384
2018-06-15,-34.93143438379476,-34.95533,0.0625210886960492,0.062521085,0.023895511224772292
2018-06-16,-34.90478058087998,-34.95533,0.0625210913614295,0.062521085,0.05054931413955188
2018-06-17,-34.86370760086288,-34.65718,0.0625210954687275,0.062521115,-0.2065268147300685
2018-06-18,-34.85322078680686,-34.65718,0.0625210965174089,0.062521115,-0.1960400006740457
2018-06-19,-34.80883401088541,-34.65718,0.0625211009560865,0.062521115,-0.15165322475260012
2018-06-20,-34.76819782383123,-34.65718,0.0625211050197052,0.062521115,-0.1110170376984172
2018-06-21,-34.74460247190891,-34.582954,0.0625211073792404,0.06252112,-0.16164806517063113
2018-06-22,-34.71925932280185,-34.582954,0.0625211099135553,0.06252112,-0.13630491606356543
2018-06-23,-34.68692500480097,-34.582954,0.0625211131469871,0.06252112,-0.10397059806268771
2018-06-24,-34.66183680481127,-34.582954,0.0625211156558071,0.06252112,-0.07888239807299158
2018-06-25,-34.63693051292127,-34.582954,0.0625211181464363,0.06252112,-0.05397610618298643
2018-06-26,-34.600918616817246,-34.582954,0.0625211217476259,0.06252112,-0.01796421007896498
2018-06-27,-34.57470130488471,-34.578552,0.0625211243693571,0.06252112,0.003850941209037728
2018-06-28,-34.5524166338318,-34.578552,0.0625211265978242,0.06252112,0.026135612261953156
2018-06-29,-34.52182991192654,-34.578552,0.0625211296564964,0.06252112,0.05672233416721184
2018-06-30,-34.49561266188894,-34.578552,0.0625211322782214,0.06252112,0.08293958420480863
2018-07-01,-34.45865362688983,-34.200417,0.0625211359741249,0.06252116,-0.2582370619484209
2018-07-02,-34.43917241385819,-34.200417,0.0625211379222462,0.06252116,-0.2387558489167816
2018-07-03,-34.425626635886665,-34.200417,0.062521139276824,0.06252116,-0.22521007094525913
2018-07-04,-34.37468521591547,-34.200417,0.062521144370966,0.06252116,-0.17426865097406363
2018-07-05,-34.35414809280224,-34.200417,0.0625211464246783,0.06252116,-0.15373152786083466
2018-07-06,-34.32137647682576,-34.200417,0.0625211497018399,0.06252116,-0.12095991188435562
2018-07-07,-34.29778074784395,-34.200417,0.0625211520614128,0.06252116,-0.09736418290254534
2018-07-08,-34.25758085387476,-34.200417,0.0625211560814022,0.06252116,-0.05716428893335035
2018-07-09,-34.25302921092332,-34.200417,0.0625211565365665,0.06252116,-0.05261264598191673
2018-07-10,-34.214140132854396,-34.200417,0.0625211604254743,0.06252116,-0.01372356791299012
2018-07-11,-34.207148202902715,-34.200417,0.0625211611246673,0.06252116,-0.006731637961308934
2018-07-12,-34.18442633781882,-34.200417,0.0625211633968538,0.06252116,0.01599022712258602
2018-07-13,-34.16083079188503,-34.200417,0.0625211657564084,0.06252116,0.03958577305637334
2018-07-14,-34.14378905788884,-34.103905,0.0625211674605818,0.06252117,-0.039884333767744806
2018-07-15,-34.11600563080208,-34.103905,0.0625211702389245,0.06252117,-0.012100906680984735
2018-07-16,-34.089351371863195,-34.103905,0.0625211729043504,0.06252117,0.014553352257898666
2018-07-17,-34.06706677186455,-34.103905,0.0625211751328104,0.06252117,0.03683795225654052
2018-07-18,-34.02617492181959,-34.103905,0.0625211792219954,0.06252117,0.07772980230150495
2018-07-19,-33.99296637188187,-33.72863,0.0625211825428504,0.062521204,-0.26433630596390145
2018-07-20,-33.949453206866266,-33.72863,0.0625211868941669,0.062521204,-0.2208231409482977
2018-07-21,-33.921488008931135,-33.72863,0.0625211896906867,0.062521204,-0.19285794301316628
2018-07-22,-33.9188658288192,-33.72863,0.0625211899529047,0.062521204,-0.19023576290123145
2018-07-23,-33.860569199906095,-33.72863,0.0625211957825676,0.062521204,-0.1319391339881264
2018-07-24,-33.84159823885402,-33.72863,0.0625211976796637,0.062521204,-0.11296817293604988
2018-07-25,-33.81013743780636,-33.705353,0.0625212008257438,0.06252121,-0.10478465460323605
2018-07-26,-33.81538025287733,-33.705353,0.0625212003014623,0.06252121,-0.11002746967420762
2018-07-27,-33.78479353680075,-33.705353,0.0625212033601339,0.06252121,-0.07944075359762337
2018-07-28,-33.77230366391481,-33.705353,0.0625212046091212,0.06252121,-0.06695088071168698
2018-07-29,-33.75937680183405,-33.705353,0.0625212059018074,0.06252121,-0.05402401863092621
2018-07-30,-33.756318091882065,-33.705353,0.0625212062076784,0.06252121,-0.05096530867893989
2018-07-31,-33.713496958853725,-33.705353,0.0625212104897917,0.06252121,-0.00814417565059955
2018-08-01,-33.69095743790962,-33.705353,0.0625212127437438,0.06252121,0.014395345293507944
2018-08-02,-33.64962915392012,-33.51758,0.0625212168765722,0.06252123,-0.13205102892011666
2018-08-03,-33.617476809799655,-33.51758,0.0625212200918066,0.06252123,-0.0998986847996548
2018-08-04,-33.61423616482506,-33.51758,0.0625212204158711,0.06252123,-0.0966580398250585
2018-08-05,-33.54869427887874,-33.51758,0.0625212269700597,0.06252123,-0.03111615387874167
2018-08-06,-33.517670703919755,-33.50132,0.0625212300724172,0.06252123,-0.016350818665848976
2018-08-07,-33.49232784291556,-33.50132,0.0625212326067033,0.06252123,0.008992042338348938
2018-08-08,-33.470043618866185,-33.50132,0.0625212348351257,0.06252123,0.03127626638772085
2018-08-09,-33.46785887092807,-33.50132,0.0625212350536005,0.06252123,0.03346101432583737
2018-08-10,-33.43945739683885,-33.50132,0.0625212378937479,0.06252123,0.06186248841505915
2018-08-11,-33.421979717812576,-33.50132,0.0625212396415158,0.06252123,0.07934016744133032
2018-08-12,-33.40643161986456,-33.50132,0.0625212411963256,0.06252123,0.09488826538934347
2018-08-13,-33.38764300392371,-33.50132,0.0625212430751872,0.06252123,0.11367688133019271
2018-08-14,-33.37209517090267,-33.50132,0.0625212446299705,0.06252123,0.1292247143512384
2018-08-15,-33.355491405873124,-33.088303,0.062521246290347,0.06252127,-0.2671887935684367
2018-08-16,-33.33164150493006,-33.088303,0.0625212486753371,0.06252127,-0.24333889262537411
2018-08-17,-33.29187988287963,-33.088303,0.0625212526514993,0.06252127,-0.20357727057493946
2018-08-18,-33.24356119480121,-33.088303,0.0625212574833681,0.06252127,-0.15525858249652202
2018-08-19,-33.24469009982622,-33.088303,0.0625212573704776,0.06252127,-0.15638748752153475
2018-08-20,-33.21672592787594,-33.088303,0.0625212601668948,0.06252127,-0.1284233155712542
2018-08-21,-33.15599098788202,-33.029778,0.0625212662403888,0.06252128,-0.12621346102655195
2018-08-22,-33.117358443912615,-33.029778,0.0625212701036432,0.06252128,-0.08758091705714577
2018-08-23,-33.088520548923974,-33.029778,0.0625212729874327,0.06252128,-0.05874302206850501
2018-08-24,-33.080218848902106,-33.029778,0.0625212738176027,0.06252128,-0.05044132204663754
2018-08-25,-33.060993873818,-33.029778,0.0625212757401002,0.06252128,-0.031216346962530395
2018-08-26,-33.01730006982639,-33.029778,0.0625212801094806,0.06252128,0.01247745702907821
2018-08-27,-33.008998742839466,-32.998817,0.0625212809396133,0.06252128,-0.010181298991810195
2018-08-28,-32.98034294191288,-32.998817,0.0625212838051934,0.06252128,0.018474501934775844
2018-08-29,-32.96654337181515,-32.998817,0.0625212851851504,0.06252128,0.032274072032507206
2018-08-30,-32.965669712892165,-32.998817,0.0625212852725163,0.06252128,0.033147730955491284
2018-08-31,-32.9272194349306,-32.998817,0.0625212891175441,0.06252128,0.07159800891705714
2018-09-01,-32.895942177896266,-32.998817,0.0625212922452698,0.06252128,0.10287526595138985
2018-09-02,-32.847005201896984,-32.566418,0.0625212971389674,0.06252132,-0.28058750780518693
2018-09-03,-32.84420167393165,-32.566418,0.0625212974193202,0.06252132,-0.27778397983985315
2018-09-04,-32.804003399916624,-32.566418,0.0625213014391476,0.06252132,-0.2375857058248272
2018-09-05,-32.74545386386385,-32.566418,0.0625213072941012,0.06252132,-0.17903616977205417
2018-09-06,-32.70612961681074,-32.566418,0.0625213112265259,0.06252132,-0.13971192271894495
2018-09-07,-32.68672261691474,-32.566418,0.0625213131672259,0.06252132,-0.12030492282294603
2018-09-08,-32.67448872787404,-32.566418,0.0625213143906148,0.06252132,-0.10807103378224525
2018-09-09,-32.64390365992354,-32.566418,0.0625213174491216,0.06252132,-0.07748596583174105
2018-09-10,-32.63491068092317,-32.566418,0.0625213183484195,0.06252132,-0.06849298683137306
2018-09-11,-32.61787072481037,-32.566418,0.0625213200524151,0.06252132,-0.05145303071857654
2018-09-12,-32.61481279284717,-32.566418,0.0625213203582083,0.06252132,-0.04839509875537118
2018-09-13,-32.60869595581028,-32.566418,0.062521320969892,0.06252132,-0.042278261718486476
2018-09-14,-32.578984396902655,-32.566418,0.0625213239410479,0.06252132,-0.012566702810858033
2018-09-15,-32.55626434481296,-32.566418,0.0625213262130531,0.06252132,0.010153349278837709
2018-09-16,-32.51344456292604,-32.566418,0.0625213304950313,0.06252132,0.05297313116575708
2018-09-17,-32.48198526581425,-32.415092,0.062521333640961,0.06252134,-0.06689279755253352
2018-09-18,-32.47499446981661,-32.415092,0.0625213343400406,0.06252134,-0.059902001554888784
2018-09-19,-32.39965899293207,-32.415092,0.0625213418735883,0.06252134,0.015433475329651003
2018-09-20,-32.36452227384223,-32.415092,0.0625213453872602,0.06252134,0.050570194419485404
2018-09-21,-32.3190807659246,-32.415092,0.062521349931411,0.06252134,0.09601170233711542
2018-09-22,-32.28525457379949,-32.10267,0.0625213533140302,0.06252137,-0.18258581159246035
2018-09-23,-32.256416839931966,-32.10267,0.0625213561978036,0.06252137,-0.15374807772493426
2018-09-24,-32.23369643687302,-32.10267,0.0625213584698439,0.06252137,-0.13102767466598664
2018-09-25,-32.22714302086871,-32.10267,0.0625213591251855,0.06252137,-0.12447425866167805
2018-09-26,-32.21534573286111,-32.10267,0.0625213603049143,0.06252137,-0.11267697065407845
2018-09-27,-32.20241999488116,-32.10267,0.0625213615974881,0.06252137,-0.09975123267413011
2018-09-28,-32.1997989598255,-32.10267,0.0625213618595916,0.06252137,-0.09713019761846908
2018-09-29,-32.20766402189934,-32.10267,0.0625213610730854,0.06252137,-0.10499525969230916
2018-09-30,-32.15679706389252,-32.10267,0.0625213661597812,0.06252137,-0.054128301685487656
2018-10-01,-32.13145477187762,-32.10267,0.0625213686940104,0.06252137,-0.028786009670589863
2018-10-02,-32.08888951083955,-32.10267,0.0625213729505365,0.06252137,0.013779251367481038
2018-10-03,-32.05462616784338,-32.10267,0.0625213763768708,0.06252137,0.04804259436365044
2018-10-04,-32.000882380922576,-32.10267,0.0625213817512495,0.06252137,0.10178638128445527
2018-10-05,-31.989084970929227,-32.10267,0.0625213829309905,0.06252137,0.11358379127780438
2018-10-06,-31.927294122796603,-31.615517,0.0625213891100753,0.06252142,-0.3117774601989467
2018-10-07,-31.877482718906116,-31.615517,0.0625213940912157,0.06252142,-0.26196605630845937
2018-10-08,-31.832732586833945,-31.615517,0.0625213985662289,0.06252142,-0.21721592423628877
2018-10-09,-31.836228170795124,-31.615517,0.0625213982166705,0.06252142,-0.22071150819746777
2018-10-10,-31.816128826800405,-31.615517,0.0625214002266049,0.06252142,-0.20061216420274874
2018-10-11,-31.796903348924044,-31.615517,0.0625214021491527,0.06252142,-0.18138668632638755
2018-10-12,-31.78248419888341,-31.615517,0.0625214035910677,0.06252142,-0.16696753628575323
2018-10-13,-31.761328877916164,-31.615517,0.0625214057065998,0.06252142,-0.1458122153185073
2018-10-14,-31.751716043915135,-31.615517,0.0625214066678832,0.06252142,-0.13619938131747844
2018-10-15,-31.732053494826218,-31.615517,0.0625214086341381,0.06252142,-0.1165368322285616
2018-10-16,-31.704780879826533,-31.615517,0.0625214113613996,0.06252142,-0.08926421722887667
2018-10-17,-31.65959343784386,-31.615517,0.0625214158801438,0.06252142,-0.04407677524620368
2018-10-18,-31.59343259492853,-31.612215,0.0625214224962281,0.06252142,0.0187824471857283
2018-10-19,-31.56747075988564,-31.598623,0.0625214250924116,0.06252142,0.031152515871195163
2018-10-20,-31.519843528837743,-31.598623,0.0625214298551347,0.06252142,0.07877974691909273
2018-10-21,-31.48707251682259,-31.598623,0.0625214331322359,0.06252142,0.11155075893424637
2018-10-22,-31.43970013580466,-31.598623,0.062521437869474,0.06252142,0.15892313995217577
2018-10-23,-31.395386374810652,-31.598623,0.0625214423008501,0.06252142,0.20323690094618385
2018-10-24,-31.369169340850213,-31.059404,0.0625214449225535,0.06252147,-0.30976496768126793
2018-10-25,-31.34295206291826,-31.059404,0.0625214475442813,0.06252147,-0.2835476897493159
2018-10-26,-31.34076712485445,-31.059404,0.0625214477627751,0.06252147,-0.2813627516855064
2018-10-27,-31.332719703930366,-31.059404,0.0625214485675172,0.06252147,-0.2733153307614202
2018-10-28,-31.324854177922077,-31.059404,0.0625214493540698,0.06252147,-0.26544980475313196
2018-10-29,-31.304135291870814,-31.059404,0.0625214514259584,0.06252147,-0.24473091870186892
2018-10-30,-31.29040757887669,-31.059404,0.0625214527987297,0.06252147,-0.23100320570774358
2018-10-31,-31.279920590931987,-31.059404,0.0625214538474285,0.06252147,-0.2205162177630413
2018-11-01,-31.238228268837265,-31.059404,0.0625214580166607,0.06252147,-0.17882389566831947
2018-11-02,-31.20352710481167,-31.059404,0.0625214614867771,0.06252147,-0.1441227316427245
2018-11-03,-31.143920127818525,-31.059404,0.0625214674474748,0.06252147,-0.08451575464957983
2018-11-04,-31.104412343829768,-31.059404,0.0625214713982532,0.06252147,-0.04500797066082285
2018-11-05,-31.028820141887348,-30.864212,0.0625214789574734,0.062521495,-0.16460810575453522
2018-11-06,-31.028820082906748,-30.864212,0.0625214789574793,0.062521495,-0.16460804677393526
2018-11-07,-30.97358239292913,-30.864212,0.0625214844812483,0.062521495,-0.1093703567963189
2018-11-08,-30.934511688895938,-30.864212,0.0625214883883187,0.062521495,-0.07029965276312566
2018-11-09,-30.913974435886615,-30.864212,0.062521490442044,0.062521495,-0.04976239975380281
2018-11-10,-30.901302322805524,-30.864212,0.0625214917092553,0.062521495,-0.037090286672711414
2018-11-11,-30.871844516888736,-30.864212,0.0625214946550359,0.062521495,-0.0076324807559231544
2018-11-12,-30.869222691909393,-30.864212,0.0625214949172184,0.062521495,-0.0050106557765801085
2018-11-13,-30.85287308288165,-30.833382,0.0625214965521793,0.062521495,-0.019491430049619396
2018-11-14,-30.82403373183551,-30.833382,0.0625214994361144,0.062521495,0.009347920996521708
2018-11-15,-30.80593675583443,-30.833382,0.062521501245812,0.062521495,0.027444896997600665
2018-11-16,-30.766429266887442,-30.833382,0.0625215051965609,0.062521495,0.06695238594458885
2018-11-17,-30.74851407283696,-30.833382,0.0625215069880803,0.062521495,0.08486757999506978
2018-11-18,-30.69240255490491,-30.833382,0.0625215125992321,0.062521495,0.14097909792712215
2018-11-19,-30.626241175890634,-30.331738,0.06252151921537,0.06252155,-0.294503657580087
2018-11-20,-30.581235179877318,-30.331738,0.0625215237159696,0.06252155,-0.249497661566771
2018-11-21,-30.57337005091254,-30.331738,0.0625215245024825,0.06252155,-0.2416325326019937
2018-11-22,-30.51245226981525,-30.331738,0.0625215305942606,0.06252155,-0.18071475150470206
2018-11-23,-30.486671915852526,-30.331738,0.062521533172296,0.06252155,-0.1549343975419788
2018-11-24,-30.45459252781768,-30.331738,0.0625215363802348,0.06252155,-0.12285500950713413
2018-11-25,-30.430997011859915,-30.331738,0.0625215387397864,0.06252155,-0.09925949354936847
2018-11-26,-30.428375030894237,-30.317348,0.0625215390019845,0.06252155,-0.11102655066962797
2018-11-27,-30.41683213786395,-30.317348,0.0625215401562738,0.06252155,-0.09948365763933964
2018-11-28,-30.403541534801406,-30.317348,0.0625215414853341,0.06252155,-0.08619305457679616
2018-11-29,-30.381511833821317,-30.317348,0.0625215436883042,0.06252155,-0.0641633535967081
2018-11-30,-30.35860854580519,-30.317348,0.062521545978633,0.06252155,-0.041260065580580374
2018-12-01,-30.35773460988156,-30.317348,0.0625215460660266,0.06252155,-0.04038612965695165
2018-12-02,-30.304426969912647,-30.317348,0.0625215513967906,0.06252155,0.012921510311961981
2018-12-03,-30.262297951860752,-30.099483,0.0625215556096924,0.06252157,-0.16281446187051785
2018-12-04,-30.205931980803456,-30.099483,0.0625215612462895,0.06252157,-0.1064484908132215
2018-12-05,-30.199814707865258,-30.099483,0.0625215618580168,0.06252157,-0.10033121787502353
2018-12-06,-30.14239291984633,-30.099483,0.0625215676001956,0.06252157,-0.04290942985609547
2018-12-07,-30.095457951850868,-30.099483,0.0625215722936924,0.06252157,0.004025538139366347
2018-12-08,-30.053255810902346,-30.087269,0.0625215765139065,0.06252157,0.03401301844335691
2018-12-09,-30.02379857688919,-30.087269,0.0625215794596299,0.06252157,0.06347025245651139
2018-12-10,-29.989279977798986,-30.087269,0.0625215829114898,0.06252157,0.09798885154671666
2018-12-11,-29.99233863890116,-30.087269,0.0625215826056237,0.06252157,0.09493019044454343
2018-12-12,-29.973113076925408,-30.087269,0.0625215845281799,0.06252157,0.11415575242029519
2018-12-13,-29.952576656860906,-30.087269,0.0625215865818219,0.06252157,0.13469217248479737
2018-12-14,-29.93535426792926,-29.672642,0.0625215883040608,0.062521614,-0.26271251377886884
2018-12-15,-29.941471516858886,-29.672642,0.0625215876923359,0.062521614,-0.2688297627084957
2018-12-16,-29.91001160287943,-29.672642,0.0625215908383273,0.062521614,-0.23736984872903832
2018-12-17,-29.872253041879347,-29.672642,0.0625215946141834,0.062521614,-0.1996112877289562
2018-12-18,-29.822004557894523,-29.672642,0.0625215996390318,0.062521614,-0.14936280374413258
2018-12-19,-29.793166429897823,-29.672642,0.0625216025228446,0.062521614,-0.12052467574743275
2018-12-20,-29.751657098925357,-29.628199,0.0625216066737777,0.062521614,-0.12345847526813003
2018-12-21,-29.704904263849752,-29.628199,0.0625216113490612,0.062521614,-0.07670564019252524
2018-12-22,-29.672133677882684,-29.621256,0.0625216146261198,0.062521614,-0.05087780324889479
2018-12-23,-29.62800276493094,-29.621256,0.0625216190392111,0.062521614,-0.0067468902971512534
2018-12-24,-29.624944268835662,-29.621256,0.0625216193450607,0.062521614,-0.0036883942018732796
2018-12-25,-29.587804577929646,-29.621256,0.0625216230590298,0.062521614,0.033451296704143374
2018-12-26,-29.56402840689765,-29.616377,0.0625216254366469,0.062521614,0.05234846993340625
2018-12-27,-29.555290054911197,-29.616377,0.0625216263104821,0.062521614,0.061086821919857925
2018-12-28,-29.545240795847416,-29.616377,0.062521627315408,0.062521614,0.07113608098363855
2018-12-29,-29.526015782876947,-29.616377,0.0625216292379093,0.062521614,0.09036109395410818
2018-12-30,-29.52601610886618,-29.616377,0.0625216292378767,0.062521614,0.09036076796487436
2018-12-31,-29.498489307888676,-29.616377,0.0625216319905568,0.062521614,0.11788756894237906
2019-01-01,-29.45960193484476,-29.267714,0.0625216358792941,0.06252165,-0.1918883880918294
2019-01-02,-29.41984084584015,-29.267714,0.062521639855403,0.06252165,-0.15212729908721911
2019-01-03,-29.42009612691421,-29.267714,0.0625216398298749,0.06252165,-0.15238258016128015
2019-01-04,-29.376839258826728,-29.267714,0.0625216441555617,0.06252165,-0.10912571207379784
2019-01-05,-29.333582555884917,-29.267714,0.062521648481232,0.06252165,-0.0658690091319869
2019-01-06,-29.265164791930644,-29.0974,0.0625216553230084,0.06252167,-0.167764126647441
2019-01-07,-29.241133557844634,-29.0974,0.0625216577261318,0.06252167,-0.14373289256143096
2019-01-08,-29.235890426915212,-29.0974,0.0625216582504449,0.06252167,-0.13848976163200888
2019-01-09,-29.185205839832307,-29.0974,0.0625216633189036,0.06252167,-0.08780517454910353
2019-01-10,-29.174027669914835,-29.0974,0.0625216644367206,0.06252167,-0.07662700463163219
2019-01-11,-29.160046185888746,-29.0974,0.062521665834869,0.06252167,-0.06264552060554252
2019-01-12,-29.14362473682708,-29.0974,0.0625216674770139,0.06252167,-0.04622407154387531
2019-01-13,-29.159610046847195,-29.0974,0.0625216658784829,0.06252167,-0.06220938156399214
2019-01-14,-29.14318871879984,-29.0974,0.0625216675206157,0.06252167,-0.04578805351663817
2019-01-15,-29.122216404914305,-29.0974,0.0625216696178471,0.06252167,-0.024815739631101508
2019-01-16,-29.092249734796738,-29.0974,0.0625216726145141,0.06252167,0.0051509304864651995
2019-01-17,-29.069092175870725,-29.0974,0.06252167493027,0.06252167,0.028308489412477655
2019-01-18,-29.05511038389652,-29.0974,0.0625216763284492,0.06252167,0.042290281386684114
2019-01-19,-29.004607403904092,-28.791725,0.0625216813787472,0.0625217,-0.21288224521268617
2019-01-20,-28.96415412484421,-28.791725,0.0625216854240751,0.0625217,-0.172428966152804
2019-01-21,-28.93575323986708,-28.791725,0.0625216882641636,0.0625217,-0.1440280811756729
2019-01-22,-28.91521715189804,-28.791725,0.0625216903177724,0.0625217,-0.12349199320663473
2019-01-23,-28.868464805875682,-28.791725,0.062521694993007,0.0625217,-0.07673964718427584
2019-01-24,-28.839627059795703,-28.791725,0.0625216978767816,0.0625217,-0.047901901104296485
2019-01-25,-28.81228198581276,-28.70475,0.062521700611289,0.06252171,-0.10753192477760365
2019-01-26,-28.800921773874943,-28.70475,0.0625217017473102,0.06252171,-0.0961717128397872
2019-01-27,-28.79262013089079,-28.70475,0.0625217025774745,0.06252171,-0.08787006985563295
2019-01-28,-28.770955272927612,-28.70475,0.0625217047439603,0.06252171,-0.06620521189245565
2019-01-29,-28.7580291909173,-28.70475,0.0625217060365685,0.06252171,-0.05327912988214223
2019-01-30,-28.73312374584991,-28.70475,0.062521708527113,0.06252171,-0.028373684814752664
2019-01-31,-28.737493309866082,-28.70475,0.0625217080901566,0.06252171,-0.03274324883092561
2019-02-01,-28.703593821927107,-28.70475,0.0625217114801054,0.06252171,0.001156239108048851
2019-02-02,-28.664706134828855,-28.70475,0.0625217153688741,0.06252171,0.040043926206301705
2019-02-03,-28.622322802845936,-28.70475,0.0625217196072073,0.06252171,0.08242725818922025
2019-02-04,-28.576188660922597,-28.70475,0.0625217242206215,0.06252171,0.12856140011255945
2019-02-05,-28.550846087882498,-28.70475,0.0625217267548788,0.06252171,0.15390397315265858
2019-02-06,-28.550409176819613,-28.70475,0.0625217267985699,0.06252171,0.15434088421554293
2019-02-07,-28.49553612085942,-28.289135,0.0625217322858755,0.06252175,-0.2064011416113729
2019-02-08,-28.472996902867422,-28.289135,0.0625217345397973,0.06252175,-0.18386192361937503
2019-02-09,-28.435601550913514,-28.289135,0.0625217382793325,0.06252175,-0.14646657166546717
2019-02-10,-28.423111996800365,-28.289135,0.0625217395282879,0.06252175,-0.1339770175523185
2019-02-11,-28.40450518279414,-28.289135,0.0625217413889693,0.06252175,-0.1153702035460924
2019-02-12,-28.4053790589045,-28.289135,0.0625217413015817,0.06252175,-0.11624407965645389
2019-02-13,-28.383531731901446,-28.289135,0.0625217434863144,0.06252175,-0.09439675265339886
2019-02-14,-28.364050919799098,-28.289135,0.0625217454343956,0.06252175,-0.07491594055105111
2019-02-15,-28.339763665924387,-28.289135,0.062521747863121,0.06252175,-0.05062868667634035
2019-02-16,-28.31766110988898,-28.289135,0.0625217500733766,0.06252175,-0.0285261306409339
2019-02-17,-28.28638271987205,-28.289135,0.0625217532012156,0.06252175,0.002752259375995436
2019-02-18,-28.285071814876382,-28.24433,0.0625217533323061,0.062521756,-0.04074236236173334
2019-02-19,-28.242869656858183,-28.24433,0.0625217575525219,0.062521756,0.001459795656465701
2019-02-20,-28.201541376893235,-28.24433,0.0625217616853499,0.062521756,0.04278807562141296
2019-02-21,-28.184063338848595,-28.24433,0.0625217634331537,0.062521756,0.060266113666052945
2019-02-22,-28.12700487686559,-27.953577,0.0625217691389999,0.062521785,-0.17342783523961458
2019-02-23,-28.09554438487627,-27.953577,0.0625217722850491,0.062521785,-0.14196734325029325
2019-02-24,-28.097292076867397,-27.953577,0.0625217721102799,0.062521785,-0.1437150352414207
2019-02-25,-28.083928146904746,-27.953577,0.0625217734466729,0.062521785,-0.1303511052787698
2019-02-26,-28.05701891192558,-27.953577,0.0625217761375964,0.062521785,-0.10344187029960494
2019-02-27,-28.04278090892676,-27.953577,0.0625217775613967,0.062521785,-0.08920386730078178
2019-02-28,-28.017619402853633,-27.953577,0.0625217800775473,0.062521785,-0.06404236122765639
2019-03-01,-28.01412354591637,-27.953577,0.062521780427133,0.062521785,-0.06054650429039299
2019-03-02,-27.994642358836195,-27.953577,0.0625217823752517,0.062521785,-0.041065317210218666
2019-03-03,-27.950073060861726,-27.953577,0.0625217868321815,0.062521785,0.003503980764250514
2019-03-04,-27.954005364927426,-27.953577,0.0625217864389511,0.062521785,-0.00042832330144904063
2019-03-05,-27.918175162927604,-27.953577,0.0625217900219713,0.062521785,0.03540187869837297
2019-03-06,-27.88540358192315,-27.953577,0.0625217932991294,0.062521785,0.06817345970282673
2019-03-07,-27.860679017860377,-27.652994,0.0625217957715858,0.062521815,-0.2076848619765883
2019-03-08,-27.810611421819065,-27.652994,0.0625218007783454,0.062521815,-0.1576172659352757
2019-03-09,-27.788326597832924,-27.652994,0.0625218030068278,0.062521815,-0.13533244194913507
2019-03-10,-27.7793323118225,-27.652994,0.0625218039062564,0.062521815,-0.12633815593871134
2019-03-11,-27.73144950590778,-27.652994,0.062521808694537,0.062521815,-0.07845535002399018
2019-03-12,-27.704976838793804,-27.622805,0.0625218113418037,0.062521815,-0.08217219707017165
2019-03-13,-27.668454670864982,-27.622805,0.0625218149940205,0.062521815,-0.04565002914134908
2019-03-14,-27.672823952884507,-27.622805,0.0625218145570923,0.062521815,-0.05001931116087377
2019-03-15,-27.649847028909935,-27.622805,0.0625218168547847,0.062521815,-0.027042387186302363
2019-03-16,-27.606333520835413,-27.622805,0.0625218212061355,0.062521815,0.01647112088821956
2019-03-17,-27.592969399914402,-27.622805,0.0625218225425476,0.062521815,0.029835241809230695
2019-03-18,-27.597338706913945,-27.622805,0.0625218221056169,0.062521815,0.02546593480968795
2019-03-19,-27.55713896185341,-27.622805,0.0625218261255914,0.062521815,0.06566567987022154
2019-03-20,-27.531977364880778,-27.46168,0.0625218286417511,0.06252183,-0.07029790626261345
2019-03-21,-27.505322927889875,-27.46168,0.0625218313071948,0.06252183,-0.0436434692717107
2019-03-22,-27.465742154925145,-27.46168,0.0625218352652721,0.06252183,-0.004062696306981195
2019-03-23,-27.43821405887248,-27.46168,0.0625218380180817,0.06252183,0.02346539974568529
2019-03-24,-27.432533602905764,-27.46168,0.0625218385861273,0.06252183,0.029145855712400248
2019-03-25,-27.387272503870406,-27.238863,0.0625218431122372,0.06252185,-0.1484095125373983
2019-03-26,-27.351879383907818,-27.238863,0.0625218466515492,0.06252185,-0.11301639257481
2019-03-27,-27.3175421779126,-27.238863,0.0625218500852698,0.06252185,-0.07867918657959194
2019-03-28,-27.299808864900132,-27.238863,0.0625218518586011,0.06252185,-0.060945873567124664
2019-03-29,-27.292817353918863,-27.238863,0.0625218525577522,0.06252185,-0.05395436258585562
2019-03-30,-27.25192606883864,-27.238863,0.0625218566468807,0.06252185,-0.013063077505631071
2019-03-31,-27.222213070804415,-27.238863,0.0625218596181805,0.06252185,0.016649920528593043
2019-04-01,-27.197743763807125,-27.04746,0.0625218620651112,0.062521875,-0.15028320777685167
2019-04-02,-27.201676215810046,-27.04746,0.062521861671866,0.062521875,-0.1542156597797728
2019-04-03,-27.1632243079023,-27.04746,0.0625218655170568,0.062521875,-0.11576375187202714
2019-04-04,-27.13245581584256,-27.04746,0.062521868593906,0.062521875,-0.08499525981228828
2019-04-05,-27.119347379839233,-27.04746,0.0625218699047496,0.062521875,-0.07188682380895983
2019-04-06,-27.106238892904422,-27.04746,0.0625218712155983,0.062521875,-0.05877833687414835
2019-04-07,-27.04786984580876,-26.905973,0.062521877052503,0.06252189,-0.14189641136051634
2019-04-08,-27.004794265900188,-26.905973,0.062521881360061,0.06252189,-0.09882083145194542
2019-04-09,-26.99955090584849,-26.905973,0.062521881884397,0.06252189,-0.09357747140024841
2019-04-10,-26.94511462383864,-26.905973,0.0625218873280252,0.06252189,-0.039141189390399234
2019-04-11,-26.893992059878748,-26.905973,0.0625218924402816,0.06252189,0.011981374569494108
2019-04-12,-26.850479651896464,-26.74679,0.0625218967915224,0.062521905,-0.10368971964548734
2019-04-13,-26.82488190089427,-26.74679,0.0625218993512975,0.062521905,-0.07809196864329238
2019-04-14,-26.819019618845587,-26.74679,0.0625218999375257,0.062521905,-0.0722296865946106
2019-04-15,-26.75934047291495,-26.74679,0.0625219059054403,0.062521905,-0.012550540663973209
2019-04-16,-26.734434632885716,-26.74679,0.0625219083960243,0.062521905,0.012355299365260919
2019-04-17,-26.69991619089207,-26.74679,0.0625219118478685,0.062521905,0.046873741358908205
2019-04-18,-26.68593426791155,-26.572102,0.0625219132460608,0.06252192,-0.11383267489397042
2019-04-19,-26.69074073285982,-26.572102,0.0625219127654143,0.06252192,-0.11863913984224084
2019-04-20,-26.647738462920458,-26.572102,0.0625219170656413,0.06252192,-0.07563686990287977
2019-04-21,-26.63725211682344,-26.572102,0.0625219181142759,0.06252192,-0.06515052380586184
2019-04-22,-26.595487717800957,-26.572102,0.0625219222907158,0.06252192,-0.023386124783378648
2019-04-23,-26.585875232826297,-26.572102,0.0625219232519643,0.06252192,-0.013773639808718485
2019-04-24,-26.581069039882664,-26.572102,0.0625219237325836,0.06252192,-0.008967446865085549
2019-04-25,-26.534061577931922,-26.44792,0.0625219284333298,0.062521935,-0.08614173235086753
2019-04-26,-26.494300105900372,-26.44792,0.062521932409477,0.062521935,-0.0463802603193173
2019-04-27,-26.443360236910742,-26.44792,0.0625219375034639,0.062521935,0.004559608670312798
2019-04-28,-26.401414079807452,-26.44792,0.0625219416980796,0.062521935,0.04650576577360255
2019-04-29,-26.40884220792006,-26.44792,0.0625219409552668,0.062521935,0.039077637660994924
2019-04-30,-26.3496734619062,-26.44792,0.0625219468721414,0.062521935,0.09824638367485505
2019-05-01,-26.319525065904294,-26.15592,0.062521949886981,0.062521964,-0.16360503721777064
2019-05-02,-26.299243982841336,-26.15592,0.0625219519150893,0.062521964,-0.14332395415481258
2019-05-03,-26.289194616918586,-26.15592,0.0625219529200259,0.062521964,-0.13327458823206229
2019-05-04,-26.25580578882736,-26.15592,0.0625219562589087,0.062521964,-0.09988576014083606
2019-05-05,-26.23133773485553,-26.15592,0.0625219587057141,0.062521964,-0.07541770616900578
2019-05-06,-26.20355599489144,-26.15592,0.0625219614838881,0.062521964,-0.04763596620491484
2019-05-07,-26.205558933817265,-26.15592,0.0625219612835942,0.062521964,-0.04963890513074176
2019-05-08,-26.1714782058553,-26.15592,0.062521964691667,0.062521964,-0.015558177168777831
2019-05-09,-26.126655875841067,-26.092892,0.0625219691739,0.06252197,-0.03376418272583237
2019-05-10,-26.086457741852918,-26.092892,0.0625219731937134,0.06252197,0.006433951262316384
2019-05-11,-26.056309105904063,-26.092892,0.062521976208577,0.06252197,0.03658258721117136
2019-05-12,-26.027908050924033,-26.092892,0.0625219790486825,0.06252197,0.06498364219120134
2019-05-13,-25.9907686198102,-25.7416,0.0625219827626256,0.06252201,-0.24916858318910684
2019-05-14,-25.93833603389828,-25.7416,0.0625219880058842,0.06252201,-0.19673599727718738
2019-05-15,-25.876727747925486,-25.7416,0.0625219941667128,0.06252201,-0.13512771130439205
2019-05-16,-25.833908049860412,-25.7416,0.0625219984486826,0.06252201,-0.09230801323931814
2019-05-17,-25.810131808884364,-25.7416,0.0625220008263067,0.06252201,-0.06853177226327034
2019-05-18,-25.768185986929648,-25.7416,0.0625220050208889,0.06252201,-0.026585950308554374
2019-05-19,-25.754459329896395,-25.660145,0.0625220063935546,0.06252202,-0.09431452398819218
2019-05-20,-25.7544595688719,-25.660145,0.0625220063935307,0.06252202,-0.09431476296369823
2019-05-21,-25.736982700863553,-25.660145,0.0625220081412175,0.06252202,-0.0768378949553501
2019-05-22,-25.71819481989035,-25.660145,0.0625220100200056,0.06252202,-0.05805001398214671
2019-05-23,-25.70395849291196,-25.660145,0.0625220114436383,0.06252202,-0.04381368700375532
2019-05-24,-25.67573975889581,-25.660145,0.0625220142655117,0.06252202,-0.015594952987605382
2019-05-25,-25.649960762874624,-25.660145,0.0625220168434113,0.06252202,0.010184043033579115
2019-05-26,-25.641659023856178,-25.660145,0.0625220176735852,0.06252202,0.018485782052025
2019-05-27,-25.57742886391545,-25.660145,0.0625220240966012,0.06252202,0.08271594199275256
2019-05-28,-25.53067649180285,-25.545572,0.0625220287718384,0.062522024,0.01489578908093847
2019-05-29,-25.488985262861476,-25.545572,0.0625220329409613,0.062522024,0.05658701802231292
2019-05-30,-25.479372630921038,-25.545572,0.0625220339022245,0.062522024,0.0661996499627513
2019-05-31,-25.419329797854438,-25.545572,0.0625220399065078,0.062522024,0.12624248302935115
2019-06-01,-25.38375571181639,-25.545572,0.0625220434639164,0.062522024,0.1618165690673976
2019-06-02,-40.0704091688131,-39.86355,0.0625205747985707,0.06252059,-0.20686089000450636
2019-06-03,-39.9513787797956,-39.86355,0.0625205867016096,0.06252059,-0.08783050098700329
2019-06-04,-39.916860464922486,-39.788822,0.0625205901534411,0.0625206,-0.12803829085022045
2019-06-05,-39.92534473487574,-39.86355,0.0625205893050141,0.06252059,-0.06179645606714956
2019-06-06,-39.90000214990075,-39.788822,0.0625205918392726,0.0625206,-0.1111799758284846
2019-06-07,-39.88583803182788,-39.788822,0.0625205932556844,0.0625206,-0.09701585775561483
2019-06-08,-39.864609894801895,-39.788822,0.0625205953784981,0.0625206,-0.07578772072962892
2019-06-09,-39.82266331692408,-39.788822,0.0625205995731559,0.0625206,-0.03384114285181283
2019-06-10,-39.79032949186223,-39.788822,0.0625206028065384,0.0625206,-0.0015073177899651569
2019-06-11,-39.75275229689545,-39.788822,0.0625206065642579,0.0625206,0.0360698771768142
2019-06-12,-39.69769726580586,-39.788822,0.062520612069761,0.0625206,0.09112490826640851
2019-06-13,-39.69726031491372,-39.788822,0.0625206121134561,0.0625206,0.09156185915854564
2019-06-14,-39.63503211981689,-39.339573,0.0625206183362756,0.062520646,-0.2954592133227507
2019-06-15,-39.60357197185793,-39.339573,0.0625206214822904,0.062520646,-0.2639990653637909
2019-06-16,-39.57735511581073,-39.339573,0.062520624103976,0.062520646,-0.23778220931659177
2019-06-17,-39.547460728844854,-39.339573,0.0625206270934147,0.062520646,-0.20788782235071324
2019-06-18,-39.543965127814,-39.339573,0.0625206274429748,0.062520646,-0.20439222131985701
2019-06-19,-39.55794712989791,-39.339573,0.0625206260447746,0.062520646,-0.21837422340377088
2019-06-20,-39.545457453799,-39.339573,0.0625206272937422,0.062520646,-0.20588454730486205
2019-06-21,-39.53278572291219,-39.339573,0.0625206285609153,0.062520646,-0.19321281641804688
2019-06-22,-39.52160684092543,-39.339573,0.0625206296788035,0.062520646,-0.18203393443128846
2019-06-23,-39.49557167287621,-39.339573,0.0625206322823203,0.062520646,-0.15599876638206922
2019-06-24,-39.47503492390814,-39.339573,0.0625206343359952,0.062520646,-0.13546201741399955
2019-06-25,-39.44138976391676,-39.333557,0.0625206377005112,0.062520646,-0.1078326350105101
2019-06-26,-39.442700471847836,-39.333557,0.0625206375694404,0.062520646,-0.10914334294158579
2019-06-27,-39.3920144188542,-39.333557,0.0625206426380457,0.062520646,-0.05845728994795252
2019-06-28,-39.33328127592173,-39.165993,0.06252064851136,0.06252066,-0.16728853910532138
2019-06-29,-39.29177081779534,-39.165993,0.0625206526624058,0.06252066,-0.1257780809789324
2019-06-30,-39.24701990593027,-39.165993,0.062520657137497,0.06252066,-0.08102716911386665
2019-07-01,-39.22779378690011,-39.165993,0.0625206590601089,0.06252066,-0.061801050083701625
2019-07-02,-39.231726152860745,-39.165993,0.0625206586668723,0.06252066,-0.06573341604433836
2019-07-03,-39.20987828490152,-39.165993,0.0625206608516591,0.06252066,-0.04388554808511458
2019-07-04,-39.182786957803195,-39.165993,0.0625206635607918,0.06252066,-0.016794220986788844
2019-07-05,-39.173792296814945,-39.165993,0.0625206644602579,0.06252066,-0.007799559998538541
2019-07-06,-39.1717890098342,-39.165993,0.0625206646605866,0.06252066,-0.005796273017793396
2019-07-07,-39.17834247885166,-39.165993,0.0625206640052397,0.06252066,-0.012349742035254963
2019-07-08,-39.176157603931784,-39.165993,0.0625206642237272,0.06252066,-0.010164867115378229
2019-07-09,-39.12284944992961,-38.87973,0.0625206695545426,0.06252069,-0.24311922532023544
2019-07-10,-39.093573304810334,-38.87973,0.0625206724821571,0.06252069,-0.21384308020095943
2019-07-12,-39.017980541927734,-38.87973,0.0625206800414334,0.06252069,-0.13825031731835935
2019-07-13,-38.95593371092132,-38.857452,0.0625206862461165,0.06252069,-0.09848131834319673
2019-07-14,-38.95680747489916,-38.857452,0.0625206861587401,0.06252069,-0.09935508232103274
2019-07-15,-38.90856073884841,-38.857452,0.0625206909834137,0.06252069,-0.05110834627028282
2019-07-16,-38.86985377288266,-38.804947,0.0625206948541103,0.0625207,-0.06490687346859403
2019-07-17,-38.85892958382931,-38.804947,0.0625206959465292,0.0625207,-0.053982684415245785
2019-07-18,-38.85849244586459,-38.804947,0.062520695990243,0.0625207,-0.053545546450529
2019-07-19,-38.834896612799376,-38.804947,0.0625206983498263,0.0625207,-0.029949713385313714
2019-07-20,-38.83769972290452,-38.804947,0.0625206980695153,0.0625207,-0.03275282349045483
2019-07-21,-38.837189025864305,-38.804947,0.062520698120585,0.0625207,-0.03224212645024238
2019-07-22,-38.83150820491177,-38.804947,0.0625206986886671,0.0625207,-0.026561305497708076
2019-07-23,-38.819455233929375,-38.804947,0.0625206998939642,0.0625207,-0.014508334515312526
2019-07-24,-38.8172704048062,-38.804947,0.0625207001124471,0.0625207,-0.012323505392139111
2019-07-25,-38.78231415191391,-38.804947,0.0625207036080724,0.0625207,0.022632747500153982
2019-07-26,-38.723762794817816,-38.804947,0.0625207094632081,0.0625207,0.0811841045962467
2019-07-27,-38.70566584282531,-38.804947,0.0625207112729033,0.0625207,0.09928105658875097
2019-07-28,-38.654979536839605,-38.380585,0.0625207163415339,0.06252074,-0.27439482004272975
2019-07-29,-38.60036106084763,-38.380585,0.0625207218033815,0.06252074,-0.2197763440507572
2019-07-30,-38.56846369693079,-38.380585,0.0625207249931179,0.06252074,-0.18787898013391668
2019-07-31,-38.54767197081222,-38.380585,0.0625207270722905,0.06252074,-0.16708725401534252
2019-08-01,-38.52669844692236,-38.380585,0.0625207291696429,0.06252074,-0.14611373012548512
2019-08-02,-38.522947723856895,-38.380585,0.0625207295447152,0.06252074,-0.1423630070600197
2019-08-03,-38.51202373381102,-38.380585,0.0625207306371142,0.06252074,-0.13143901701414507
2019-08-04,-38.50171886990439,-38.380585,0.0625207316676006,0.06252074,-0.12113415310751208
2019-08-05,-38.500408083841364,-38.380585,0.0625207317986792,0.06252074,-0.11982336704448926
2019-08-06,-38.50958370479884,-38.380585,0.0625207308811171,0.06252074,-0.12899898800196752
2019-08-07,-38.486425382872056,-38.380585,0.0625207331969493,0.06252074,-0.10584066607518139
2019-08-08,-38.46650786287764,-38.280396,0.0625207351887013,0.06252075,-0.18611235506514134
2019-08-09,-38.433736878895616,-38.280396,0.0625207384657997,0.06252075,-0.15334137108311552
2019-08-10,-38.402713744833946,-38.280396,0.0625207415681131,0.06252075,-0.12231823702144595
2019-08-12,-38.31470581985852,-38.18671,0.0625207503689056,0.06252076,-0.12799546219250146
2019-08-13,-38.27406992992777,-38.18671,0.0625207544324946,0.06252076,-0.08735957226175373
2019-08-14,-38.270574445886666,-38.18671,0.062520754782043,0.06252076,-0.0838640882206505
2019-08-15,-38.23911463182728,-38.18671,0.0625207579280244,0.06252076,-0.05240427416126181
2019-08-16,-38.20215649180669,-38.18671,0.0625207616238384,0.06252076,-0.015446134140674417
2019-08-17,-38.178561725804585,-38.18671,0.062520763983315,0.06252076,0.008148631861431
2019-08-18,-38.17761532090569,-38.18671,0.0625207640779555,0.06252076,0.009095036760328412
2019-08-19,-38.16774780882049,-38.18671,0.0625207650647067,0.06252076,0.01896254884552917
2019-08-20,-38.17124343580281,-38.18671,0.062520764715144,0.06252076,0.015466921863207972
2019-08-21,-38.170369922874144,-38.18671,0.0625207648024953,0.06252076,0.016340434791871417
2019-08-22,-38.15001607287982,-38.18671,0.0625207668378803,0.06252076,0.03669428478619352
2019-08-23,-38.14065839186087,-38.18671,0.0625207677736484,0.06252076,0.04605196580514814
2019-08-24,-38.121870303831074,-38.18671,0.0625207696524572,0.06252076,0.06484005383494207
2019-08-25,-38.08341957192707,-37.80573,0.0625207734975304,0.0625208,-0.2776906595735511
2019-08-26,-38.0454058028501,-37.80573,0.0625207772989073,0.0625208,-0.23967689049658247
2019-08-27,-38.006081328895156,-37.80573,0.0625207812313547,0.0625208,-0.20035241654164082
2019-08-28,-37.98161258991573,-37.80573,0.0625207836782286,0.0625208,-0.17588367756221146
2019-08-29,-37.936607851923874,-37.777935,0.0625207881787024,0.0625208,-0.1586728238477022
2019-08-30,-37.90645924081626,-37.777935,0.0625207911935635,0.0625208,-0.12852421274008918
2019-08-31,-37.86163667182652,-37.777935,0.0625207956758204,0.0625208,-0.08370164375034506
2019-09-01,-37.85202456391134,-37.777935,0.0625207966370312,0.0625208,-0.07408953583517075
2019-09-02,-37.82948625380422,-37.777935,0.0625207988908622,0.0625208,-0.05155122572804771
2019-09-03,-37.831489094891644,-37.777935,0.0625207986905781,0.0625208,-0.05355406681547237
2019-09-04,-37.82205910282666,-37.777935,0.0625207996335773,0.0625208,-0.044124074750484965
2019-09-05,-37.804145241876476,-37.777935,0.0625208014249634,0.0625208,-0.026210213800304416
2019-09-06,-37.7967179698846,-37.756794,0.0625208021676906,0.0625208,-0.03992399405451863
2019-09-07,-37.798902767921525,-37.756794,0.0625208019492108,0.0625208,-0.042108792091447356
2019-09-08,-37.76900899782332,-37.756794,0.0625208049385878,0.0625208,-0.012215021993242203
2019-09-09,-37.73492827388591,-37.756794,0.0625208083466602,0.0625208,0.02186570194416504
2019-09-10,-37.686246026902296,-37.471584,0.0625208132148849,0.06252083,-0.2146617068339367
2019-09-11,-37.640367628877236,-37.471584,0.0625208178027247,0.06252083,-0.1687833088088766
2019-09-12,-37.59274144685132,-37.471584,0.0625208225653429,0.06252083,-0.1211571267829612
2019-09-13,-37.588372149843785,-37.471584,0.0625208230022726,0.06252083,-0.11678782977542568
2019-09-14,-37.54249376486385,-37.471584,0.0625208275901111,0.06252083,-0.07090944479548966
2019-09-15,-37.508158095833636,-37.471584,0.062520831023678,0.06252083,-0.03657377576527665
2019-09-16,-37.48631149991244,-37.471584,0.0625208332083376,0.06252083,-0.014727179844079785
2019-09-17,-37.48718557891606,-37.471584,0.0625208331209297,0.06252083,-0.015601258847702582
2019-09-18,-37.46726900386022,-37.471584,0.0625208351125872,0.06252083,0.004315316208142406
2019-09-19,-37.462463472887066,-37.471584,0.0625208355931403,0.06252083,0.009120847181293357
2019-09-20,-37.45416212591613,-37.251293,0.062520836423275,0.062520854,-0.2028689435430806
2019-09-22,-37.43388136093206,-37.251293,0.0625208384513515,0.062520854,-0.18258817855901555
2019-09-23,-37.416404133905345,-37.251293,0.0625208401990742,0.062520854,-0.1651109515322986
2019-09-24,-37.37296517383748,-37.251293,0.0625208445429702,0.062520854,-0.12167199146443153
2019-09-25,-37.339321088819545,-37.251293,0.0625208479073787,0.062520854,-0.0880279064464986
2019-09-26,-37.28321057383521,-37.14692,0.0625208535184302,0.06252086,-0.1362913233469314
2019-09-27,-37.27053932686686,-37.14692,0.0625208547855549,0.06252086,-0.12362007637857886
2019-09-28,-37.22422383681256,-37.14692,0.0625208594171039,0.06252086,-0.07730458632428139
2019-09-29,-37.178345100863375,-37.14692,0.0625208640049775,0.06252086,-0.03142585037509349
2019-09-30,-37.15387664582348,-37.032074,0.062520866451823,0.06252088,-0.12180267121410537
2019-10-01,-37.11892150079499,-37.032074,0.0625208699473375,0.06252088,-0.08684752618561475
2019-10-02,-37.099259262846076,-37.032074,0.0625208719135613,0.06252088,-0.06718528823670056
2019-10-03,-37.099259438816425,-37.032074,0.0625208719135437,0.06252088,-0.06718546420704996
2019-10-04,-37.07460880880697,-37.032074,0.0625208743786067,0.06252088,-0.04253483419759618
2019-10-05,-37.06543328582668,-37.032074,0.062520875296159,0.06252088,-0.0333593112173034
2019-10-06,-37.04209338789566,-36.87645,0.0625208776301488,0.06252089,-0.16564380293472425
2019-10-07,-37.03816092492929,-36.87645,0.0625208780233951,0.06252089,-0.16171133996834897
2019-10-08,-37.006082168888895,-36.87645,0.0625208812312707,0.06252089,-0.1296325839279575
2019-10-09,-36.974003283923864,-36.87645,0.0625208844391592,0.06252089,-0.0975536989629262
2019-10-10,-36.93580716682132,-36.87645,0.0625208882587709,0.06252089,-0.059357581860382425
2019-10-11,-36.899358799857836,-36.87645,0.0625208919036076,0.06252089,-0.02290921489689879
2019-10-12,-36.8333801818721,-36.739777,0.0625208985014694,0.06252091,-0.09360357054397639
2019-10-13,-36.832069347930705,-36.739777,0.0625208986325528,0.06252091,-0.0922927366025803
2019-10-14,-36.80366792685463,-36.739777,0.0625209014726949,0.06252091,-0.0638913155265044
2019-10-15,-36.75123451285511,-36.739777,0.0625209067160363,0.06252091,-0.011457901526988223
2019-10-16,-36.731134961803804,-36.616875,0.0625209087259914,0.06252092,-0.11426026697958491
2019-10-17,-36.697926985851396,-36.616875,0.062520912046789,0.06252092,-0.08105229102717715
2019-10-18,-36.677827343900574,-36.616875,0.0625209140567532,0.06252092,-0.06095264907635567
2019-10-19,-36.66628453788401,-36.616875,0.0625209152110338,0.06252092,-0.04940984305979157
2019-10-20,-36.64600285280262,-36.616875,0.0625209172392023,0.06252092,-0.029128157978398406
2019-10-21,-36.6460028158877,-36.616875,0.062520917239206,0.06252092,-0.029128121063479284
2019-10-22,-36.63358612085443,-36.616875,0.0625209184808755,0.06252092,-0.016711426030212806
2019-10-23,-36.59538960185116,-36.47335,0.0625209223005274,0.06252093,-0.12203907694881622
2019-10-24,-36.5711752599307,-36.47335,0.0625209247219616,0.06252093,-0.09782473502835387
2019-10-25,-36.5322868547957,-36.47335,0.0625209286108021,0.06252093,-0.05893632989335629
2019-10-26,-36.496274897906964,-36.47335,0.0625209322119978,0.06252093,-0.02292437300462069
2019-10-27,-36.4451519799247,-36.324806,0.0625209373242896,0.06252094,-0.1203457665457961
2019-10-28,-36.389659561902874,-36.324806,0.0625209428735314,0.06252094,-0.06485334852396818
2019-10-29,-36.38204938788414,-36.324806,0.0625209436345488,0.06252094,-0.05724317450523131
2019-10-30,-36.340539098927984,-36.324806,0.0625209477855777,0.06252094,-0.01573288554907748
2019-10-31,-36.281805861904104,-36.146164,0.0625209536589014,0.062520966,-0.13564192147441645
2019-11-01,-36.26214278087958,-36.146164,0.0625209556252095,0.062520966,-0.11597884044989115
2019-11-02,-36.24928930384685,-36.146164,0.0625209569105572,0.062520966,-0.10312536341716338
2019-11-03,-36.22831539082383,-36.146164,0.0625209590079485,0.062520966,-0.08215145039414296
2019-11-04,-36.20235303591901,-36.146164,0.062520961604184,0.062520966,-0.05618909548932294
2019-11-05,-36.174642837893956,-36.050766,0.0625209643752038,0.06252097,-0.12387684668301802
2019-11-06,-36.15785650487591,-36.050766,0.0625209660538371,0.06252097,-0.10709051366497135
2019-11-07,-36.15243100482668,-36.050766,0.0625209665963871,0.06252097,-0.10166501361574376
2019-11-09,-36.09588209288472,-36.050766,0.0625209722512783,0.06252097,-0.045116101673784215
2019-11-10,-36.068609104850104,-36.050766,0.0625209749785771,0.06252097,-0.017843113639166575
2019-11-11,-36.00288470587132,-35.830376,0.062520981551017,0.062520996,-0.1725090344845981
2019-11-12,-35.97579353184499,-35.830376,0.0625209842601344,0.062520996,-0.14541786045827365
2019-11-13,-35.928165846854654,-35.830376,0.0625209890229029,0.062520996,-0.09779017546793511
2019-11-14,-35.89626821287606,-35.830376,0.0625209922126663,0.062520996,-0.06589254148934032
2019-11-16,-35.8366611048766,-35.74842,0.0625209981733771,0.062521,-0.08824038954456626
2019-11-17,-35.80327069388489,-35.74842,0.0625210015124182,0.062521,-0.05484997855285911
2019-11-18,-35.765947620919334,-35.74842,0.0625210052447255,0.062521,-0.017526905587303077
2019-11-19,-35.7414781969323,-35.74842,0.0625210076916679,0.062521,0.006942518399732478
2019-11-20,-35.73343109186666,-35.74842,0.0625210084963784,0.062521,0.01498962346536814
2019-11-21,-35.714460067809426,-35.74842,0.0625210103934808,0.062521,0.03396064752260486
2019-11-22,-35.67932209389002,-35.507515,0.0625210139072782,0.062521026,-0.1718071402767407
2019-11-23,-35.64873537684199,-35.507515,0.0625210169659499,0.062521026,-0.14122042322870954
2019-11-24,-35.61665596382713,-35.507515,0.0625210201738912,0.062521026,-0.10914101021384681
2019-11-25,-35.58038913387129,-35.49884,0.0625210238005742,0.06252103,-0.08154880184004298
2019-11-26,-35.57033932580222,-35.49884,0.062521024805555,0.06252103,-0.07149899377097313
2019-11-27,-35.51160632483952,-35.49884,0.0625210306788551,0.06252103,-0.012765992808269289
2019-11-28,-35.46991413985734,-35.49884,0.0625210348480736,0.06252103,0.028926192173912568
2019-11-29,-35.43408425690786,-35.49884,0.0625210384310619,0.06252103,0.0647560751233911
2019-11-30,-35.424034488806825,-35.199463,0.0625210394360387,0.06252106,-0.22457159818182504
2019-12-01,-35.37709919981813,-35.199463,0.0625210441295676,0.06252106,-0.177636309193133
2019-12-02,-35.33471507291552,-35.199463,0.0625210483679803,0.06252106,-0.13525218229052172
2019-12-03,-35.31181177893195,-35.199463,0.0625210506583097,0.06252106,-0.112348888306947
2019-12-04,-35.28078855882799,-35.199463,0.0625210537606317,0.06252106,-0.08132566820299303
2019-12-05,-35.26749842788779,-35.199463,0.0625210550896448,0.06252106,-0.06803553726278722
2019-12-06,-35.2535159338363,-35.19571,0.0625210564878942,0.06252106,-0.057806705320672336
2019-12-07,-35.22930190485995,-35.19571,0.0625210589092971,0.06252106,-0.03359267634432683
2019-12-08,-35.210513242844854,-35.19571,0.0625210607881633,0.06252106,-0.014804014329229176
2019-12-09,-35.206835884843414,-35.19571,0.0625210611558991,0.06252106,-0.01112665632778942
2019-12-10,-35.160082770824275,-35.19571,0.0625210658312105,0.06252106,0.03562645769135031
2019-12-11,-35.132555216838,-34.95533,0.0625210685839659,0.062521085,-0.17722532181846873
2019-12-12,-35.091482291915725,-34.95533,0.0625210726912584,0.062521085,-0.1361523968961933
2019-12-13,-35.081869556863325,-34.95533,0.0625210736525319,0.062521085,-0.12653966184379328
2019-12-14,-35.04192594080968,-34.95533,0.0625210776468935,0.062521085,-0.08659604579015223
2019-12-15,-34.99910544088603,-34.95533,0.0625210819289435,0.062521085,-0.043775545866495236
2019-12-16,-34.97682124486978,-34.95533,0.0625210841573631,0.062521085,-0.02149134985025114
2019-12-17,-34.935748723929905,-34.95533,0.0625210882646152,0.062521085,0.019581171089626537
2019-12-18,-34.90017460389127,-34.95533,0.0625210918220272,0.062521085,0.055155291128258455
2019-12-19,-34.90017467092099,-34.95533,0.0625210918220205,0.062521085,0.055155224098541566
2019-12-20,-34.859976145856784,-34.65718,0.062521095841873,0.062521115,-0.20279535972397156
2019-12-21,-34.83401496390259,-34.65718,0.0625210984379912,0.062521115,-0.17683417776977706
2019-12-22,-34.82090682280226,-34.65718,0.0625210997488053,0.062521115,-0.16372603666944485
2019-12-23,-34.79425357291732,-34.65718,0.0625211024141303,0.062521115,-0.13707278678450763
2019-12-24,-34.77852399680348,-34.65718,0.0625211039870879,0.062521115,-0.12134321067066622
2019-12-25,-34.75667702382279,-34.65718,0.0625211061717852,0.062521115,-0.0994962376899764
2019-12-26,-34.75099687080818,-34.65718,0.0625211067398005,0.062521115,-0.0938160846753675
2019-12-27,-34.7180448398432,-34.582954,0.0625211100350036,0.06252112,-0.13509043310492075
2019-12-28,-34.68396359784798,-34.582954,0.0625211134431278,0.06252112,-0.10100919110969642
2019-12-29,-34.653996688893685,-34.582954,0.0625211164398187,0.06252112,-0.07104228215540331
2019-12-30,-34.61773083385245,-34.582954,0.0625211200664042,0.06252112,-0.03477642711416706
2019-12-31,-34.57578459292732,-34.578552,0.0625211242610283,0.06252112,0.0027676531664297954
2020-01-01,-34.57840633880327,-34.578552,0.0625211239988537,0.06252112,0.00014590729048080675
2020-01-02,-34.544325403923494,-34.578552,0.0625211274069472,0.06252112,0.03422684217025562
2020-01-03,-34.510681301835874,-34.578552,0.0625211307713574,0.06252112,0.06787094425787643
2020-01-04,-34.492767137794814,-34.578552,0.0625211325627738,0.06252112,0.0857851082989356
2020-01-05,-34.463055549882604,-34.578552,0.0625211355339326,0.06252112,0.11549669621114589
2020-01-06,-34.44077198891393,-34.200417,0.0625211377622887,0.06252116,-0.24035542397252385
2020-01-07,-34.43902435285029,-34.200417,0.0625211379370523,0.06252116,-0.23860778790888304
2020-01-08,-34.40450655187166,-34.200417,0.0625211413888324,0.06252116,-0.20408998693025637
2020-01-09,-34.3937654208315,-34.200417,0.0625211424629455,0.06252116,-0.19334885589009332
2020-01-10,-34.37017105784035,-34.200417,0.0625211448223818,0.06252116,-0.16975449289894584
2020-01-11,-34.34133335880607,-34.200417,0.0625211477061517,0.06252116,-0.14091679386466183
2020-01-12,-34.313988318823704,-34.200417,0.0625211504406557,0.06252116,-0.11357175388229734
2020-01-13,-34.299569315887624,-34.200417,0.062521151882556,0.06252116,-0.09915275094621734
2020-01-14,-34.263740594925316,-34.200417,0.0625211554654281,0.06252116,-0.06332402998391018
2020-01-15,-34.23097040183842,-34.200417,0.0625211587424474,0.06252116,-0.030553836897013298
2020-01-16,-34.20956046884527,-34.200417,0.0625211608834407,0.06252116,-0.009143903903861883
2020-01-17,-34.17897478791288,-34.200417,0.0625211639420088,0.06252116,0.02144177702852801
2020-01-18,-34.15862078484655,-34.103905,0.0625211659774091,0.06252117,-0.054716060725453985
2020-01-19,-34.12410277792155,-34.103905,0.0625211694292098,0.06252117,-0.02019805380045625
2020-01-20,-34.09501002582527,-34.103905,0.062521172338485,0.06252117,0.008894698295826231
2020-01-21,-34.08496059384425,-34.103905,0.0625211733434282,0.06252117,0.01894413027684294
2020-01-22,-34.07316355591439,-34.103905,0.062521174523132,0.06252117,0.030741168206702696
2020-01-23,-34.05062490885457,-34.103905,0.0625211767769967,0.06252117,0.053279815266520814
2020-01-24,-34.02440871380641,-34.103905,0.0625211793986162,0.06252117,0.0794960103146849
2020-01-25,-34.0121747388622,-34.103905,0.0625211806220137,0.06252117,0.09172998525889398
2020-01-26,-34.001688399842855,-33.72863,0.0625211816706476,0.062521204,-0.27305833392488665
2020-01-27,-33.98046027183743,-33.72863,0.0625211837934604,0.062521204,-0.25183020591946104
2020-01-28,-33.9612350848395,-33.72863,0.0625211857159791,0.062521204,-0.2326050189215323
2020-01-29,-33.934763710857794,-33.72863,0.0625211883631165,0.062521204,-0.20613364493982544
2020-01-30,-33.89256233082838,-33.72863,0.0625211925832545,0.062521204,-0.16393226491041446
2020-01-31,-33.85280072390473,-33.72863,0.0625211965594152,0.062521204,-0.12417065798675964
2020-02-01,-33.83332028789043,-33.72863,0.0625211985074588,0.062521204,-0.10469022197246147
2020-02-02,-33.78150610786057,-33.705353,0.0625212036888768,0.06252121,-0.07615332465744729
2020-02-03,-33.749791270853976,-33.705353,0.0625212068603605,0.06252121,-0.04443848765085079
2020-02-04,-33.73580910792651,-33.705353,0.0625212082585768,0.06252121,-0.030456324723381556
2020-02-05,-33.72200895579436,-33.705353,0.062521209638592,0.06252121,-0.016656172591233087
2020-02-06,-33.68705360079494,-33.705353,0.0625212131341275,0.06252121,0.01829918240818529
2020-02-07,-33.66713620084339,-33.51758,0.0625212151258675,0.06252123,-0.14955807584338743
2020-02-08,-33.653335936856266,-33.51758,0.0625212165058939,0.06252123,-0.13575781185626568
2020-02-09,-33.63454735588745,-33.51758,0.062521218384752,0.06252123,-0.11696923088744882
2020-02-10,-33.625990410873776,-33.51758,0.0625212192404465,0.06252123,-0.10841228587377572
2020-02-11,-33.59365650684731,-33.51758,0.0625212224738369,0.06252123,-0.07607838184731008
2020-02-12,-33.564126108859284,-33.51758,0.0625212254268767,0.06252123,-0.04654798385928416
2020-02-13,-33.54053105683597,-33.51758,0.0625212277863819,0.06252123,-0.022952931835966695
2020-02-14,-33.52935234388066,-33.50132,0.0625212289042532,0.06252123,-0.028032458626753964
2020-02-15,-33.47710073584032,-33.50132,0.062521234129414,0.06252123,0.02421914941358949
2020-02-16,-33.44888111586619,-33.50132,0.062521236951376,0.06252123,0.05243876938771308
2020-02-17,-33.41585508992439,-33.50132,0.0625212402539786,0.06252123,0.08546479532951423
2020-02-18,-33.37408999784519,-33.50132,0.0625212444304878,0.06252123,0.127229887408717
2020-02-19,-33.36666192982341,-33.088303,0.0625212451732946,0.06252127,-0.2783593175187207
2020-02-20,-33.328392497894434,-33.088303,0.0625212490002378,0.06252127,-0.24008988558974664
2020-02-21,-33.30261238693177,-33.088303,0.0625212515782489,0.06252127,-0.21430977462708256
2020-02-22,-33.268093393851174,-33.088303,0.0625212550301482,0.06252127,-0.17979078154648676
2020-02-23,-33.26128392280858,-33.088303,0.0625212557110953,0.06252127,-0.17298131050389287
2020-02-24,-33.26477930692961,-33.088303,0.0625212553615569,0.06252127,-0.17647669462492388
2020-02-25,-33.215148986798226,-33.029778,0.0625212603245889,0.06252128,-0.1853714599427576
2020-02-26,-33.219955044849755,-33.088303,0.0625212598439831,0.06252127,-0.1316524325450672
2020-02-27,-33.19785248187546,-33.029778,0.0625212620542394,0.06252128,-0.16807495501998915
2020-02-28,-33.16176741791077,-33.029778,0.0625212656627458,0.06252128,-0.1319898910552979
2020-02-29,-33.15670580081309,-33.029778,0.0625212661689075,0.06252128,-0.12692827395762407
2020-03-01,-33.117999298920566,-33.029778,0.0625212700395577,0.06252128,-0.08822177206509707
2020-03-02,-33.06574716380184,-33.01888,0.0625212752647712,0.06252128,-0.046868227034259746
2020-03-03,-33.01917552586686,-33.01888,0.062521279921935,0.06252128,-0.000296589099285427
2020-03-04,-32.98571229590208,-32.998817,0.062521283268258,0.06252128,0.013105147945573492
2020-03-05,-33.00100501688053,-32.998817,0.0625212817389859,0.06252128,-0.0021875730328702048
2020-03-06,-32.94438348191986,-32.998817,0.0625212874011394,0.06252128,0.054433961927799146
2020-03-07,-32.90480289991349,-32.998817,0.0625212913591976,0.06252128,0.09401454393416486
2020-03-08,-32.90567638286612,-32.998817,0.0625212912718493,0.06252128,0.0931410609815373
2020-03-09,-32.87439766880284,-32.998817,0.0625212943997207,0.06252128,0.12441977504481372
2020-03-10,-32.84792552779581,-32.998817,0.0625212970469348,0.06252128,0.15089191605184737
2020-03-13,-32.767889615870075,-32.566418,0.062521305050526,0.06252132,-0.20147192177827833
2020-03-14,-32.77575439289415,-32.566418,0.0625213042640483,0.06252132,-0.20933669880235328
2020-03-15,-32.73661044786436,-32.566418,0.0625213081784428,0.06252132,-0.17019275377256093
2020-03-16,-32.72499471379531,-32.566418,0.0625213093400162,0.06252132,-0.15857701970351457
2020-03-17,-32.68585110891009,-32.566418,0.0625213132543767,0.06252132,-0.11943341481829606
2020-03-18,-32.671431470926436,-32.566418,0.0625213146963405,0.06252132,-0.10501377683463886
2020-03-19,-32.63884205392809,-32.566418,0.0625213179552822,0.06252132,-0.07242435983629036
2020-03-20,-32.594710013822414,-32.566418,0.0625213223684862,0.06252132,-0.02829231973061752
2020-03-21,-32.54970411287195,-32.566418,0.0625213268690763,0.06252132,0.016713581219846674
2020-03-22,-32.51037852092242,-32.566418,0.0625213308016355,0.06252132,0.056039173169374124
2020-03-23,-32.48084767190629,-32.415092,0.0625213337547204,0.06252134,-0.06575520364457077
2020-03-24,-32.46318745986354,-32.415092,0.0625213355207416,0.06252134,-0.048094991601821846
2020-03-25,-32.455504157813394,-32.415092,0.0625213362890718,0.06252134,-0.04041168955167507
2020-03-26,-32.41836334086368,-32.415092,0.0625213400031535,0.06252134,-0.0032708726019592405
2020-03-27,-32.40412584690211,-32.415092,0.0625213414269029,0.06252134,0.010966621359607132
2020-03-28,-32.39382089889609,-32.415092,0.0625213424573977,0.06252134,0.021271569365630683
2020-03-29,-32.35292970485415,-32.415092,0.0625213465465171,0.06252134,0.062162763407570765
2020-03-30,-32.35424027289713,-32.415092,0.0625213464154603,0.06252134,0.06085219536458908
2020-03-31,-32.29892977185678,-32.10267,0.0625213519465104,0.06252137,-0.1962610096497457
2020-04-01,-32.29019081382734,-32.10267,0.0625213528204062,0.06252137,-0.18752205162030577
2020-04-02,-32.256727923868354,-32.10267,0.0625213561666952,0.06252137,-0.15405916166132272
2020-04-03,-32.1955552098907,-32.10267,0.0625213622839666,0.06252137,-0.09288644768366794
2020-04-04,-32.176074592910055,-32.10267,0.0625213642320283,0.06252137,-0.07340583070302387
2020-04-05,-32.14854692581981,-32.10267,0.062521366984795,0.06252137,-0.045878163612776746
2020-04-06,-32.08606355581401,-32.10267,0.062521373233132,0.06252137,0.016605206393023764
2020-04-07,-32.07095248092262,-32.10267,0.0625213747442395,0.06252137,0.031716281284410286
2020-04-08,-32.04062092587723,-32.10267,0.062521377777395,0.06252137,0.062047836329803374
2020-04-09,-32.02026653992274,-32.10267,0.0625213798128336,0.06252137,0.08240222228429417
2020-04-10,-31.99710831486291,-32.10267,0.0625213821286561,0.06252137,0.1055604473441214
2020-04-11,-31.974824143826687,-32.10267,0.0625213843570732,0.06252137,0.1278446183803439
2020-04-12,-31.94860747179895,-31.615517,0.0625213869787404,0.06252142,-0.33309080920129475
2020-04-13,-31.937865942882617,-31.615517,0.0625213880528933,0.06252142,-0.32234928028496057
2020-04-14,-31.89548244186824,-31.615517,0.0625213922912434,0.06252142,-0.27996577927058297
2020-04-15,-31.887799578911302,-31.615517,0.0625213930595297,0.06252142,-0.272282916313646
2020-04-16,-31.843668204800668,-31.615517,0.0625213974726671,0.06252142,-0.22815154220301181
2020-04-17,-31.798663130827578,-31.615517,0.0625214019731745,0.06252142,-0.1831464682299213
2020-04-18,-31.768951043870118,-31.615517,0.0625214049443832,0.06252142,-0.15343438127246145
2020-04-19,-31.750599443908236,-31.615517,0.0625214067795432,0.06252142,-0.1350827813105795
2020-04-20,-31.706031312916938,-31.615517,0.0625214112363563,0.06252142,-0.09051465031928174
2020-04-21,-31.669146088875166,-31.615517,0.0625214149248787,0.06252142,-0.053629426277510106
2020-04-22,-31.614091423881607,-31.615517,0.0625214204303452,0.06252142,0.0014252387160489377
2020-04-23,-31.59879859590542,-31.615517,0.062521421959628,0.06252142,0.016718066692234856
2020-04-24,-31.563843556903226,-31.598623,0.0625214254551319,0.06252142,0.034779718853609864
2020-04-25,-31.55685260283758,-31.598623,0.0625214261542273,0.06252142,0.04177067291925596
2020-04-26,-31.5233905529011,-31.598623,0.0625214295004323,0.06252142,0.07523272285573768
2020-04-27,-31.497174435846098,-31.598623,0.062521432122044,0.06252142,0.10144883991073783
2020-04-28,-31.497356868803728,-31.598623,0.0625214321038007,0.06252142,0.1012664069531084
2020-04-29,-31.471140524846895,-31.598623,0.0625214347254351,0.06252142,0.127482750909941
2020-04-30,-31.434437723909525,-31.598623,0.0625214383957152,0.06252142,0.16418555184731076
2020-05-01,-31.410406349796638,-31.598623,0.0625214407988526,0.06252142,0.188216925960198
2020-05-02,-31.35666278089588,-31.059404,0.0625214461732095,0.06252147,-0.297258407726936
2020-05-03,-31.32826184179538,-31.059404,0.0625214490133034,0.06252147,-0.268857468626436
2020-05-04,-31.272770639884094,-31.059404,0.0625214545624236,0.06252147,-0.21336626671514836
2020-05-05,-31.257040897930686,-31.059404,0.0625214561353978,0.06252147,-0.19763652476174087
2020-05-06,-31.21272794393004,-31.059404,0.0625214605666932,0.06252147,-0.1533235707610956
2020-05-07,-31.157673939796737,-31.059404,0.0625214660720936,0.06252147,-0.09826956662779196
2020-05-08,-31.152430946812526,-31.059404,0.0625214665963929,0.06252147,-0.09302657364358069
2020-05-09,-31.104185721914092,-31.059404,0.0625214714209154,0.06252147,-0.04478134874514694
2020-05-10,-31.098505825916114,-31.059404,0.062521471988905,0.06252147,-0.03910145274716825
2020-05-11,-31.07946318192667,-31.059404,0.0625214738931694,0.06252147,-0.020058808757724478
2020-05-12,-31.07727889681278,-31.059404,0.0625214741115979,0.06252147,-0.01787452364383313
2020-05-13,-31.033330591817567,-31.059404,0.0625214785064284,0.06252147,0.0260737813513785
2020-05-14,-31.040322085867935,-31.059404,0.062521477807279,0.06252147,0.01908228730101058
2020-05-15,-31.0001239837987,-30.864212,0.0625214818270892,0.062521495,-0.135911947665889
2020-05-16,-30.964732198879297,-30.864212,0.0625214853662677,0.062521495,-0.10052016274648423
2020-05-17,-30.954246002801167,-30.864212,0.0625214864148873,0.062521495,-0.09003396666835428
2020-05-18,-30.89788083984746,-30.864212,0.0625214920514036,0.062521495,-0.03366880371464731
2020-05-19,-30.855315663880223,-30.864212,0.0625214963079212,0.062521495,0.008896372252589657
2020-05-20,-30.83503448186864,-30.833382,0.0625214983360394,0.062521495,-0.0016528290366082388
2020-05-21,-30.803575041815634,-30.833382,0.0625215014819834,0.062521495,0.029806611016397255
2020-05-22,-30.767127123798588,-30.833382,0.0625215051267752,0.062521495,0.06625452903344353
2020-05-23,-30.740474151885742,-30.833382,0.0625215077920724,0.062521495,0.09290750094628919
2020-05-24,-30.695906469840885,-30.833382,0.0625215122488406,0.062521495,0.13747518299114603
2020-05-26,-30.665066490798143,-30.833382,0.0625215153328385,0.062521495,0.1683151620338883
2020-05-27,-30.653706394878633,-30.833382,0.0625215164688481,0.062521495,0.17967525795339867
2020-05-28,-30.603021622804818,-30.331738,0.0625215215373253,0.06252155,-0.27128410449427065
2020-05-29,-30.58685496881708,-30.331738,0.0625215231539907,0.06252155,-0.2551174505065319
2020-05-30,-30.58772899591777,-30.331738,0.062521523066588,0.06252155,-0.25599147760722474
2020-05-31,-30.545600653852922,-30.331738,0.0625215272794222,0.06252155,-0.21386313554237546
2020-06-01,-30.501906579799567,-30.331738,0.0625215316488296,0.06252155,-0.17016906148901967
2020-06-02,-30.4783118919294,-30.331738,0.0625215340082984,0.06252155,-0.14657437361885428
2020-06-03,-30.42238329184488,-30.317348,0.0625215396011584,0.06252155,-0.10503481162027128
2020-06-04,-30.394673882910837,-30.317348,0.0625215423720993,0.06252155,-0.07732540268622756
2020-06-05,-30.378507108880235,-30.317348,0.0625215439887767,0.06252155,-0.061158628655626046
2020-06-06,-30.345736512921164,-30.317348,0.0625215472658363,0.06252155,-0.028388032696554433
2020-06-07,-30.29330340187375,-30.317348,0.0625215525091474,0.06252155,0.024045078350859228
2020-06-08,-30.287186279925884,-30.317348,0.0625215531208596,0.06252155,0.03016220029872585
2020-06-09,-30.26883474588349,-30.099483,0.062521554956013,0.06252157,-0.16935125589325395
2020-06-10,-30.26027805386189,-30.099483,0.0625215558116822,0.06252157,-0.16079456387165436
2020-06-11,-30.222700892895695,-30.099483,0.0625215595693983,0.06252157,-0.12321740290546046
2020-06-12,-30.218950557853177,-30.099483,0.0625215599444318,0.06252157,-0.11946706786294214
2020-06-13,-30.182684137847193,-30.099483,0.0625215635710738,0.06252157,-0.08320064785695891
2020-06-14,-30.173508264869085,-30.099483,0.0625215644886611,0.06252157,-0.07402477487885051
2020-06-15,-30.154282651823074,-30.099483,0.0625215664112224,0.06252157,-0.054799161832839616
2020-06-16,-30.125262033831035,-30.099483,0.0625215693132842,0.06252157,-0.025778543840800694
2020-06-17,-30.08182220792799,-30.087269,0.0625215736572668,0.06252157,0.005446621417714681
2020-06-18,-30.058918748798735,-30.087269,0.0625215759476127,0.06252157,0.02835008054696786
2020-06-19,-30.00298959290881,-30.087269,0.0625215815405283,0.06252157,0.08427923643689184
2020-06-20,-29.97265805881888,-30.087269,0.0625215845736817,0.06252157,0.11461077052682356
2020-06-21,-29.95255832582977,-30.087269,0.062521586583655,0.06252157,0.13471050351593306
2020-06-22,-29.945312222806606,-30.087269,0.0625215873082653,0.06252157,0.1419566065390967
2020-06-23,-29.92127989889792,-29.672642,0.0625215897114977,0.062521614,-0.248638144747531
2020-06-24,-29.890693286904746,-29.672642,0.0625215927701589,0.062521614,-0.2180515327543553
2020-06-25,-29.88563165384761,-29.672642,0.0625215932763222,0.062521614,-0.21298989969722015
2020-06-26,-29.867716544867974,-29.672642,0.0625215950678331,0.062521614,-0.19507479071758382
2020-06-27,-29.857848664882614,-29.672642,0.0625215960546211,0.062521614,-0.18520691073222295
2020-06-28,-29.84255519491996,-29.672642,0.0625215975839681,0.062521614,-0.1699134407695695
2020-06-29,-29.824202988915083,-29.672642,0.0625215994191887,0.062521614,-0.1515612347646922
2020-06-30,-29.776830125921585,-29.628199,0.062521604156475,0.062521614,-0.14863150226435806
2020-07-01,-29.75585627881805,-29.628199,0.0625216062538597,0.062521614,-0.1276576551608244
2020-07-02,-29.746680047931797,-29.621256,0.0625216071714828,0.062521614,-0.1254241732980077
2020-07-03,-29.706917547833722,-29.621256,0.0625216111477328,0.062521614,-0.08566167319993312
2020-07-04,-29.679389512843322,-29.621256,0.0625216139005363,0.062521614,-0.05813363820953299
2020-07-05,-29.635949131828767,-29.616377,0.0625216182445744,0.062521614,-0.01957225499771198
2020-07-06,-29.604670640920318,-29.616377,0.0625216213724235,0.062521614,0.011706235910736495
2020-07-07,-29.59068777785845,-29.616377,0.0625216227707098,0.062521614,0.02568909897260596
2020-07-08,-29.56377872481708,-29.616377,0.0625216254616151,0.062521614,0.05259815201397444
2020-07-09,-29.560901919911675,-29.616377,0.0625216257492956,0.062521614,0.05547495691937954
2020-07-10,-29.54517109590715,-29.616377,0.062521627322378,0.062521614,0.07120578092390417
2020-07-11,-29.529622491836214,-29.616377,0.0625216288772384,0.062521614,0.08675438499484045
2020-07-12,-29.499217583800473,-29.616377,0.0625216319177292,0.062521614,0.11715929303058203
2020-07-13,-29.48286814880019,-29.616377,0.0625216335526727,0.062521614,0.1335087280308649
2020-07-14,-29.47456560292716,-29.267714,0.0625216343829273,0.06252165,-0.20685205617423108
2020-07-15,-29.44179409491987,-29.267714,0.0625216376600781,0.06252165,-0.17408054816694118
2020-07-16,-29.43349178191612,-29.267714,0.0625216384903094,0.06252165,-0.16577823516319157
2020-07-17,-29.40228593581451,-29.267714,0.062521641610894,0.06252165,-0.13457238906158153
2020-07-18,-29.36470790387835,-29.267714,0.0625216453686972,0.06252165,-0.09699435712542126
2020-07-19,-29.31489562180145,-29.267714,0.0625216503499254,0.06252165,-0.047182075048521455
2020-07-20,-29.29654337582854,-29.267714,0.06252165218515,0.06252165,-0.028829829075611713
2020-07-21,-29.298909823838315,-29.267714,0.0625216519485052,0.06252165,-0.031196277085385304
2020-07-22,-29.258273307880557,-29.0974,0.0625216560121568,0.06252167,-0.16087264259735434
2020-07-23,-29.243161800834862,-29.0974,0.0625216575233075,0.06252167,-0.14576113555165904
2020-07-24,-29.218000630881757,-29.0974,0.0625216600394245,0.06252167,-0.12059996559855435
2020-07-25,-29.215378599817264,-29.0974,0.0625216603016276,0.06252167,-0.11797793453406058
2020-07-26,-29.1862849229052,-29.0974,0.0625216632109953,0.06252167,-0.08888425762199859
2020-07-27,-29.180604249889885,-29.0974,0.0625216637790626,0.06252167,-0.08320358460668231
2020-07-28,-29.15613475887313,-29.0974,0.0625216662260117,0.06252167,-0.05873409358992632
2020-07-29,-29.136471919877227,-29.0974,0.0625216681922956,0.06252167,-0.03907125459402394
2020-07-30,-29.104137550806097,-29.0974,0.0625216714257325,0.06252167,-0.006736885522894198
2020-07-31,-29.091902785799427,-29.0974,0.062521672649209,0.06252167,0.005497879483776558
2020-08-01,-29.05039275788446,-29.0974,0.0625216768002118,0.06252167,0.0470079073987435
2020-08-02,-29.03247775493112,-29.0974,0.0625216785917121,0.06252167,0.06492291035208453
2020-08-03,-28.987472026897887,-28.791725,0.0625216830922849,0.0625217,-0.19574686820648068
2020-08-04,-28.947272896900913,-28.791725,0.0625216871121979,0.0625217,-0.1555477382095063
2020-08-05,-28.937405134876748,-28.791725,0.0625216880989741,0.0625217,-0.1456799761853418
2020-08-06,-28.931906918827632,-28.791725,0.0625216886487957,0.0625217,-0.14018176013622607
2020-08-07,-28.904561482911983,-28.791725,0.0625216913833393,0.0625217,-0.11283632422057721
2020-08-08,-28.878089989858857,-28.791725,0.0625216940304886,0.0625217,-0.08636483116745097
2020-08-09,-28.848559797817195,-28.791725,0.0625216969835078,0.0625217,-0.05683463912578901
2020-08-10,-28.828897246924168,-28.70475,0.0625216989497629,0.06252171,-0.12414718588901152
2020-08-11,-28.824527777832067,-28.70475,0.0625216993867098,0.06252171,-0.11977771679691074
2020-08-12,-28.797437120892113,-28.70475,0.0625217020957755,0.06252171,-0.09268705985695647
2020-08-13,-28.78651348389716,-28.70475,0.0625217031881392,0.06252171,-0.08176342286200367
2020-08-14,-28.734954268805346,-28.70475,0.0625217083440607,0.06252171,-0.03020420777018984
2020-08-15,-28.72927403779757,-28.70475,0.0625217089120838,0.06252171,-0.02452397676241347
2020-08-16,-28.711177062906714,-28.70475,0.0625217107217813,0.06252171,-0.006427001871557536
2020-08-17,-28.655248471842754,-28.70475,0.0625217163146404,0.06252171,0.04950158919240266
2020-08-18,-28.639700859894866,-28.70475,0.0625217178694016,0.06252171,0.06504920114029034
2020-08-19,-28.60911490890072,-28.70475,0.0625217209279967,0.06252171,0.09563515213443452
2020-08-20,-28.58220700188707,-28.70475,0.0625217236187874,0.06252171,0.12254305914808583
2020-08-21,-28.580022488899903,-28.70475,0.0625217238372387,0.06252171,0.12472757213525298
2020-08-22,-28.541753795824356,-28.289135,0.062521727664108,0.06252175,-0.2526188165763088
2020-08-23,-28.512224206911352,-28.289135,0.0625217306170669,0.06252175,-0.22308922766330497
2020-08-24,-28.495620679885867,-28.289135,0.0625217322774196,0.06252175,-0.20648570063782046
2020-08-25,-28.513535609842044,-28.289135,0.0625217304859266,0.06252175,-0.22440063059399762
2020-08-26,-28.47290037591432,-28.289135,0.06252173454945,0.06252175,-0.18376539666627423
2020-08-27,-28.460229295895758,-28.289135,0.062521735816558,0.06252175,-0.1710943166477108
2020-08-28,-28.431828474895227,-28.289135,0.0625217386566401,0.06252175,-0.1426934956471797
2020-08-29,-28.410418454888344,-28.289135,0.0625217407976421,0.06252175,-0.12128347564029696
2020-08-30,-28.365231717897288,-28.289135,0.0625217453163158,0.06252175,-0.07609673864924105
2020-08-31,-28.342511110834856,-28.289135,0.0625217475883765,0.06252175,-0.053376131586809095
2020-09-01,-28.308866905912833,-28.289135,0.062521750952797,0.06252175,-0.01973192666478596
2020-09-02,-28.280903073829577,-28.24433,0.0625217537491802,0.062521756,-0.03657362131492903
2020-09-03,-28.28021175779738,-28.24433,0.0625217538183118,0.062521756,-0.035882305282733284
2020-09-04,-28.24456524386232,-28.24433,0.0625217573829632,0.062521756,-0.00023579134767004462
2020-09-05,-28.211795093796567,-28.24433,0.0625217606599782,0.062521756,0.03253435871808108
2020-09-06,-28.210666889877388,-28.24433,0.0625217607727986,0.062521756,0.03366256263726086
2020-09-07,-28.19293494979447,-28.24433,0.0625217625459926,0.062521756,0.051394502720178536
2020-09-08,-28.161912748875253,-28.24433,0.0625217656482127,0.062521756,0.0824167036393959
2020-09-09,-28.14618322091733,-28.24433,0.0625217672211655,0.062521756,0.09814623159731894
2020-09-10,-28.129142905924944,-27.953577,0.062521768925197,0.062521785,-0.17556586429896726
2020-09-11,-28.084393206839753,-27.953577,0.0625217734001669,0.062521785,-0.13081616521377626
2020-09-12,-28.050312180921686,-27.953577,0.0625217768082695,0.062521785,-0.09673513929570987
2020-09-13,-28.039825828857225,-27.953577,0.0625217778569047,0.062521785,-0.08624878723124851
2020-09-14,-28.01692315382298,-27.953577,0.0625217801471722,0.062521785,-0.06334611219700292
2020-09-15,-27.986774663868452,-27.953577,0.0625217831620212,0.062521785,-0.03319762224247569
2020-09-16,-27.95531536481377,-27.953577,0.0625217863079511,0.062521785,-0.0017383231877943217
2020-09-17,-27.933214182818134,-27.953577,0.0625217885180693,0.062521785,0.020362858807843054
2020-09-18,-27.903502640841403,-27.953577,0.0625217914892235,0.062521785,0.050074400784573925
2020-09-19,-27.899570704814636,-27.953577,0.0625217918824171,0.062521785,0.054006336811340816
2020-09-20,-27.879471710817725,-27.652994,0.0625217938923165,0.062521815,-0.22647755493393618
2020-09-21,-27.868548448800603,-27.652994,0.0625217949846427,0.062521815,-0.2155542929168135
2020-09-22,-27.850197406864563,-27.652994,0.0625217968197469,0.062521815,-0.19720325098077396
2020-09-23,-27.809816895846275,-27.652994,0.062521800857798,0.062521815,-0.15682273996248597
2020-09-24,-27.783163860928273,-27.652994,0.0625218035231015,0.062521815,-0.13016970504448366
2020-09-25,-27.740598558811946,-27.652994,0.0625218077796317,0.062521815,-0.0876044029281573
2020-09-26,-27.71176066090897,-27.648808,0.0625218106634215,0.062521815,-0.06295313527420277
2020-09-27,-27.695157093915455,-27.622805,0.0625218123237782,0.062521815,-0.07235245219182218
2020-09-28,-27.634057916808842,-27.622805,0.0625218184336959,0.062521815,-0.01125327508520968
2020-09-29,-27.599976692854746,-27.622805,0.0625218218418183,0.062521815,0.02282794886888695
2020-09-30,-27.57507120990099,-27.622805,0.0625218243323666,0.062521815,0.04773343182264256
2020-10-01,-27.53793136092697,-27.46168,0.0625218280463515,0.06252183,-0.07625190230880463
2020-10-02,-27.531814278808355,-27.46168,0.0625218286580597,0.06252183,-0.0701348201901908
2020-10-03,-27.502539454854478,-27.46168,0.0625218315855421,0.06252183,-0.04085999623631409
2020-10-04,-27.472390576877004,-27.46168,0.0625218346004299,0.06252183,-0.010711118258839747
2020-10-05,-27.45072585991215,-27.46168,0.0625218367669016,0.06252183,0.010953598706013423
2020-10-06,-27.441804819894333,-27.46168,0.0625218376590056,0.06252183,0.019874638723830884
2020-10-07,-27.41864693581175,-27.46168,0.062521839974794,0.06252183,0.043032522806413454
2020-10-08,-27.382380753809834,-27.238863,0.0625218436014122,0.06252185,-0.1435177624768258
2020-10-09,-27.33195007986744,-27.238863,0.0625218486444796,0.06252185,-0.09308708853443193
2020-10-10,-27.314909308850943,-27.238863,0.0625218503485567,0.06252185,-0.07604631751793534
2020-10-11,-27.277586899798756,-27.238863,0.0625218540807976,0.06252185,-0.038723908465748025
2020-10-12,-27.23502108892273,-27.238863,0.0625218583373787,0.06252185,0.003841902410279374
2020-10-13,-27.19638775489086,-27.04746,0.0625218622007121,0.062521875,-0.14892719886058714
2020-10-14,-27.17585134481837,-27.04746,0.0625218642543531,0.062521875,-0.12839078878809573
2020-10-15,-27.156188771859657,-27.04746,0.0625218662206104,0.062521875,-0.10872821582938386
2020-10-16,-27.142206491803655,-27.04746,0.0625218676188384,0.062521875,-0.09474593577338197
2020-10-17,-27.109253331880634,-27.04746,0.0625218709141544,0.062521875,-0.06179277585036047
2020-10-18,-27.086968972800385,-27.04746,0.0625218731425903,0.062521875,-0.03950841677011141
2020-10-19,-27.075863045927797,-26.905973,0.062521874253183,0.06252189,-0.1698896114795545
2020-10-20,-27.02954662384127,-26.905973,0.0625218788848252,0.06252189,-0.12357318939302786
2020-10-21,-27.02849041080757,-26.905973,0.0625218789904465,0.06252189,-0.12251697635932857
2020-10-22,-26.98435877482308,-26.905973,0.0625218834036101,0.06252189,-0.07838534037483669
2020-10-23,-26.95166016392081,-26.905973,0.0625218866734712,0.06252189,-0.04568672947256758
2020-10-24,-26.93024962890922,-26.905973,0.0625218888145247,0.06252189,-0.024276194460977507
2020-10-25,-26.859282000885052,-26.74679,0.0625218959112875,0.062521905,-0.11249206863407579
2020-10-26,-26.816715831823323,-26.74679,0.0625219001679044,0.062521905,-0.06992589957234685
2020-10-27,-26.809105399816513,-26.74679,0.0625219009289476,0.062521905,-0.06231546756553641
2020-10-28,-26.75404991880903,-26.74679,0.0625219064344957,0.062521905,-0.0072599865580542655
2020-10-29,-26.733767995862358,-26.74679,0.062521908462688,0.062521905,0.013021936388618371
2020-10-30,-26.696627235811565,-26.572102,0.062521912176764,0.06252192,-0.12452564279398715
2020-10-31,-26.657556472797772,-26.572102,0.0625219160838403,0.06252192,-0.08545487978019395
2020-11-01,-26.60512256391634,-26.572102,0.0625219213272312,0.06252192,-0.03302097089876099
2020-11-02,-26.580216188898387,-26.44792,0.0625219238178687,0.062521935,-0.1322963433173321
2020-11-03,-26.58327455287712,-26.572102,0.0625219235120323,0.06252192,-0.011172959859543141
2020-11-04,-26.539834232924832,-26.44792,0.0625219278560643,0.062521935,-0.09191438734377755
2020-11-05,-26.496576030904386,-26.44792,0.0625219321818845,0.062521935,-0.04865618532333116
2020-11-06,-26.472798425880573,-26.44792,0.062521934559645,0.062521935,-0.02487858029951795
2020-11-07,-26.45226170480686,-26.44792,0.0625219366133171,0.062521935,-0.004341859225803546
2020-11-11,-26.279119978850353,-26.15592,0.0625219539274897,0.062521964,-0.1231999501638299
2020-11-12,-26.244418640797296,-26.15592,0.0625219573976235,0.062521964,-0.08849861211077226
2020-11-13,-26.183063558810062,-26.15592,0.0625219635331317,0.062521964,-0.02714353012353854
2020-11-14,-26.164274509882233,-26.092892,0.0625219654120366,0.06252197,-0.07138281676699876
2020-11-15,-26.121708082832427,-26.092892,0.0625219696686793,0.06252197,-0.028816389717192692
2020-11-16,-26.093743142885373,-26.092892,0.0625219724651733,0.06252197,-0.0008514497701384016
2020-11-17,-26.058167891807038,-26.092892,0.0625219760226984,0.06252197,0.0347238013081963
2020-11-18,-26.044440098876855,-26.092892,0.0625219773954777,0.06252197,0.048451594238379414
2020-11-19,-26.016038148918284,-26.092892,0.0625219802356727,0.06252197,0.07685354419695045
2020-11-20,-25.987271980859596,-25.7416,0.0625219831122895,0.06252201,-0.24567194423850225
2020-11-21,-25.943577084824867,-25.7416,0.0625219874817791,0.06252201,-0.20197704820377282
2020-11-22,-25.88921339988226,-25.7416,0.0625219929181476,0.06252201,-0.14761336326116492
2020-11-23,-25.841840805840288,-25.7416,0.062521997655407,0.06252201,-0.10024076921919445
2020-11-24,-25.808195695808944,-25.7416,0.062522001019918,0.06252201,-0.06659565918785049
2020-11-25,-25.762134071849463,-25.660145,0.0625220056260804,0.06252202,-0.10198926594125979
2020-11-26,-25.693788132802318,-25.660145,0.0625220124606743,0.06252202,-0.03364332689411498
2020-11-27,-25.627627040919478,-25.660145,0.0625220190767835,0.06252202,0.03251776498872516
2020-11-28,-25.573882503904244,-25.545572,0.0625220244512372,0.062522024,-0.028310223020454828
2020-11-29,-25.524070380866792,-25.545572,0.0625220294324495,0.062522024,0.0215019000169967
2020-11-30,-25.47014377185519,-25.545572,0.0625220348251104,0.062522024,0.07542850902859755
2020-12-01,-25.447422481866823,-25.545572,0.0625220370972394,0.062522024,0.09814979901696574
2020-12-02,-25.412029669852345,-25.545572,0.0625220406365206,0.062522024,0.13354261103144438
2020-12-03,-25.38056933384936,-25.545572,0.0625220437825542,0.062522024,0.16500294703443075
2020-12-04,-25.31178680292845,-25.545572,0.0625220506608073,0.062522024,0.23378547795534033
2020-12-05,-25.287317797911825,-25.121283,0.0625220531077078,0.06252207,-0.16603522039717689
2020-12-06,-25.25847912479562,-25.121283,0.0625220559915751,0.06252207,-0.13719654728097197
2020-12-07,-25.20193111088531,-25.121283,0.0625220616463765,0.06252207,-0.08064853337066324
2020-12-08,-25.159365397847687,-25.121283,0.0625220659029478,0.06252207,-0.038082820333038114
2020-12-09,-25.10212548087476,-25.121283,0.0625220716269395,0.06252207,0.019157096639887072
2020-12-10,-25.056501160858335,-25.121283,0.0625220761893715,0.06252207,0.06478141665631298
2020-12-11,-25.013680638868998,-25.121283,0.0625220804714237,0.06252207,0.10760193864565082
2020-12-12,-24.974355559842508,-25.121283,0.0625220844039316,0.06252207,0.1469270176721409
2020-12-13,-24.930224113844936,-25.121283,0.0625220888170762,0.06252207,0.19105846366971235
2020-12-14,-24.89657947288282,-25.121283,0.0625220921815403,0.06252207,0.2247031046318284
2020-12-15,-24.85226617290892,-24.655214,0.0625220966128703,0.06252211,-0.19705186321653656
2020-12-16,-24.823864865908263,-24.655214,0.062522099453001,0.06252211,-0.16865055621588
2020-12-17,-24.792659976818896,-24.655214,0.0625221025734899,0.06252211,-0.13744566712651363
2020-12-18,-24.783047240795053,-24.655214,0.0625221035347635,0.06252211,-0.12783293110267024
2020-12-19,-24.76469565790285,-24.655214,0.0625221053699218,0.06252211,-0.10948134821046551
2020-12-20,-24.71776107890178,-24.655214,0.0625221100633797,0.06252211,-0.06254676920939772
2020-12-21,-24.690233812879605,-24.655214,0.0625221128161063,0.06252211,-0.0350195031872218
2020-12-22,-24.65265681983464,-24.655214,0.0625221165738056,0.06252211,0.002557489857743178
2020-12-23,-24.60066078485701,-24.655214,0.0625221217734091,0.06252211,0.05455352483537368
2020-12-24,-24.546479979875578,-24.169863,0.0625221271914896,0.062522165,-0.3766172326831949
2020-12-25,-24.5355564729155,-24.169863,0.0625221282838403,0.062522165,-0.36569372572311565
2020-12-26,-24.469833433821144,-24.169863,0.0625221348561442,0.062522165,-0.29997068662876103
2020-12-27,-24.429197964803695,-24.169863,0.0625221389196911,0.062522165,-0.2593352176113122
2020-12-28,-24.400796795887025,-24.169863,0.062522141759808,0.062522165,-0.2309340486946425
2020-12-29,-24.345742375836423,-24.169863,0.06252214726525,0.062522165,-0.17587962864404005
2020-12-30,-24.30903961792019,-24.169863,0.0625221509355258,0.062522165,-0.13917687072780893
2020-12-31,-24.299608985811627,-24.169863,0.062522151878589,0.062522165,-0.12974623861924428
2021-01-01,-24.2637800058898,-24.169863,0.062522155461487,0.062522165,-0.09391725869741663
2021-01-02,-24.239748639826033,-24.169863,0.0625221578646236,0.062522165,-0.06988589263364986
2021-01-03,-24.205667632920537,-24.169863,0.0625221612727243,0.062522165,-0.035804885728154545
2021-01-04,-24.182073170841978,-24.169863,0.0625221636321705,0.062522165,-0.012210423649595015
2021-01-05,-24.14930293584416,-24.09034,0.062522166909194,0.06252217,-0.058963275199630516
2021-01-06,-24.123086749816558,-24.09034,0.0625221695308126,0.06252217,-0.03274708917202673
2021-01-07,-24.10954169987378,-24.09034,0.0625221708853176,0.06252217,-0.019202039229249124
2021-01-08,-24.048989324815253,-24.09034,0.0625221769405551,0.06252217,0.041350335829278606
2021-01-09,-24.01971461590824,-24.09034,0.062522179868026,0.06252217,0.07062504473629261
2021-01-10,-23.983448665804154,-24.09034,0.062522183494621,0.06252217,0.10689099484037712
2021-01-11,-23.945180113865703,-24.09034,0.0625221873214762,0.06252217,0.14515954677882803
2021-01-12,-23.9102252298784,-24.09034,0.0625221908169646,0.06252217,0.18011443076613176
2021-01-13,-23.888123341919698,-24.09034,0.0625221930271534,0.06252217,0.20221631872483314
2021-01-14,-23.860596379821075,-24.09034,0.0625221957798496,0.06252217,0.22974328082345608
2021-01-15,-23.82564163586065,-23.5649,0.062522199275324,0.062522225,-0.2607421912805705
2021-01-16,-23.804668791843618,-23.5649,0.0625222013726084,0.062522225,-0.2397693472635396
2021-01-17,-23.78413290482495,-23.5649,0.0625222034261971,0.062522225,-0.21923346024487245
2021-01-18,-23.767711554850692,-23.5649,0.0625222050683321,0.062522225,-0.20281211027061374
2021-01-19,-23.760283922868997,-23.5649,0.0625222058110953,0.062522225,-0.19538447828891847
2021-01-20,-23.720267708915443,-23.5649,0.0625222098127167,0.062522225,-0.15536826433536532
2021-01-21,-23.693177700900847,-23.5649,0.0625222125217175,0.062522225,-0.12827825632076895
2021-01-22,-23.657093866924495,-23.505335,0.0625222161301009,0.06252223,-0.151759012798518
2021-01-23,-23.647918258873357,-23.505335,0.0625222170476617,0.06252223,-0.14258340474738063
2021-01-24,-23.605535108828235,-23.505335,0.0625222212859767,0.06252223,-0.10020025470225846
2021-01-25,-23.545856337875428,-23.505335,0.0625222272538538,0.06252223,-0.04052148374945119
2021-01-26,-23.491675638920295,-23.505335,0.0625222326719237,0.06252223,0.013659215205681363
2021-01-27,-23.457339448917924,-23.505335,0.0625222361055427,0.06252223,0.04799540520805223
2021-01-28,-23.44222864880674,-23.308157,0.0625222376166227,0.06252225,-0.13407168164365402
2021-01-29,-23.39503914691732,-23.308157,0.0625222423355729,0.06252225,-0.08688217975423385
2021-01-30,-23.372500395912876,-23.308157,0.062522244589448,0.06252225,-0.06434342874979038
2021-01-31,-23.336853461897178,-23.308157,0.0625222481541414,0.06252225,-0.02869649473409197
2021-02-01,-23.341659900893987,-23.308157,0.0625222476734975,0.06252225,-0.03350293373090096
2021-02-02,-23.331610459892403,-23.308157,0.0625222486784416,0.06252225,-0.02345349272931685
2021-02-03,-23.28285506489336,-23.308157,0.0625222535539811,0.06252225,0.025301902269724508
2021-02-04,-23.26512259093194,-23.308157,0.0625222553272285,0.06252225,0.04303437623114448
2021-02-05,-23.2408359238101,-23.308157,0.0625222577558952,0.06252225,0.06732104335298672
2021-02-06,-23.22029961893124,-23.308157,0.0625222598095257,0.06252225,0.08785734823184654
2021-02-07,-23.162368237850117,-23.308157,0.0625222656026638,0.06252225,0.1457887293129687
2021-02-08,-23.132401230918642,-23.308157,0.0625222685993645,0.06252225,0.17575573624444374
2021-02-09,-23.09238449779705,-23.308157,0.0625222726010378,0.06252225,0.215772469366037
2021-02-10,-23.074469784889473,-23.308157,0.0625222743925091,0.06252225,0.23368718227361285
2021-02-11,-23.03052048790999,-22.763834,0.0625222787874388,0.0625223,-0.2666864882761999
2021-02-12,-22.99949739686946,-22.763834,0.0625222818897479,0.0625223,-0.23566339723567253
2021-02-13,-22.969530278915684,-22.763834,0.0625222848864597,0.0625223,-0.20569627928189504
2021-02-14,-22.94637215391471,-22.763834,0.0625222872022722,0.0625223,-0.18253815428091968
2021-02-15,-22.94043691286607,-22.763834,0.0625222877957963,0.0625223,-0.17660291323227995
2021-02-16,-22.900419986843225,-22.763834,0.0625222917974889,0.0625223,-0.13658598720943615
2021-02-17,-22.877880800908912,-22.763834,0.0625222940514075,0.0625223,-0.11404680127512279
2021-02-18,-22.855341581806687,-22.763834,0.0625222963053294,0.0625223,-0.09150758217289834
2021-02-19,-22.82799602085217,-22.763834,0.0625222990398855,0.0625223,-0.06416202121837955
2021-02-20,-22.820567774917144,-22.763834,0.0625222997827101,0.0625223,-0.056733775283355214
2021-02-21,-22.775307338823715,-22.763834,0.0625223043087537,0.0625223,-0.011473339189926435
2021-02-22,-22.71693859787205,-22.763834,0.0625223101456278,0.0625223,0.04689540176173779
2021-02-23,-22.68784506986865,-22.717098,0.0625223130549806,0.06252231,0.029253166215333692
2021-02-24,-22.63471965288644,-22.717098,0.0625223183675223,0.06252231,0.08237858319754565
2021-02-25,-22.582722902925177,-22.717098,0.0625223235671973,0.06252231,0.13437533315880756
2021-02-26,-22.551444611856873,-22.717098,0.0625223266950264,0.06252231,0.1656536242271116
2021-02-27,-22.51535994687859,-22.717098,0.0625223303034929,0.06252231,0.2017382892053945
2021-02-28,-22.482588577926734,-22.316647,0.0625223335806298,0.062522344,-0.16594200199899944
2021-03-01,-22.47446854092283,-22.316647,0.0625223343926335,0.062522344,-0.15782196499509737
2021-03-02,-22.42614942984944,-22.316647,0.0625223392245446,0.062522344,-0.109502853921704
2021-03-03,-22.38857154987506,-22.316647,0.0625223429823326,0.062522344,-0.07192497394732555
2021-03-04,-22.346369510928277,-22.316647,0.0625223472025365,0.062522344,-0.02972293500054235
2021-03-05,-22.326014635920544,-22.316647,0.062522349238024,0.062522344,-0.009368059992809208
2021-03-06,-22.30478618081566,-22.316647,0.0625223513608695,0.062522344,0.011860395112073263
2021-03-07,-22.261273331797284,-22.316647,0.0625223557121544,0.062522344,0.055373244130450416
2021-03-08,-22.244414310812477,-21.994572,0.0625223573980565,0.06252238,-0.24984262502146137
2021-03-09,-22.203086056798995,-21.994572,0.0625223615308819,0.06252238,-0.2085143710079791
2021-03-10,-22.160264879916845,-21.994572,0.0625223658129996,0.06252238,-0.16569319412582928
2021-03-11,-22.133792973860757,-21.994572,0.0625223684601902,0.06252238,-0.13922128806974143
2021-03-12,-22.114130045908233,-21.994572,0.062522370426483,0.06252238,-0.11955836011721743
2021-03-13,-22.045965939881953,-21.994572,0.0625223772428936,0.06252238,-0.0513942540909369
2021-03-14,-22.02298975489958,-21.994572,0.0625223795405121,0.06252238,-0.02841806910856448
2021-03-15,-21.967496934838238,-21.925686,0.0625223850897941,0.06252239,-0.041811052269878246
2021-03-16,-21.930101286871118,-21.925686,0.0625223888293589,0.06252239,-0.004415404302758219
2021-03-17,-21.908435722806097,-21.925686,0.0625223909959153,0.06252239,0.01725015976226274
2021-03-18,-21.896820133898707,-21.925686,0.0625223921574742,0.06252239,0.02886574866965219
2021-03-19,-21.86554176483724,-21.925686,0.0625223952853111,0.06252239,0.06014411773112016
2021-03-20,-21.83338957587044,-21.925686,0.06252239850053,0.06252239,0.09229630669791788
2021-03-21,-21.801055046927196,-21.925686,0.0625224017339829,0.06252239,0.12463083564116317
2021-03-22,-21.742686072828697,-21.925686,0.0625224075708803,0.06252239,0.18299980973966257
2021-03-23,-21.72888581480903,-21.925686,0.0625224089509061,0.06252239,0.19680006775933023
2021-03-24,-21.691308082910645,-21.45042,0.0625224127086793,0.06252243,-0.24088770327197295
2021-03-25,-21.62944359784813,-21.45042,0.0625224188951278,0.06252243,-0.17902321820945843
2021-03-26,-21.595798495865903,-21.45042,0.062522422259638,0.06252243,-0.1453781162272314
2021-03-27,-21.552977449851298,-21.45042,0.0625224265417426,0.06252243,-0.10255707021262594
2021-03-28,-21.502473608880912,-21.45042,0.0625224315921267,0.06252243,-0.05205322924224021
2021-03-29,-21.469265372858757,-21.45042,0.0625224349129503,0.06252243,-0.01884499322008537
2021-03-30,-21.418142405887906,-21.417715,0.062522440025247,0.06252244,-0.00042733325607002826
2021-03-31,-21.409148568823923,-21.417715,0.0625224409246307,0.06252244,0.008566503807912795
2021-04-01,-21.365890549851496,-21.417715,0.0625224452504326,0.06252244,0.05182452278033978
2021-04-02,-21.333738675910485,-21.417715,0.06252244846562,0.06252244,0.08397639672135071
2021-04-03,-21.305082249928333,-21.417715,0.0625224513312626,0.06252244,0.11263282270350317
2021-04-04,-21.291099705916807,-21.165136,0.062522452729517,0.06252246,-0.12596336863653335
2021-04-05,-21.23116565388994,-21.165136,0.0625224587229222,0.06252246,-0.06602931660966505
2021-04-06,-21.234224172883565,-21.165136,0.0625224584170703,0.06252246,-0.06908783560329113
2021-04-07,-21.202326967867393,-21.165136,0.0625224616067908,0.06252246,-0.037190630587119244
2021-04-08,-21.14683487486335,-21.165136,0.0625224671560001,0.06252246,0.018301462416921765
2021-04-09,-21.111442181920292,-21.165136,0.0625224706952694,0.06252246,0.05369415535998101
2021-04-10,-21.069312987898048,-20.957144,0.0625224749081888,0.062522486,-0.11216920432871191
2021-04-11,-21.050961247909285,-20.957144,0.0625224767433628,0.062522486,-0.0938174643399492
2021-04-12,-21.004645058830818,-20.957144,0.0625224813749817,0.062522486,-0.047501275261481624
2021-04-13,-20.988914937875023,-20.957144,0.0625224829479938,0.062522486,-0.03177115430568733
2021-04-14,-20.939977269929244,-20.957144,0.0625224878417606,0.062522486,0.017166513640091807
2021-04-15,-20.89864996682178,-20.957144,0.0625224919744909,0.062522486,0.05849381674755705
2021-04-16,-20.879169897874974,-20.957144,0.0625224939224978,0.062522486,0.07797388569436237
2021-04-17,-20.860381212822745,-20.674963,0.0625224958013663,0.062522516,-0.18541821538622116
2021-04-18,-20.81406553888776,-20.674963,0.0625225004329337,0.062522516,-0.13910254145123702
2021-04-19,-20.746521532805097,-20.674963,0.0625225071873343,0.062522516,-0.07155853536857393
2021-04-20,-20.698894789838995,-20.674963,0.0625225119500086,0.062522516,-0.023931792402471785
2021-04-21,-20.689027535880644,-20.674963,0.062522512936734,0.062522516,-0.0140645384441207
2021-04-22,-20.636594493805838,-20.61353,0.0625225181800382,0.062522516,-0.023065288483572033
2021-04-23,-20.608630182800127,-20.61353,0.0625225209764693,0.062522516,0.004899022522138807
2021-04-24,-20.5378456959171,-20.61353,0.062522528054918,0.062522516,0.07568350940516666
2021-04-25,-20.488471168811362,-20.61353,0.0625225329923707,0.062522516,0.12505803651090375
2021-04-26,-20.46775251091093,-20.61353,0.0625225350642365,0.062522516,0.14577669441133523
2021-04-27,-20.420562905909545,-20.208551,0.062522539783197,0.06252256,-0.21201149904919347
2021-04-28,-20.382112231875915,-20.208551,0.0625225436282644,0.06252256,-0.17356082501556358
2021-04-29,-20.32531003684501,-20.208551,0.0625225493084839,0.06252256,-0.11675862998465902
2021-04-30,-20.28292700184675,-20.208551,0.0625225535467874,0.06252256,-0.07437559498639956
2021-05-01,-20.25733010280195,-20.208551,0.0625225561064773,0.06252256,-0.04877869594159989
2021-05-02,-20.22019026284849,-20.208551,0.0625225598204613,0.06252256,-0.01163885598813863
2021-05-03,-20.201402023828365,-20.065794,0.0625225616992852,0.062522575,-0.13560803273949773
2021-05-04,-20.169251154916743,-20.065794,0.0625225649143721,0.062522575,-0.10345716382787629
2021-05-05,-20.133859116866493,-20.065794,0.0625225684535759,0.062522575,-0.06806512577762547
2021-05-06,-20.0805526448522,-20.065794,0.0625225737842231,0.062522575,-0.01475865376333374
2021-05-07,-20.072251071812097,-20.065794,0.0625225746143804,0.062522575,-0.006457080723230035
2021-05-08,-20.029685781908224,-20.065794,0.0625225788709094,0.062522575,0.03610820918064306
2021-05-09,-20.008967484830276,-20.065794,0.0625225809427391,0.062522575,0.056826506258591536
2021-05-10,-19.955915625813336,-20.065794,0.062522586247925,0.062522575,0.10987836527553085
2021-05-11,-19.937564392918937,-19.886066,0.0625225880830483,0.06252259,-0.05149795615135844
2021-05-12,-19.910911296799895,-19.886066,0.0625225907483579,0.06252259,-0.02484486003231723
2021-05-13,-19.83120595391852,-19.886066,0.0625225987188922,0.06252259,0.0548604828490582
2021-05-14,-19.82920388679532,-19.886066,0.0625225989190989,0.06252259,0.05686254997225859
2021-05-15,-19.807357197892948,-19.886066,0.0625226011037678,0.06252259,0.07870923887463022
2021-05-16,-19.73238615379791,-19.522856,0.0625226086008722,0.06252263,-0.2095303951309191
2021-05-17,-19.71946068587971,-19.522856,0.062522609893419,0.06252263,-0.19660492721271794
2021-05-18,-19.68887509085082,-19.522856,0.0625226129519785,0.06252263,-0.16601933218382925
2021-05-19,-19.593622146846236,-19.522856,0.0625226224772729,0.06252263,-0.07076638817924419
2021-05-20,-19.575525454923472,-19.522856,0.0625226242869421,0.06252263,-0.05266969625647988
2021-05-21,-19.541007337808836,-19.522856,0.0625226277387538,0.06252263,-0.0181515791418434
2021-05-22,-19.496002682806157,-19.522856,0.0625226322392193,0.06252263,0.026853075860834963
2021-05-23,-19.475903560856047,-19.522856,0.0625226342491315,0.06252263,0.046952197810945506
2021-05-24,-19.430279524917935,-19.416769,0.0625226388115351,0.062522635,-0.013510497207974481
2021-05-25,-19.37810155186459,-19.416769,0.0625226440293324,0.062522635,0.03866747584537222
2021-05-26,-19.34358343586018,-19.416769,0.062522647481144,0.062522635,0.07318559184978213
2021-05-27,-19.32697993686783,-19.416769,0.0625226491414939,0.062522635,0.08978909084213171
2021-05-28,-19.27498408091366,-19.416769,0.0625226543410795,0.062522635,0.1417849467962995
2021-05-29,-19.248330967863716,-19.416769,0.0625226570063908,0.062522635,0.16843805984624538
2021-05-30,-19.21774526986164,-19.416769,0.0625226600649606,0.062522635,0.1990237578483196
2021-05-31,-19.187159531891538,-19.097445,0.0625226631235344,0.06252267,-0.08971499758978041
2021-06-01,-19.182972656878185,-19.097445,0.0625226635422219,0.06252267,-0.08552812257642728
2021-06-02,-19.12617034680042,-19.097445,0.0625226692224529,0.06252267,-0.028725812498663572
2021-06-03,-19.085097921894835,-19.097445,0.0625226733296954,0.06252267,0.012346612406922475
2021-06-04,-19.039656082853185,-19.097445,0.0625226778738793,0.06252267,0.05778845144857314
2021-06-05,-19.007577012897237,-19.097445,0.0625226810817863,0.06252267,0.08986752140452126
2021-06-06,-18.990973214838558,-19.097445,0.0625226827421661,0.06252267,0.10647131946319988
2021-06-07,-18.970254704875344,-19.097445,0.0625226848140171,0.06252267,0.12718982942641333
2021-06-08,-18.906278729802217,-18.716373,0.0625226912116146,0.06252271,-0.18990528619870162
2021-06-09,-18.879625290901814,-18.716373,0.0625226938769585,0.06252271,-0.163251847298298
2021-06-10,-18.853663329848615,-18.716373,0.0625226964731546,0.06252271,-0.13728988624509952
2021-06-11,-18.806218831796116,-18.716373,0.0625227012176044,0.06252271,-0.08984538819260024
2021-06-12,-18.797043021823168,-18.716373,0.0625227021351854,0.06252271,-0.08066957821965204
2021-06-13,-18.788304131794888,-18.716373,0.0625227030090744,0.06252271,-0.07193068819137238
2021-06-14,-18.7321206528146,-18.669134,0.0625227086274223,0.06252271,-0.06298651279995227
2021-06-15,-18.701971423867867,-18.669134,0.0625227116423452,0.06252271,-0.032837283853218935
2021-06-16,-18.659150770872213,-18.669134,0.0625227159244105,0.06252271,0.009983369142435805
2021-06-17,-18.635301127917224,-18.669134,0.0625227183093748,0.06252271,0.03383301209742484
2021-06-18,-18.60933891290051,-18.669134,0.0625227209055963,0.06252271,0.059795227114140204
2021-06-19,-18.548603384904716,-18.669134,0.0625227269791491,0.06252271,0.12053075510993239
2021-06-20,-18.520638743885208,-18.419893,0.0625227297756132,0.06252274,-0.10074547911469978
2021-06-21,-18.472392231821956,-18.419893,0.0625227346002644,0.06252274,-0.05249896705144863
2021-06-22,-18.436562496809692,-18.419893,0.0625227381832379,0.06252274,-0.01666923203918458
2021-06-23,-18.389626777887138,-18.419893,0.0625227428768098,0.06252274,0.03026648688337019
2021-06-24,-18.362718263859044,-18.419893,0.0625227455676612,0.06252274,0.05717500091146377
2021-06-25,-18.362281175854367,-18.419893,0.06252274561137,0.06252274,0.05761208891614089
2021-06-26,-18.32382954689016,-18.258728,0.0625227494565329,0.062522754,-0.06510151954640975
2021-06-27,-18.280571597861783,-18.258728,0.0625227537823278,0.062522754,-0.021843570518033317
2021-06-28,-18.28625151092944,-18.258728,0.0625227532143365,0.062522754,-0.027523483585689235
2021-06-29,-18.268518785918843,-18.258728,0.062522754987609,0.062522754,-0.00979075857509315
2021-06-30,-18.214082453810178,-18.258728,0.0625227604312422,0.062522754,0.04464557353357179
2021-07-01,-18.179308788890403,-18.258728,0.0625227639086087,0.062522754,0.07941923845334742
2021-07-02,-18.14741126385244,-18.050581,0.0625227670983612,0.06252278,-0.09683028545888561
2021-07-03,-18.129933225807804,-18.050581,0.062522768846165,0.06252278,-0.07935224741424918
2021-07-04,-18.082305680844346,-18.050581,0.0625227736089195,0.06252278,-0.0317247024507914
2021-07-05,-18.0318739288754,-18.050581,0.0625227786520947,0.06252278,0.018707049518155827
2021-07-06,-17.976635929839446,-18.050581,0.0625227841758946,0.06252278,0.07394504855410844
2021-07-07,-17.942116492808413,-18.050581,0.0625227876278383,0.06252278,0.10846448558514155
2021-07-08,-17.935125193879742,-17.911371,0.0625227883269682,0.06252279,-0.023753962800640238
2021-07-09,-17.886878071887715,-17.911371,0.0625227931516804,0.06252279,0.024493159191386837
2021-07-10,-17.865212559864396,-17.911371,0.0625227953182316,0.06252279,0.046158671214705294
2021-07-11,-17.835499702828493,-17.911371,0.0625227982895173,0.06252279,0.07587152825060883
2021-07-12,-17.835244653929827,-17.911371,0.0625227983150222,0.06252279,0.07612657714927451
2021-07-13,-17.80221854583153,-17.911371,0.062522801617633,0.06252279,0.10915268524757238
2021-07-14,-17.800652585830967,-17.911371,0.062522801774229,0.06252279,0.11071864524813435
2021-07-15,-17.78273725383528,-17.911371,0.0625228035657622,0.06252279,0.12863397724382253
2021-07-16,-17.73554648087927,-17.911371,0.0625228082848395,0.06252279,0.1758247501998298
2021-07-17,-17.72287465381939,-17.602383,0.0625228095520222,0.06252282,-0.1204919939072795
2021-07-18,-17.688355276879175,-17.602383,0.0625228130039599,0.06252282,-0.08597261696706582
2021-07-19,-17.635484402811485,-17.602383,0.0625228182910473,0.06252282,-0.03310174289937606
2021-07-20,-17.596595742880304,-17.602383,0.0625228221799133,0.06252282,0.005786917031805672
2021-07-21,-17.54984199089926,-17.602383,0.0625228268552885,0.06252282,0.05254066901284915
2021-07-22,-17.49784501292595,-17.416044,0.0625228320549863,0.062522836,-0.08180077769645777
2021-07-23,-17.482551609854234,-17.416044,0.0625228335843266,0.062522836,-0.06650737462474154
2021-07-24,-17.432047669796447,-17.416044,0.0625228386347206,0.062522836,-0.01600343456695441
2021-07-25,-17.406267524833208,-17.416044,0.0625228412127351,0.062522836,0.009776710396284471
2021-07-26,-17.376300216892517,-17.416044,0.0625228442094659,0.062522836,0.03974401833697527
2021-07-27,-17.36162598880986,-17.416044,0.0625228456768887,0.062522836,0.05441824641963322
2021-07-28,-17.356819273922632,-17.416044,0.0625228461575602,0.062522836,0.05922496130686028
2021-07-29,-17.311995870877837,-17.416044,0.0625228506399005,0.062522836,0.10404836435165521
2021-07-30,-17.295573950804055,-17.22237,0.0625228522820925,0.06252286,-0.073203803098977
2021-07-31,-17.263421985824756,-17.22237,0.062522855497289,0.06252286,-0.04105183811967805
2021-08-01,-17.22497055281491,-17.22237,0.0625228593424323,0.06252286,-0.002600405109831172
2021-08-02,-17.215357569905223,-17.22237,0.0625228603037306,0.06252286,0.007012577799855535
2021-08-03,-17.178216851904125,-17.22237,0.0625228640178024,0.06252286,0.044153295800953174
2021-08-04,-17.112929351914552,-17.22237,0.0625228705465524,0.06252286,0.10944079579052612
2021-08-05,-17.075788789899793,-17.22237,0.0625228742606086,0.06252286,0.14658135780528525
2021-08-06,-17.05201111493193,-16.98505,0.0625228766383761,0.06252288,-0.06696091351591349
2021-08-07,-17.010246691900875,-16.98505,0.0625228808148184,0.06252288,-0.02519649048485917
2021-08-08,-16.98009737885475,-16.98505,0.0625228838297497,0.06252288,0.004952822561264725
2021-08-09,-16.958869307887035,-16.98505,0.0625228859525568,0.06252288,0.026180893528980675
2021-08-10,-16.932835041894023,-16.98505,0.0625228885559834,0.06252288,0.052215159521992405
2021-08-11,-16.903122790901115,-16.98505,0.0625228915272085,0.06252288,0.0819274105149006
2021-08-12,-16.891070685892686,-16.98505,0.062522892732419,0.06252288,0.09397951552332984
2021-08-13,-16.87159057892074,-16.826313,0.0625228946804297,0.062522896,-0.0452775601219102
2021-08-14,-16.860666918888654,-16.826313,0.0625228957727957,0.062522896,-0.034353900089826084
2021-08-15,-16.838382890793646,-16.826313,0.0625228980011985,0.062522896,-0.012069871994818016
2021-08-16,-16.79731012990682,-16.826313,0.0625229021084746,0.062522896,0.029002888892009082
2021-08-17,-16.75317896993045,-16.826313,0.0625229065215906,0.062522896,0.07313404886837915
2021-08-18,-16.71997123392499,-16.826313,0.0625229098423642,0.062522896,0.1063417848738375
2021-08-19,-16.685452734893637,-16.826313,0.0625229132942141,0.062522896,0.1408602839051909
2021-08-20,-16.669031387833712,-16.57242,0.0625229149363488,0.062522925,-0.09661126759445438
2021-08-21,-16.614413743815113,-16.57242,0.0625229203981132,0.062522925,-0.041993623575855565
2021-08-22,-16.571593367820103,-16.57242,0.0625229246801508,0.062522925,0.0008267524191545306
2021-08-23,-16.540753179916656,-16.57242,0.0625229277641696,0.062522925,0.03166694032260153
2021-08-24,-16.534199171885923,-16.57242,0.0625229284195704,0.062522925,0.03822094835333445
2021-08-25,-16.489813728925995,-16.57242,0.0625229328581147,0.062522925,0.08260639131326286
2021-08-26,-16.47863607193156,-16.57242,0.0625229339758804,0.062522925,0.09378404830769682
2021-08-27,-16.46134117280762,-16.57242,0.0625229357053703,0.062522925,0.11107894743163627
2021-08-28,-16.408471240902944,-16.388252,0.0625229409923635,0.06252294,-0.020218982602163038
2021-08-29,-16.35734921581755,-16.388252,0.062522946104566,0.06252294,0.030903042483231502
2021-08-30,-16.336813084827373,-16.388252,0.0625229481581791,0.06252294,0.05143917347340832
2021-08-31,-16.335502809883273,-16.388252,0.0625229482892066,0.06252294,0.05274944841750795
2021-09-01,-16.276333457826418,-16.388252,0.0625229542061418,0.06252294,0.11191880047436342
2021-09-02,-16.231328798799183,-16.388252,0.0625229587066077,0.06252294,0.15692345950159847
2021-09-03,-16.208171151887996,-16.145254,0.0625229610223724,0.06252296,-0.06291701675615968
2021-09-04,-16.145251770793845,-16.145254,0.0625229673143105,0.06252296,2.364337991167531e-06
2021-09-05,-16.10286877187783,-16.145254,0.0625229715526104,0.06252296,0.04238536325400588
2021-09-06,-16.084517397846334,-16.145254,0.0625229733877478,0.06252296,0.06073673728550233
2021-09-07,-16.03576290587494,-16.145254,0.062522978263197,0.06252296,0.10949122925689636
2021-09-08,-15.99206906080508,-16.145254,0.0625229826325815,0.06252296,0.1531850743267551
2021-09-09,-15.966035618875107,-16.145254,0.0625229852359257,0.06252296,0.17921851625672858
2021-09-10,-15.958171053903625,-15.924859,0.0625229860223822,0.062522985,-0.033312006967589625
2021-09-11,-15.917098929868478,-15.924859,0.0625229901295946,0.062522985,0.007760117067556749
2021-09-12,-15.896125977882258,-15.924859,0.0625229922268898,0.062522985,0.028733069053776816
2021-09-13,-15.867725456919501,-15.924859,0.0625229950669419,0.062522985,0.05713359001653373
2021-09-14,-15.826216325925957,-15.924859,0.062522999217855,0.062522985,0.0986427210100782
2021-09-15,-15.788020407830894,-15.924859,0.0625230030374468,0.062522985,0.13683863910514127
2021-09-16,-15.74563741682522,-15.666603,0.0625230072757459,0.062523015,-0.07903432844631375
2021-09-17,-15.72859684093042,-15.666603,0.0625230089798035,0.062523015,-0.06199375255151374
2021-09-18,-15.678603330904206,-15.666603,0.0625230139791545,0.062523015,-0.012000242525299853
2021-09-19,-15.644085451793632,-15.666603,0.0625230174309424,0.062523015,0.022517636585273948
2021-09-20,-15.595148237929068,-15.666603,0.0625230223246638,0.062523015,0.07145485044983779
2021-09-21,-15.553639219900717,-15.666603,0.0625230264755656,0.062523015,0.11296386847818951
2021-09-22,-15.514934180865803,-15.666603,0.0625230303460695,0.062523015,0.1516689075131037
2021-09-23,-15.495708959867294,-15.666603,0.0625230322685916,0.062523015,0.17089412851161256
2021-09-24,-15.442839532836539,-15.42031,0.0625230375555343,0.06252304,-0.022529512389761308
2021-09-25,-15.420992613840445,-15.42031,0.0625230397402262,0.06252304,-0.0006825933936678297
2021-09-26,-15.390152471872476,-15.42031,0.0625230428242404,0.06252304,0.03015754857430153
2021-09-27,-15.365064557903985,-15.42031,0.0625230453330318,0.06252304,0.05524546254279272
2021-09-28,-15.3086993828766,-15.42031,0.0625230509695493,0.06252304,0.11161063757017686
2021-09-29,-15.259142618906374,-15.42031,0.0625230559252257,0.06252304,0.16116740154040343
2021-09-30,-15.213518335804865,-15.42031,0.062523060487654,0.06252304,0.206791684641912
2021-10-01,-15.151472633895269,-15.42031,0.0625230666922242,0.06252304,0.2688373865515086
2021-10-02,-15.129006242925458,-14.989265,0.0625230689388633,0.06252308,-0.13974080103092668
2021-10-03,-15.077447069883343,-14.989265,0.0625230740947806,0.06252308,-0.08818162798881168
2021-10-04,-15.005606141815786,-14.989265,0.0625230812788734,0.06252308,-0.016340699921254753
2021-10-05,-14.95404696683078,-14.989265,0.0625230864347909,0.06252308,0.03521847506375053
2021-10-06,-14.937625708866253,-14.989265,0.0625230880769167,0.06252308,0.051639733028277846
2021-10-07,-14.88606649585611,-14.989265,0.062523093232838,0.06252308,0.10319894603842172
2021-10-08,-14.835818137881596,-14.989265,0.0625230982576738,0.06252308,0.1534473040129356
2021-10-09,-14.803738882795958,-14.989265,0.0625231014655993,0.06252308,0.18552655909857307
2021-10-10,-14.727091300903439,-14.989265,0.0625231091303575,0.06252308,0.2621741409910925
2021-10-11,-14.685144780895998,-14.989265,0.0625231133250095,0.06252308,0.3041206609985334
2021-10-12,-14.644763506876934,-14.624703,0.0625231173631369,0.06252312,-0.020060099589336744
2021-10-13,-14.61049943585202,-14.624703,0.062523120789544,0.06252312,0.0142039714355775
2021-10-14,-14.590399995823011,-14.624703,0.062523122799488,0.06252312,0.034303411464586375
2021-10-15,-14.525549769800472,-14.624703,0.0625231292845106,0.06252312,0.09915363748712558
2021-10-16,-14.492596469850572,-14.624703,0.0625231325798406,0.06252312,0.13210693743702606
2021-10-17,-14.408957557804358,-14.624703,0.0625231409437318,0.06252312,0.21574584948323938
2021-10-18,-14.35783494582732,-14.624703,0.062523146055993,0.06252312,0.26686846146027854
2021-10-19,-14.3490959889081,-14.624703,0.0625231469298887,0.06252312,0.2756074183794972
2021-10-20,-14.291673693794804,-14.624703,0.0625231526721182,0.06252312,0.33302971349279353
2021-10-21,-14.237309930859032,-14.624703,0.0625231581084945,0.06252312,0.38739347642856536
2021-10-22,-14.19623689880023,-14.239659,0.0625231622157977,0.06252316,0.04342241058697738
2021-10-23,-14.167835342832058,-14.239659,0.0625231650559533,0.06252316,0.071823966555149
2021-10-24,-14.121955826812416,-14.239659,0.0625231696439049,0.06252316,0.11770348257479135
2021-10-25,-14.097923673878077,-14.239659,0.0625231720471202,0.06252316,0.14173563550913038
2021-10-26,-14.023460310902403,-14.239659,0.0625231794934565,0.06252316,0.2161989984848045
2021-10-27,-13.981076356917033,-14.239659,0.0625231837318519,0.06252316,0.2585829524701744
2021-10-28,-13.919284417851507,-14.239659,0.0625231899110458,0.06252316,0.32037489153569965
2021-10-29,-13.886767875892492,-14.239659,0.0625231931627,0.06252316,0.3528914334947153
2021-10-30,-13.794826673879657,-13.890998,0.0625232023568202,0.06252319,0.09617121277805829
2021-10-31,-13.7400258298781,-13.890998,0.0625232078369046,0.06252319,0.15097205677961512
2021-11-01,-13.662940625824849,-13.890998,0.062523215545425,0.06252319,0.22805726083286615
2021-11-02,-13.5707448958855,-13.890998,0.062523224764998,0.06252319,0.3202529907722145
2021-11-03,-13.500650981879136,-13.890998,0.0625232317743894,0.06252319,0.39034690477857836
2021-11-04,-13.463947275832444,-13.890998,0.06252323544476,0.06252319,0.42705061082527074
2021-11-05,-13.388792221846746,-13.890998,0.0625232429602654,0.06252319,0.502205664810969
2021-11-06,-13.34141936384925,-13.890998,0.0625232476975512,0.06252319,0.5495785228084653
2021-11-07,-13.268703605850973,-13.890998,0.062523254969127,0.06252319,0.6222942808067415
2021-11-08,-13.201668108836495,-13.614463,0.0625232616726767,0.062523216,0.41279474364153224
2021-11-09,-13.14774101285332,-13.614463,0.0625232670653863,0.062523216,0.46672183962470726
2021-11-10,-13.123708762913244,-13.614463,0.0625232694686113,0.062523216,0.49075408956478306
2021-11-11,-13.05954949792909,-13.614463,0.0625232758845378,0.062523216,0.5549133545489369
2021-11-12,-13.012176598853342,-13.614463,0.0625232806218277,0.062523216,0.6022862536246851
2021-11-13,-12.968299199916933,-13.614463,0.0625232850095676,0.062523216,0.6461636525610945
2021-11-14,-12.928536668871393,-13.614463,0.0625232889858207,0.062523216,0.6859261836066342
2021-11-15,-12.880726906888684,-13.614463,0.0625232937667969,0.062523216,0.7337359455893431
2021-11-16,-12.861937922908906,-13.614463,0.0625232956456953,0.062523216,0.7525249295691214
2021-11-17,-12.803641341874172,-9.66136,0.0625233014753534,0.06252361,-3.1422815548868677
2021-11-18,-12.74796650685417,-9.66136,0.0625233070428369,0.06252361,-3.0866067198668645
2021-11-19,-12.712828112854124,-9.66136,0.0625233105566763,0.06252361,-3.0514683258668196
2021-11-20,-12.700156302863919,-9.66136,0.0625233118238573,0.06252361,-3.038796515876614
2021-11-21,-23.797998273816788,-23.5649,0.0625222020396602,0.062522225,-0.23309882923670955
2021-11-22,-23.74818599687467,-23.389925,0.0625222070208879,0.06252224,-0.3582609938229133
2021-11-23,-23.72240584483376,-23.389925,0.0625222095989031,0.06252224,-0.3324808417820009
2021-11-24,-23.674596050932138,-23.5649,0.0625222143798825,0.062522225,-0.10969660635205969
2021-11-25,-23.62809717090797,-23.505335,0.0625222190297705,0.06252223,-0.12276231678199423
2021-11-26,-23.564739598802564,-23.505335,0.0625222253655277,0.06252223,-0.05940474467658774
2021-11-27,-23.517366863901046,-23.505335,0.0625222301028012,0.06252223,-0.012032009775069241
2021-11-28,-23.469302552897588,-23.505335,0.0625222349092323,0.06252223,0.03603230122838852
2021-11-29,-23.44465112685823,-23.505335,0.0625222373743749,0.06252223,0.0606837272677474
2021-11-30,-23.37779808181395,-23.308157,0.0625222440596794,0.06252225,-0.06964111465086376
2021-12-01,-23.302024145799294,-23.308157,0.062522251637073,0.06252225,0.006132821363792118
2021-12-02,-23.256144585925842,-23.308157,0.062522256225029,0.06252225,0.05201238123724394
2021-12-03,-23.21550842579456,-23.308157,0.062522260288645,0.06252225,0.09264854136852563
2021-12-04,-23.178804810924937,-23.308157,0.0625222639590065,0.06252225,0.12935215623814855
2021-12-05,-23.144977661926358,-23.308157,0.0625222673417214,0.06252225,0.16317930523672786
2021-12-06,-23.099098138829042,-23.308157,0.0625222719296737,0.06252225,0.20905882833404377
2021-12-07,-23.031189365918525,-22.763834,0.062522278720551,0.0625223,-0.2673553662847361
2021-12-08,-22.99736229782745,-22.763834,0.0625222821032578,0.0625223,-0.2335282981936615
2021-12-09,-22.940376938895835,-22.763834,0.0625222878017937,0.0625223,-0.17654293926204545
2021-12-10,-22.91503424983743,-22.763834,0.0625222903360626,0.0625223,-0.15120025020364025
2021-12-11,-22.901743657877116,-22.763834,0.0625222916651218,0.0625223,-0.13790965824332702
2021-12-12,-22.842756096930206,-22.763834,0.0625222975638779,0.0625223,-0.07892209729641664
2021-12-13,-22.792762310874792,-22.763834,0.0625223025632565,0.0625223,-0.028928311241003257
2021-12-14,-22.75649593791451,-22.763834,0.0625223061898938,0.0625223,0.007338061719277533
2021-12-15,-22.74120283085601,-22.763834,0.0625223077192045,0.0625223,0.022631168777778043
2021-12-16,-22.6645555048699,-22.717098,0.0625223153839371,0.06252231,0.05254273121408559
2021-12-17,-22.608189799849796,-22.717098,0.0625223210205076,0.06252231,0.10890843623418789
2021-12-18,-22.592896786882697,-22.717098,0.0625223225498089,0.06252231,0.12420144920128706
2021-12-19,-22.529976889812396,-22.717098,0.0625223288417986,0.06252231,0.1871213462715886
2021-12-20,-22.380542296918104,-22.316647,0.0625223437852579,0.062522344,-0.06389572099037011
2021-12-21,-22.353451942930256,-22.316647,0.0625223464942933,0.062522344,-0.036805367002521905
2021-12-22,-22.26518937387123,-22.316647,0.0625223553205502,0.062522344,0.05145720205650406
2021-12-23,-22.230670937845034,-21.994572,0.0625223587723938,0.06252238,-0.23609925205401794
2021-12-24,-22.10788999784663,-21.994572,0.0625223710504878,0.06252238,-0.11331831205561471
2021-12-25,-22.025307771927906,-21.994572,0.0625223793087104,0.06252238,-0.030736086136890606
2021-12-26,-21.98641988679362,-21.925686,0.0625223831974989,0.06252239,-0.06073400422526021
2021-12-27,-21.886797107878444,-21.925686,0.0625223931597768,0.06252239,0.038888774689915806
2021-12-28,-21.784115578904473,-21.925686,0.0625224034279297,0.06252239,0.14157030366388668
2021-12-29,-21.711146316882868,-21.925686,0.0625224107248559,0.06252239,0.2145395656854916
2021-12-30,-21.660898230912995,-21.45042,0.0625224157496645,0.06252243,-0.21047785127432306
2021-12-31,-21.6348639428543,-21.45042,0.0625224183530933,0.06252243,-0.18444356321562694
2022-01-01,-21.557088465823384,-21.45042,0.062522426130641,0.06252243,-0.1066680861847118
2022-01-02,-21.502034052850448,-21.45042,0.0625224316360823,0.06252243,-0.05161367321177579
2022-01-03,-21.460961754926622,-21.417715,0.0625224357433121,0.06252244,-0.0432466822947859
2022-01-04,-21.41552012488446,-21.417715,0.0625224402874751,0.06252244,0.0021949477473768297
2022-01-05,-21.391488511796062,-21.417715,0.0625224426906364,0.06252244,0.026226560835773682
2022-01-06,-21.35085331381181,-21.417715,0.0625224467541562,0.06252244,0.06686175882002487
2022-01-07,-21.302790121913162,-21.417715,0.0625224515604754,0.06252244,0.11492495071867381
2022-01-08,-21.24424031982319,-21.165136,0.0625224574154556,0.06252246,-0.07910398254291806
2022-01-09,-21.202731190911315,-21.165136,0.0625224615663685,0.06252246,-0.03759485363104176
2022-01-10,-21.180884216820406,-21.165136,0.0625224637510659,0.06252246,-0.01574787954013246
2022-01-11,-21.104601997806725,-21.165136,0.0625224713792878,0.06252246,0.06053433947354847
2022-01-12,-21.0661515288868,-20.957144,0.0625224752243347,0.062522486,-0.10900774531746293
2022-01-13,-20.999299648882808,-20.957144,0.0625224819095227,0.062522486,-0.04215586531347171
2022-01-14,-20.927823592836738,-20.957144,0.0625224890571283,0.062522486,0.02932019073259795
2022-01-15,-20.84655260192747,-20.674963,0.0625224971842274,0.062522516,-0.17158960449094707
2022-01-16,-20.814219059833718,-20.674963,0.0625225004175816,0.062522516,-0.13925606239719457
2022-01-17,-20.726394014819462,-20.674963,0.0625225092000861,0.062522516,-0.05143101738293865
2022-01-18,-20.65753965579953,-20.674963,0.062522516085522,0.062522516,0.017423341636995104
2022-01-19,-20.579764150874258,-20.61353,0.0625225238630725,0.062522516,0.0337650544480077
2022-01-20,-20.545865178911438,-20.61353,0.0625225272529697,0.062522516,0.06766402641082792
2022-01-21,-20.51833806290815,-20.61353,0.0625225300056813,0.062522516,0.09519114241411586
2022-01-22,-20.435501586896223,-20.61353,0.0625225382893289,0.062522516,0.17802761842604298
2022-01-23,-20.38849425886613,-20.208551,0.0625225429900617,0.06252256,-0.1799428520057802
2022-01-24,-20.328196490837502,-20.208551,0.0625225490198385,0.06252256,-0.11964508397715079
2022-01-25,-20.296482026865846,-20.208551,0.0625225521912849,0.06252256,-0.08793062000549412
2022-01-26,-20.204032660925407,-20.208551,0.0625225614362215,0.06252256,0.0045187459349449455
2022-01-27,-20.14085850279845,-20.065794,0.0625225677536373,0.062522575,-0.07506451170958428
2022-01-28,-20.079868902900255,-20.065794,0.0625225738525973,0.062522575,-0.014074911811388091
2022-01-29,-20.05452637190985,-20.065794,0.0625225763868504,0.062522575,0.011267619179015753
2022-01-30,-19.92886914783942,-19.886066,0.0625225889525728,0.06252259,-0.04280271107184319
2022-01-31,-19.809328978825924,-19.886066,0.0625226009065897,0.06252259,0.07673745794165399
2022-02-01,-19.760136855812014,-19.886066,0.062522605825802,0.06252259,0.12592958095556384
2022-02-02,-19.77106064893208,-19.886066,0.0625226047334227,0.06252259,0.11500578783549642
2022-02-03,-19.66488354682161,-19.522856,0.0625226153511329,0.06252263,-0.1420277881546177
2022-02-04,-19.558888531834295,-19.522856,0.0625226259506344,0.06252263,-0.036032773167303134
2022-02-05,-19.47062598692262,-19.522856,0.0625226347768889,0.06252263,0.052229771744372044
2022-02-06,-19.396527886905712,-19.416769,0.0625226421866989,0.062522635,0.02024114080424866
2022-02-07,-19.36044386391389,-19.416769,0.0625226457951012,0.062522635,0.05632516379607111
2022-02-08,-19.2465838008693,-19.416769,0.0625226571811075,0.062522635,0.17018522684066184
2022-02-09,-19.147579798928227,-19.097445,0.0625226670815077,0.06252267,-0.05013526462646922
2022-02-10,-19.076977154919295,-19.097445,0.0625226741417721,0.06252267,0.020467379382463236
2022-02-11,-18.966612535809002,-18.716373,0.062522685178234,0.06252271,-0.25023909220548646
2022-02-12,-18.914179204798653,-18.716373,0.0625226904215671,0.06252271,-0.19780576119513782
2022-02-13,-18.79900814488744,-18.716373,0.0625227019386731,0.06252271,-0.0826347012839257
2022-02-14,-18.72359899582343,-18.669134,0.062522709479588,0.06252271,-0.054464855808781465
2022-02-15,-18.65193999681103,-18.669134,0.0625227166454879,0.06252271,0.017194143203617784
2022-02-16,-18.6149819499104,-18.669134,0.0625227203412926,0.06252271,0.05415219010424721
2022-02-17,-18.501995458913846,-18.419893,0.0625227316399417,0.06252274,-0.08210219414333864
2022-02-18,-18.44912499382456,-18.419893,0.0625227369269882,0.06252274,-0.0292317290540538
2022-02-19,-18.37153098385724,-18.419893,0.0625227446863892,0.06252274,0.048362280913266886
2022-02-20,-18.361226484797655,-18.258728,0.0625227457168391,0.062522754,-0.10249845745390473
2022-02-21,-18.269213132859896,-18.258728,0.0625227549181743,0.062522754,-0.01048510551614612
2022-02-22,-18.19118210080739,-18.258728,0.0625227627212775,0.062522754,0.06754592653636138
2022-02-23,-18.147669660906196,-18.050581,0.0625227670725215,0.06252278,-0.09708868251264136
2022-02-24,-18.11770268991819,-18.050581,0.0625227700692186,0.06252278,-0.06712171152463497
2022-02-25,-18.01520258290501,-18.050581,0.0625227803192293,0.06252278,0.035378395488542935
2022-02-26,-17.94634727089739,-18.050581,0.0625227872047605,0.06252278,0.10423370749616367
2022-02-27,-17.84253635991884,-17.911371,0.0625227975858516,0.06252279,0.06883487116026288
2022-02-28,-17.775865810837345,-17.911371,0.0625228042529065,0.06252279,0.13550542024175627
2022-03-01,-17.724488344805778,-17.602383,0.0625228093906531,0.06252282,-0.12210568489366835
2022-03-02,-17.69128018691557,-17.602383,0.0625228127114689,0.06252282,-0.08889752700346065
2022-03-03,-17.597081812814608,-17.602383,0.0625228221313063,0.06252282,0.00530084709750156
2022-03-04,-17.50881855583364,-17.602383,0.062522830957632,0.06252282,0.09356410407847093
2022-03-05,-17.462247551836008,-17.416044,0.0625228356147324,0.062522836,-0.04620331660651544
2022-03-06,-17.34882371887125,-17.416044,0.0625228469571157,0.062522836,0.06722051635824045
2022-03-07,-17.312302278832405,-17.416044,0.0625228506092597,0.062522836,0.10374195639708716
2022-03-08,-17.223347376915665,-17.22237,0.0625228595047499,0.06252286,-0.0009772292105871827
2022-03-09,-17.12459710992431,-17.22237,0.0625228693797766,0.06252286,0.09777303778076885
2022-03-10,-17.044563593859863,-16.98505,0.0625228773831282,0.06252288,-0.059513392443847124
2022-03-11,-16.954989407874656,-16.98505,0.0625228863405468,0.06252288,0.030060793541359487
2022-03-12,-16.895310007841722,-16.98505,0.0625228923084868,0.06252288,0.08974019357429341
2022-03-13,-16.73101794191778,-16.826313,0.0625229087376934,0.062522896,0.09529507688104744
2022-03-14,-16.604485790910893,-16.57242,0.0625229213909085,0.062522925,-0.032065670671634905
2022-03-15,-16.47402093588046,-16.57242,0.062522934437394,0.062522925,0.09839918435879724
2022-03-16,-16.40804180386146,-16.388252,0.0625229410353072,0.06252294,-0.019789545560680466
2022-03-17,-16.366531807865403,-16.388252,0.0625229451863068,0.06252294,0.02172045043537807
2022-03-18,-16.291122240802423,-16.388252,0.0625229527272635,0.06252294,0.09713001749835826
2022-03-19,-16.187747991919245,-16.145254,0.0625229630646884,0.06252296,-0.042493856787409356
2022-03-20,-16.10997118192681,-16.145254,0.0625229708423694,0.06252296,0.0352829532050265
2022-03-21,-16.052913151820558,-16.145254,0.0625229765481724,0.06252296,0.09234098331127782
2022-03-22,-15.994361989846162,-16.145254,0.0625229824032886,0.06252296,0.15089214528567396
2022-03-23,-15.909776367867279,-15.924859,0.0625229908618508,0.062522985,0.015082679068756377
2022-03-24,-15.87806152086868,-15.924859,0.0625229940333355,0.062522985,0.04679752606735477
2022-03-25,-15.765511625909223,-15.924859,0.062523005288325,0.062522985,0.159347421026812
2022-03-26,-15.671313565862599,-15.666603,0.062523014708131,0.062523015,-0.004710477483692799
2022-03-27,-15.60202132086519,-15.666603,0.0625230216373555,0.062523015,0.06458176751371703
2022-03-28,-15.47268508789168,-15.666603,0.0625230345709788,0.062523015,0.1939180004872263
2022-03-29,-15.325179967828895,-15.42031,0.0625230493214908,0.06252304,0.09513005261788265
2022-03-30,-15.264881356863436,-15.42031,0.0625230553513519,0.06252304,0.15542866358334173
2022-03-31,-15.009705270907503,-14.989265,0.0625230808689605,0.06252308,-0.0204398290129717
2022-04-01,-14.850220046852547,-14.989265,0.0625230968174829,0.06252308,0.13904539504198432
2022-04-02,-14.665828841908812,-14.989265,0.0625231152566034,0.06252308,0.32343659998571894
2022-04-03,-14.530375506832671,-14.624703,0.0625231288019369,0.06252312,0.09432790045492645
2022-04-04,-14.427693383889384,-14.624703,0.0625231390701492,0.06252312,0.19701002339821372
2022-04-05,-14.350099579868436,-14.624703,0.0625231468295296,0.06252312,0.27460382741916156
2022-04-06,-14.170697521798115,-14.239659,0.0625231647697354,0.06252316,0.06896178758909244
2022-04-07,-14.045476706830984,-14.239659,0.0625231772918169,0.06252316,0.19418260255622322
2022-04-08,-13.946727153851812,-14.239659,0.0625231871667722,0.06252316,0.29293215553539476
2022-04-09,-13.81932152391685,-14.239659,0.0625231999073352,0.06252316,0.42033778547035716
2022-04-10,-13.675129594825641,-13.890998,0.0625232143265281,0.06252319,0.21586829183207357
2022-04-11,-13.616578860842221,-13.890998,0.0625232201816015,0.06252319,0.2744190258154937
2022-04-12,-13.43786848684303,-13.890998,0.0625232380526389,0.06252319,0.45312939981468503
2022-04-13,-13.322951862848598,-13.890998,0.0625232495443013,0.06252319,0.5680460238091172
2022-04-14,-13.205850761810467,-13.614463,0.0625232612544114,0.062523216,0.4086120906675603
2022-04-15,-13.143367623841273,-13.614463,0.0625232675027252,0.062523216,0.471095228636754
2022-04-16,-12.993749952810996,-13.614463,0.0625232824644923,0.062523216,0.6207128996670317
2022-04-17,-12.866162281827132,-13.614463,0.0625232952232594,0.062523216,0.7483005706508958
2022-04-18,-12.765228348809998,-9.66136,0.0625233053166527,0.06252361,-3.1038685618226936
2022-04-19,-28.629800371826608,-28.700563,0.0625217188594504,0.06252171,0.07076305895952473
2022-04-20,-28.526681705859367,-28.284948,0.062521729171317,0.06252175,-0.24173335686034392
2022-04-21,-28.462014024926987,-28.284948,0.0625217356380851,0.06252175,-0.17706567592796318
2022-04-22,-28.30533351386166,-28.284948,0.0625217513061362,0.06252175,-0.020385164862638305
2022-04-23,-28.191728204812748,-28.240143,0.0625217626666671,0.062521756,0.04841461745287745
2022-04-24,-28.07699455181778,-27.94939,0.0625217741400324,0.062521785,-0.1276041404408268
2022-04-25,-28.011016138806966,-27.94939,0.0625217807378737,0.062521785,-0.06162572743001249
2022-04-26,-27.89216746582057,-27.94939,0.062521792622741,0.062521785,0.057222945556382854
2022-04-27,-27.641179366905135,-27.622805,0.0625218177215509,0.062521815,-0.018374725181502072
2022-04-28,-27.45504136481003,-27.46168,0.0625218363353511,0.06252183,0.0066380938081351815
2022-04-29,-27.25998208386038,-27.238863,0.0625218558412792,0.06252185,-0.021119092527371208
2022-04-30,-27.186138711887686,-27.051647,0.0625218632256164,0.062521875,-0.1344915256083894
2022-05-01,-27.03058698885763,-26.91016,0.0625218787807887,0.06252189,-0.1204269241603626
2022-05-02,-26.880533253864634,-26.750977,0.0625218937861622,0.062521905,-0.129556691364634
2022-05-03,-26.771043265816363,-26.750977,0.062521904735161,0.062521905,-0.020066703316363288
2022-05-04,-26.652195027898617,-26.576288,0.0625219166199848,0.06252192,-0.07590680463201593
2022-05-05,-26.59732274284954,-26.576288,0.0625219221072133,0.06252192,-0.021034519582936895
2022-05-06,-26.40987413787821,-26.44792,0.0625219408520738,0.062521935,0.03804570770284599
2022-05-07,-26.32310554889772,-26.44792,0.0625219495289327,0.062521935,0.12481429668333632
2022-05-08,-26.270235918834928,-26.15592,0.0625219548158957,0.062521964,-0.11431589014840426
2022-05-09,-26.178478264859972,-26.15592,0.0625219639916611,0.062521964,-0.022558236173448876
2022-05-10,-26.086283956838763,-26.092892,0.0625219732110919,0.06252197,0.0066077362764715986
2022-05-11,-25.994343698931832,-26.092892,0.0625219824051177,0.06252197,0.09854799418340221
2022-05-12,-25.913072318889398,-25.7416,0.0625219905322557,0.06252201,-0.17147228226830435
2022-05-13,-25.792913355832113,-25.7416,0.062522002548152,0.06252201,-0.05131331921101889
2022-05-14,-25.628877603905977,-25.660145,0.0625220189517272,0.06252202,0.03126720200222621
2022-05-15,-25.417652046860752,-25.545572,0.0625220400742829,0.062522024,0.12792023402303698
2022-05-16,-25.296182325912355,-25.121283,0.062522052221255,0.06252207,-0.1748997483977064
2022-05-17,-25.148495708809946,-25.121283,0.0625220669899167,0.06252207,-0.0272131312952979
2022-05-18,-25.041444714907215,-25.121283,0.0625220776950161,0.06252207,0.07983786260743386
2022-05-19,-24.69669717286571,-24.655214,0.0625221121697703,0.06252211,-0.04148286317332861
2022-05-20,-24.637273220856628,-24.655214,0.0625221181121655,0.06252211,0.01794108883575518
2022-05-21,-24.57934253588534,-24.655214,0.062522123905234,0.06252211,0.07587177380704446
2022-05-22,-24.408498028871684,-24.169863,0.0625221409896847,0.062522165,-0.2386352816793007
2022-05-23,-24.15288641879898,-24.09034,0.0625221665508457,0.06252217,-0.06254675815444699
2022-05-24,-24.034475178819072,-24.09034,0.0625221783919697,0.06252217,0.05586448182545922
2022-05-25,-23.863885055819267,-24.09034,0.062522195450982,0.06252217,0.22645460482526403
2022-05-26,-23.835047148895725,-23.5649,0.0625221983347727,0.062522225,-0.2701477043156473
2022-05-27,-23.65921396782489,-23.5649,0.0625222159180908,0.062522225,-0.09431452324481171
2022-05-28,-23.50522776084496,-23.505335,0.0625222313167115,0.06252223,0.00010709328101654592
2022-05-29,-23.425522103909245,-23.308157,0.0625222392872772,0.06252225,-0.11736513674615878
2022-05-30,-23.348183473825834,-23.308157,0.0625222470211402,0.06252225,-0.04002650666274832
2022-05-31,-23.295313543864047,-23.308157,0.0625222523081332,0.06252225,0.012843423299038648
2022-06-01,-23.17235060986245,-23.308157,0.0625222646044266,0.06252225,0.13580635730063761
2022-06-02,-23.10961348089835,-23.308157,0.0625222708781395,0.06252225,0.19854348626473595
2022-06-03,-23.028524796797623,-22.763834,0.0625222789870079,0.0625223,-0.2646907971638335
2022-06-04,-22.96254670686171,-22.763834,0.0625222855848169,0.0625223,-0.19871270722791934
2022-06-05,-22.876651734893283,-22.763834,0.0625222941743141,0.0625223,-0.1128177352594939
2022-06-06,-22.867912949919855,-22.763834,0.0625222950481926,0.0625223,-0.10407895028606617
2022-06-07,-22.816790861829304,-22.763834,0.0625223001604014,0.0625223,-0.052956862195514987
2022-06-08,-22.700818624876717,-22.717098,0.0625223117576251,0.06252231,0.016279611207266953
2022-06-09,-22.626538380837722,-22.717098,0.0625223191856495,0.06252231,0.09055985524626209
2022-06-10,-22.5411520608787,-22.717098,0.0625223277242815,0.06252231,0.17594617520528288
2022-06-11,-22.50313805685078,-22.316647,0.0625223315256819,0.062522344,-0.18649148092304557
2022-06-12,-22.403514950836147,-22.316647,0.0625223414879925,0.062522344,-0.0868683749084127
2022-06-13,-22.25957794990685,-21.994572,0.0625223558816926,0.06252238,-0.26500626411583283
2022-06-14,-22.132864183899148,-21.994572,0.0625223685530692,0.06252238,-0.13829249810813238
2022-06-15,-22.03280398488383,-21.994572,0.0625223785590891,0.06252238,-0.038232299092815225
2022-06-19,-21.691732707829203,-21.45042,0.0625224126662168,0.06252243,-0.2413123281905314
2022-06-20,-21.600593631820875,-21.45042,0.0625224217801244,0.06252243,-0.1501732521822028
2022-06-21,-21.500533179813488,-21.45042,0.0625224317861696,0.06252243,-0.050112800174815675
2022-06-22,-21.44373027285207,-21.417715,0.0625224374664603,0.06252244,-0.026015200220232515
2022-06-23,-21.362021427884237,-21.417715,0.0625224456373448,0.06252244,0.05569364474759908
2022-06-24,-21.265273881798663,-21.165136,0.0625224553120994,0.06252246,-0.10013754451838963
2022-06-25,-21.179632463813604,-21.165136,0.0625224638762412,0.06252246,-0.014496126533330767
2022-06-26,-21.094245484798435,-21.165136,0.0625224724149391,0.06252246,0.07089085248183835
2022-06-27,-21.029394890875743,-20.957144,0.0625224788999985,0.062522486,-0.07225110730640694
2022-06-28,-20.99749767586756,-20.957144,0.06252248208972,0.062522486,-0.04035389229822428
2022-06-29,-20.903990914922232,-20.957144,0.0625224914403961,0.062522486,0.053152868647103446
2022-06-30,-20.846933063839444,-20.674963,0.0625224971461812,0.062522516,-0.17197006640292045
2022-07-01,-20.81172254392305,-20.674963,0.0625225006672332,0.062522516,-0.13675954648652677
2022-07-02,-20.731324169853682,-20.674963,0.0625225087070706,0.062522516,-0.056361172417158656
2022-07-03,-20.699609260821372,-20.674963,0.0625225118785615,0.062522516,-0.024646263384848766
2022-07-04,-20.6228886728832,-20.61353,0.0625225195506203,0.062522516,-0.009359467560933865
2022-07-05,-20.552103000837096,-20.61353,0.0625225266291875,0.062522516,0.06142620448516922
2022-07-06,-20.483502054802205,-20.61353,0.0625225334892821,0.062522516,0.13002715052006053
2022-07-07,-20.42276611685656,-20.61353,0.0625225395628759,0.062522516,0.19076308846570456
2022-07-08,-20.37208013686009,-20.208551,0.0625225446314739,0.06252256,-0.1635287299997401
2022-07-09,-20.30304207992217,-20.208551,0.0625225515352796,0.06252256,-0.09449067306182002
2022-07-10,-20.166277540922817,-20.065794,0.0625225652117335,0.062522575,-0.10048354983394958
2022-07-11,-20.070585991793788,-20.065794,0.0625225747808884,0.062522575,-0.004792000704920696
2022-07-12,-19.949988517842243,-19.886066,0.0625225868406358,0.06252259,-0.06392208107466502
2022-07-13,-19.87221165983266,-19.886066,0.0625225946183216,0.06252259,0.013854776934916657
2022-07-14,-19.831757849808618,-19.886066,0.0625225986637026,0.06252259,0.05430858695896035
2022-07-15,-19.750048350919425,-19.886066,0.0625226068346525,0.06252259,0.13601808584815345
2022-07-16,-19.608040516816416,-19.522856,0.0625226210354359,0.06252263,-0.08518475814942406
2022-07-17,-19.53481548980229,-19.522856,0.0625226283579386,0.06252263,-0.011959731135299023
2022-07-18,-19.423139292901183,-19.416769,0.0625226395255583,0.062522635,-0.006370265191222302
2022-07-19,-19.35603180680534,-19.416769,0.0625226462363069,0.062522635,0.060737220904620415
2022-07-20,-19.209654475854656,-19.416769,0.06252266087404,0.062522635,0.20711455185530525
2022-07-21,-19.13774026085502,-19.097445,0.0625226680654615,0.06252267,-0.040295726553260636
2022-07-22,-19.0306882418001,-19.097445,0.0625226787706634,0.06252267,0.06675629250165827
2022-07-23,-18.96408953580564,-18.716373,0.062522685430534,0.06252271,-0.24771609220212554
2022-07-24,-18.88106901284936,-18.716373,0.0625226937325863,0.06252271,-0.1646955692458434
2022-07-25,-18.79174921393112,-18.716373,0.0625227026645662,0.06252271,-0.07537577032760368
2022-07-26,-18.734071830922574,-18.716373,0.0625227084323045,0.06252271,-0.01769838731905793
2022-07-27,-18.682074623826985,-18.669134,0.0625227136320252,0.06252271,-0.012940483812336367
2022-07-28,-18.628766753903125,-18.669134,0.0625227189628122,0.06252271,0.04036738611152302
2022-07-29,-18.572582751869014,-18.669134,0.0625227245812124,0.06252271,0.09655138814563458
2022-07-30,-18.55747179091427,-18.669134,0.0625227260923085,0.06252271,0.11166234910037787
2022-07-31,-18.52925223685964,-18.419893,0.0625227289142639,0.06252274,-0.10935897208913303
2022-08-01,-18.44204510090264,-18.419893,0.0625227376349775,0.06252274,-0.022151836132131564
2022-08-02,-18.416447332830764,-18.419893,0.0625227401947543,0.06252274,0.0034459319397441845
2022-08-03,-18.36750900791051,-18.419893,0.0625227450885868,0.06252274,0.052384256859998146
2022-08-04,-18.304771076810276,-18.258728,0.0625227513623799,0.062522754,-0.04604304946652604
2022-08-05,-18.252337286861486,-18.258728,0.0625227566057589,0.062522754,0.006390740482263624
2022-08-06,-18.220440035909835,-18.258728,0.062522759795484,0.062522754,0.038287991433914925
2022-08-07,-18.15009154082503,-18.258728,0.0625227668303335,0.062522754,0.10863648651871927
2022-08-08,-18.01420154684541,-18.050581,0.0625227804193329,0.06252278,0.036379431548144936
2022-08-09,-17.938172741926994,-18.050581,0.0625227880222134,0.06252278,0.1124082364665604
2022-08-10,-17.871319871881617,-17.911371,0.0625227947075004,0.06252279,0.04005135919748426
2022-08-11,-17.801154235802528,-17.911371,0.062522801724064,0.06252279,0.11021699527657347
2022-08-12,-17.713510618855288,-17.602383,0.0625228104884257,0.06252282,-0.11112795894317884
2022-08-13,-17.685109147819176,-17.602383,0.0625228133285728,0.06252282,-0.08272648790706683
2022-08-14,-17.612321884796778,-17.602383,0.0625228206072991,0.06252282,-0.009939224884668363
2022-08-15,-17.532543569870327,-17.602383,0.0625228285851306,0.06252282,0.06983909004178201
2022-08-16,-17.42611156985152,-17.416044,0.0625228392283306,0.062522836,-0.010067334622029023
2022-08-17,-17.347024694885917,-17.416044,0.0625228471370181,0.062522836,0.06901954034357516
2022-08-18,-17.282976370880387,-17.22237,0.0625228535418505,0.06252286,-0.06060622317530928
2022-08-19,-17.204763279876634,-17.22237,0.0625228613631596,0.06252286,0.01760686782844445
2022-08-20,-17.145775956795006,-17.22237,0.0625228672618919,0.06252286,0.0765941909100718
2022-08-21,-17.076301886825853,-17.22237,0.0625228742092989,0.06252286,0.14606826087922542
2022-08-22,-17.031296655894977,-16.98505,0.062522878709822,0.06252288,-0.04624645447896114
2022-08-23,-16.986545904873473,-16.98505,0.0625228831848971,0.06252288,-0.0014957034574578643
2022-08-24,-16.889544898895934,-16.826313,0.0625228928849977,0.062522896,-0.06323188009710634
2022-08-25,-16.836237850814673,-16.826313,0.0625228982157025,0.062522896,-0.009924832015844487
2022-08-26,-16.787737445872473,-16.826313,0.062522903065743,0.062522896,0.03857557292635505
2022-08-27,-16.718009302890692,-16.826313,0.0625229100385573,0.062522896,0.1083037159081357
2022-08-28,-16.687423389921683,-16.826313,0.0625229130971486,0.062522896,0.13888962887714484
2022-08-29,-16.656583383817257,-16.57242,0.0625229161811492,0.062522925,-0.08416326357799875
2022-08-30,-16.59690516880863,-16.57242,0.0625229221489707,0.062522925,-0.02448504856937106
2022-08-31,-16.54927871089229,-16.57242,0.0625229269116165,0.062522925,0.02314140934696951
2022-09-01,-16.452897153851342,-16.388252,0.0625229365497722,0.06252294,-0.06464489555056119
2022-09-02,-16.41269890981234,-16.388252,0.0625229405695966,0.06252294,-0.024446651511560447
2022-09-03,-16.39478456688659,-16.388252,0.0625229423610309,0.06252294,-0.006532308585807556
2022-09-04,-16.30065959185023,-16.388252,0.0625229517735284,0.06252294,0.08759266645055064
2022-09-05,-16.142486473913475,-16.145254,0.0625229675908402,0.06252296,0.002767661218360473
2022-09-06,-16.059467659867988,-16.145254,0.0625229758927216,0.06252296,0.08578647526384842
2022-09-07,-15.964214368918705,-15.924859,0.0625229854180507,0.062522985,-0.03935532198267033
2022-09-08,-15.913966108921374,-15.924859,0.0625229904428767,0.062522985,0.010892938014661624
2022-09-09,-15.769775630891658,-15.924859,0.0625230048619245,0.062522985,0.15508341604437703
2022-09-10,-15.683261178900398,-15.666603,0.0625230135133697,0.062523015,-0.01665809052149214
2022-09-11,-15.583821332820769,-15.666603,0.0625230234573543,0.062523015,0.0827817555581376
2022-09-12,-15.440941265876251,-15.42031,0.062523037745361,0.06252304,-0.02063124542947392
2022-09-13,-15.414907663796606,-15.42031,0.0625230403487212,0.06252304,0.005402356650170859
2022-09-14,-15.317032715927992,-15.42031,0.062523050136216,0.06252304,0.10327730451878558
