date,actual,pred,residual
2013/3/16,0.062531223,0.062532232,-1.01E-06
2013/3/17,0.062531133,0.062530532,6.01E-07
2013/3/18,0.062531238,0.062530278,9.59E-07
2013/3/20,0.062531294,0.062531256,3.88E-08
2013/3/21,0.062531307,0.062531085,2.22E-07
2013/3/22,0.062531286,0.062531122,1.64E-07
2013/3/23,0.062531331,0.062531141,1.90E-07
2013/3/25,0.062531681,0.062531153,5.27E-07
2013/3/26,0.062531924,0.062531287,6.37E-07
2013/3/27,0.062531797,0.062531491,3.06E-07
2013/3/28,0.062531718,0.062531596,1.22E-07
2013/3/30,0.062531757,0.062531602,1.55E-07
2013/3/31,0.062531753,0.062531573,1.80E-07
2013/4/1,0.06253174,0.062531551,1.89E-07
2013/4/2,0.062531762,0.062531551,2.11E-07
2013/4/3,0.062531764,0.06253156,2.05E-07
2013/4/5,0.062531778,0.062531563,2.14E-07
2013/4/6,0.062531802,0.062531572,2.29E-07
2013/4/7,0.062531807,0.062531587,2.20E-07
2013/4/8,0.062531853,0.062531599,2.54E-07
2013/4/10,0.062531848,0.062531623,2.25E-07
2013/4/11,0.062531896,0.062531638,2.58E-07
2013/4/13,0.062531888,0.062531662,2.25E-07
2013/4/14,0.062531794,0.062531676,1.17E-07
2013/4/15,0.062531531,0.062531648,-1.17E-07
2013/4/16,0.062531359,0.062531528,-1.68E-07
2013/4/17,0.062531398,0.062531363,3.51E-08
2013/4/19,0.062531542,0.062531263,2.79E-07
2013/4/20,0.062531537,0.062531276,2.61E-07
2013/4/21,0.062531575,0.062531322,2.53E-07
2013/4/24,0.062531627,0.062531371,2.56E-07
2013/4/26,0.062531605,0.06253141,1.94E-07
2013/4/27,0.062531641,0.062531421,2.20E-07
2013/4/28,0.062531659,0.062531441,2.18E-07
2013/4/29,0.062531641,0.062531457,1.84E-07
2013/4/30,0.062531665,0.06253146,2.05E-07
2013/5/2,0.06253167,0.06253147,2.00E-07
2013/5/5,0.062531733,0.062531476,2.58E-07
2013/5/7,0.062531758,0.062531503,2.55E-07
2013/5/8,0.062531757,0.062531535,2.22E-07
2013/5/9,0.062531787,0.062531554,2.33E-07
2013/5/10,0.062531822,0.062531574,2.48E-07
2013/5/12,0.062531811,0.062531596,2.15E-07
2013/5/13,0.062531849,0.062531608,2.41E-07
2013/5/14,0.062531843,0.062531628,2.15E-07
2013/5/15,0.062531843,0.062531637,2.06E-07
2013/5/16,0.062531673,0.062531641,3.30E-08
2013/5/18,0.062531416,0.062531582,-1.67E-07
2013/5/19,0.062531485,0.062531436,4.87E-08
2013/5/20,0.062531613,0.062531346,2.67E-07
2013/5/22,0.062531615,0.062531349,2.67E-07
2013/5/23,0.062531642,0.06253139,2.53E-07
2013/5/24,0.062531658,0.062531439,2.20E-07
2013/5/25,0.062531685,0.062531461,2.25E-07
2013/5/26,0.0625317,0.062531477,2.23E-07
2013/5/28,0.062531697,0.062531496,2.01E-07
2013/5/29,0.062531731,0.062531505,2.26E-07
2013/5/30,0.062531724,0.062531521,2.03E-07
2013/5/31,0.062531723,0.062531529,1.94E-07
2013/6/1,0.062531756,0.062531533,2.23E-07
2013/6/3,0.06253175,0.062531545,2.05E-07
2013/6/4,0.062531775,0.062531552,2.24E-07
2013/6/5,0.062531783,0.062531565,2.18E-07
2013/6/6,0.062531777,0.062531577,2.00E-07
2013/6/7,0.062531817,0.062531581,2.36E-07
2013/6/9,0.06253149,0.062531597,-1.07E-07
2013/6/10,0.062531348,0.062531492,-1.44E-07
2013/6/11,0.062531478,0.062531346,1.32E-07
2013/6/13,0.062531516,0.062531285,2.31E-07
2013/6/14,0.06253155,0.062531285,2.64E-07
2013/6/15,0.062531537,0.062531335,2.02E-07
2013/6/17,0.062531561,0.062531362,1.98E-07
2013/6/18,0.06253156,0.062531373,1.88E-07
2013/6/21,0.062531606,0.062531379,2.27E-07
2013/6/28,0.062531817,0.062531398,4.19E-07
2013/6/29,0.062531781,0.062531489,2.91E-07
2013/6/30,0.062531808,0.062531551,2.58E-07
2013/7/1,0.062531791,0.062531595,1.96E-07
2013/7/2,0.062531815,0.062531604,2.11E-07
2013/7/4,0.062531824,0.062531604,2.20E-07
2013/7/5,0.062531833,0.062531615,2.18E-07
2013/7/6,0.062531859,0.062531623,2.36E-07
2013/7/7,0.062531871,0.06253164,2.31E-07
2013/7/8,0.062531863,0.062531654,2.09E-07
2013/7/10,0.062531881,0.06253166,2.21E-07
2013/7/11,0.062531895,0.062531668,2.27E-07
2013/7/12,0.062531878,0.062531677,2.01E-07
2013/7/13,0.062531889,0.062531678,2.11E-07
2013/7/14,0.062531889,0.062531681,2.08E-07
2013/7/15,0.062531664,0.062531682,-1.79E-08
2013/7/16,0.062531375,0.062531602,-2.27E-07
2013/7/18,0.062531339,0.06253143,-9.12E-08
2013/7/19,0.062531511,0.062531281,2.30E-07
2013/7/20,0.062531543,0.062531256,2.87E-07
2013/7/21,0.062531569,0.062531299,2.70E-07
2013/7/23,0.062531596,0.06253136,2.36E-07
2013/7/24,0.062531587,0.062531398,1.90E-07
2013/7/25,0.062531578,0.062531406,1.72E-07
2013/7/26,0.062531587,0.062531406,1.81E-07
2013/7/28,0.062531604,0.062531405,1.98E-07
2013/7/29,0.062531648,0.062531411,2.38E-07
2013/7/30,0.062531963,0.062531434,5.30E-07
2013/7/31,0.062532277,0.062531564,7.13E-07
2013/8/1,0.062530725,0.062531784,-1.06E-06
2013/8/2,0.062530439,0.062531396,-9.57E-07
2013/8/3,0.062530529,0.062530891,-3.62E-07
2013/8/4,0.062530482,0.062530529,-4.77E-08
2013/8/6,0.06253045,0.062530355,9.57E-08
2013/8/7,0.062530501,0.062530374,1.27E-07
2013/8/8,0.062530851,0.062530388,4.63E-07
2013/8/10,0.062531237,0.062530518,7.19E-07
2013/8/11,0.062531184,0.062530779,4.05E-07
2013/8/12,0.062531028,0.062530959,6.86E-08
2013/8/13,0.06253105,0.062530989,6.14E-08
2013/8/15,0.062531022,0.062530954,6.85E-08
2013/8/16,0.062531033,0.062530903,1.30E-07
2013/8/17,0.062531082,0.062530893,1.89E-07
2013/8/18,0.062531075,0.062530914,1.60E-07
2013/8/20,0.062531091,0.062530927,1.64E-07
2013/8/21,0.062531095,0.062530942,1.53E-07
2013/8/22,0.062531123,0.06253095,1.73E-07
2013/8/24,0.062531145,0.062530963,1.82E-07
2013/8/25,0.062531126,0.062530982,1.44E-07
2013/8/26,0.062531162,0.062530988,1.74E-07
2013/8/27,0.062530907,0.062531001,-9.39E-08
2013/8/29,0.062530607,0.062530918,-3.10E-07
2013/8/30,0.062530616,0.062530734,-1.18E-07
2013/8/31,0.062530787,0.062530593,1.94E-07
2013/9/1,0.062530822,0.062530576,2.46E-07
2013/9/3,0.06253082,0.06253063,1.90E-07
2013/9/4,0.062530809,0.062530686,1.23E-07
2013/9/5,0.062530855,0.062530701,1.54E-07
2013/9/6,0.062530851,0.062530711,1.40E-07
2013/9/7,0.062530865,0.062530721,1.45E-07
2013/9/8,0.062530884,0.062530733,1.50E-07
2013/9/10,0.062530846,0.062530747,9.86E-08
2013/9/11,0.062530865,0.062530741,1.24E-07
2013/9/12,0.062530885,0.062530741,1.44E-07
2013/9/13,0.062530889,0.062530747,1.42E-07
2013/9/15,0.062530885,0.062530755,1.30E-07
2013/9/16,0.062530895,0.062530762,1.33E-07
2013/9/17,0.062530931,0.062530766,1.65E-07
2013/9/18,0.062530946,0.062530781,1.65E-07
2013/9/20,0.062530931,0.0625308,1.31E-07
2013/9/21,0.062530934,0.062530807,1.27E-07
2013/9/22,0.06253093,0.062530809,1.21E-07
2013/9/23,0.062530975,0.062530805,1.70E-07
2013/9/24,0.062530995,0.062530819,1.75E-07
2013/9/26,0.062530947,0.06253084,1.07E-07
2013/9/27,0.062531006,0.062530838,1.67E-07
2013/9/28,0.062531005,0.062530852,1.53E-07
2013/9/30,0.06253101,0.06253086,1.49E-07
2013/10/1,0.062531049,0.06253087,1.79E-07
2013/10/2,0.06253101,0.062530891,1.19E-07
2013/10/3,0.062531083,0.062530889,1.95E-07
2013/10/4,0.062531448,0.062530911,5.38E-07
2013/10/8,0.062531978,0.06253106,9.18E-07
2013/10/9,0.062532322,0.062531376,9.46E-07
2013/10/10,0.062532349,0.062531744,6.05E-07
2013/10/11,0.062531464,0.06253199,-5.26E-07
2013/10/13,0.062530514,0.062531781,-1.27E-06
2013/10/15,0.062531029,0.062531182,-1.53E-07
2013/10/16,0.062531093,0.06253088,2.13E-07
2013/10/17,0.062531096,0.062530804,2.92E-07
2013/10/18,0.062531121,0.062530887,2.34E-07
2013/10/19,0.062531138,0.062530977,1.61E-07
2013/10/21,0.062531122,0.062530981,1.42E-07
2013/10/22,0.06253114,0.062530984,1.57E-07
2013/10/23,0.062531179,0.062530991,1.88E-07
2013/10/25,0.062531181,0.062531007,1.73E-07
2013/10/26,0.062531208,0.062531022,1.86E-07
2013/10/27,0.062531219,0.062531042,1.77E-07
2013/10/28,0.062531235,0.062531058,1.77E-07
2013/10/30,0.062531194,0.062531071,1.23E-07
2013/10/31,0.06253116,0.062531066,9.45E-08
2013/11/1,0.062531244,0.062531044,2.00E-07
2013/11/3,0.062531249,0.062531056,1.93E-07
2013/11/4,0.06253128,0.062531074,2.07E-07
2013/11/5,0.062531305,0.062531102,2.02E-07
2013/11/7,0.062531304,0.062531129,1.75E-07
2013/11/8,0.06253128,0.062531141,1.40E-07
2013/11/9,0.062531109,0.062531139,-2.97E-08
2013/11/10,0.062531062,0.062531071,-9.65E-09
2013/11/12,0.062531157,0.062530994,1.62E-07
2013/11/13,0.062531204,0.062530977,2.27E-07
2013/11/14,0.062531233,0.062531002,2.31E-07
2013/11/15,0.062531257,0.062531049,2.09E-07
2013/11/16,0.062531299,0.062531085,2.15E-07
2013/11/18,0.062531341,0.062531114,2.27E-07
2013/11/19,0.062531358,0.062531148,2.11E-07
2013/11/20,0.062531391,0.062531176,2.15E-07
2013/11/22,0.062531393,0.062531204,1.88E-07
2013/11/23,0.062531433,0.062531221,2.13E-07
2013/11/24,0.062531452,0.062531242,2.09E-07
2013/11/26,0.06253142,0.062531264,1.56E-07
2013/11/27,0.062531159,0.062531265,-1.06E-07
2013/11/28,0.062531046,0.062531169,-1.23E-07
2013/11/29,0.062531174,0.06253104,1.34E-07
2013/12/1,0.062531229,0.062530994,2.35E-07
2013/12/2,0.062531244,0.062531013,2.31E-07
2013/12/3,0.062531275,0.062531061,2.14E-07
2013/12/5,0.062531283,0.062531101,1.82E-07
2013/12/6,0.062531325,0.062531117,2.08E-07
2013/12/7,0.062531326,0.062531141,1.85E-07
2013/12/9,0.062531348,0.062531158,1.90E-07
2013/12/10,0.062531388,0.062531174,2.14E-07
2013/12/11,0.062531394,0.062531198,1.96E-07
2013/12/12,0.062531441,0.062531216,2.25E-07
2013/12/14,0.062531211,0.062531244,-3.38E-08
2013/12/15,0.062531075,0.06253118,-1.06E-07
2013/12/16,0.062531209,0.062531068,1.41E-07
2013/12/18,0.062531281,0.062531029,2.51E-07
2013/12/19,0.062531315,0.062531051,2.63E-07
2013/12/20,0.062531314,0.062531111,2.04E-07
2013/12/21,0.062531354,0.06253115,2.04E-07
2013/12/23,0.062531368,0.062531172,1.96E-07
2013/12/24,0.06253138,0.06253119,1.90E-07
2013/12/25,0.062531403,0.062531205,1.98E-07
2013/12/26,0.0625314,0.062531223,1.77E-07
2013/12/28,0.062531379,0.062531231,1.47E-07
2013/12/29,0.06253107,0.062531228,-1.58E-07
2013/12/30,0.062530904,0.062531112,-2.08E-07
2013/12/31,0.062531039,0.062530949,8.94E-08
2014/1/2,0.062531102,0.062530881,2.21E-07
2014/1/3,0.062531112,0.06253089,2.22E-07
2014/1/4,0.062531165,0.062530939,2.27E-07
2014/1/5,0.062531163,0.062530989,1.74E-07
2014/1/7,0.0625312,0.062531007,1.93E-07
2014/1/8,0.062531192,0.06253103,1.62E-07
2014/1/9,0.062531209,0.062531041,1.67E-07
2014/1/10,0.062531279,0.062531051,2.29E-07
2014/1/12,0.062531272,0.062531082,1.90E-07
2014/1/13,0.062531291,0.062531104,1.88E-07
2014/1/14,0.06253135,0.062531124,2.26E-07
2014/1/15,0.062531306,0.062531155,1.51E-07
2014/1/17,0.062531291,0.062531159,1.32E-07
2014/1/18,0.062531389,0.062531153,2.36E-07
2014/1/19,0.062531365,0.062531178,1.88E-07
2014/1/20,0.062531387,0.062531192,1.95E-07
2014/1/21,0.062531338,0.062531213,1.25E-07
2014/1/22,0.062531396,0.062531205,1.91E-07
2014/1/24,0.06253143,0.06253121,2.20E-07
2014/1/25,0.062531428,0.062531233,1.95E-07
2014/1/26,0.062531472,0.06253125,2.22E-07
2014/1/27,0.062531463,0.062531278,1.85E-07
2014/1/28,0.062531472,0.062531289,1.83E-07
2014/1/29,0.062531105,0.062531297,-1.92E-07
2014/1/31,0.06253082,0.06253117,-3.50E-07
2014/2/1,0.062530781,0.062530952,-1.71E-07
2014/2/2,0.062531039,0.062530774,2.66E-07
2014/2/3,0.062531055,0.062530768,2.87E-07
2014/2/4,0.062531126,0.062530838,2.88E-07
2014/2/5,0.062531079,0.062530928,1.51E-07
2014/2/6,0.062531105,0.062530957,1.48E-07
2014/2/8,0.062531053,0.062530959,9.45E-08
2014/2/9,0.062531146,0.062530943,2.03E-07
2014/2/10,0.06253137,0.06253096,4.10E-07
2014/2/11,0.062531328,0.062531063,2.65E-07
2014/2/13,0.062531199,0.062531133,6.63E-08
2014/2/14,0.06253121,0.062531127,8.32E-08
2014/2/15,0.062531467,0.062531095,3.72E-07
2014/2/16,0.0625312,0.062531155,4.57E-08
2014/2/17,0.062531399,0.062531134,2.65E-07
2014/2/19,0.062531292,0.062531178,1.14E-07
2014/2/20,0.062531226,0.062531167,5.85E-08
2014/2/21,0.062531409,0.062531122,2.86E-07
2014/2/22,0.062531627,0.062531168,4.59E-07
2014/2/23,0.062531248,0.062531276,-2.83E-08
2014/2/24,0.062531419,0.062531245,1.74E-07
2014/2/25,0.062531656,0.062531247,4.10E-07
2014/2/27,0.062531508,0.062531319,1.88E-07
2014/2/28,0.062531313,0.062531341,-2.75E-08
2014/3/1,0.062531651,0.062531296,3.55E-07
2014/3/3,0.062531486,0.062531338,1.47E-07
2014/3/4,0.062531308,0.062531328,-2.01E-08
2014/3/5,0.062530544,0.062531271,-7.27E-07
2014/3/6,0.062531471,0.062530939,5.33E-07
2014/3/7,0.062531138,0.062530971,1.67E-07
2014/3/8,0.062531082,0.062530981,1.01E-07
2014/3/9,0.062531134,0.062530993,1.41E-07
2014/3/10,0.062531352,0.062531018,3.34E-07
2014/3/11,0.062530976,0.062531048,-7.26E-08
2014/3/12,0.062531315,0.062530999,3.16E-07
2014/3/14,0.062531205,0.062531052,1.54E-07
2014/3/15,0.062531085,0.062531058,2.69E-08
2014/3/16,0.062531256,0.062531014,2.42E-07
2014/3/17,0.062531462,0.062531052,4.10E-07
2014/3/18,0.06253137,0.062531137,2.33E-07
2014/3/20,0.062531391,0.062531198,1.93E-07
2014/3/21,0.062531269,0.062531234,3.47E-08
2014/3/22,0.062531323,0.062531189,1.34E-07
2014/3/23,0.062531538,0.062531161,3.77E-07
2014/3/24,0.062531565,0.062531235,3.30E-07
2014/3/25,0.06253162,0.062531313,3.07E-07
2014/3/27,0.062531157,0.062531392,-2.36E-07
2014/3/28,0.062531121,0.062531264,-1.43E-07
2014/3/29,0.062531219,0.062531112,1.07E-07
2014/3/31,0.062531031,0.062531045,-1.43E-08
2014/4/1,0.062531238,0.062530965,2.73E-07
2014/4/2,0.062531317,0.062531011,3.06E-07
2014/4/3,0.062531218,0.062531075,1.43E-07
2014/4/4,0.062531287,0.06253109,1.97E-07
2014/4/6,0.06253126,0.06253112,1.40E-07
2014/4/7,0.06253138,0.062531112,2.68E-07
2014/4/8,0.062531466,0.062531151,3.15E-07
2014/4/9,0.062531452,0.062531222,2.31E-07
2014/4/11,0.062531346,0.062531264,8.20E-08
2014/4/12,0.062531263,0.062531249,1.33E-08
2014/4/13,0.062531448,0.062531186,2.62E-07
2014/4/14,0.062531612,0.0625312,4.12E-07
2014/4/15,0.062531625,0.062531293,3.32E-07
2014/4/16,0.062531552,0.062531384,1.68E-07
2014/4/18,0.062531457,0.062531411,4.55E-08
2014/4/19,0.06253078,0.062531364,-5.83E-07
2014/4/20,0.0625311,0.062531073,2.67E-08
2014/4/22,0.062530884,0.062530949,-6.44E-08
2014/4/23,0.062531133,0.062530829,3.03E-07
2014/4/24,0.062531133,0.062530868,2.65E-07
2014/4/25,0.062531076,0.062530948,1.29E-07
2014/4/26,0.0625312,0.062530952,2.48E-07
2014/4/27,0.062531432,0.062531004,4.28E-07
2014/4/28,0.062531115,0.062531107,8.05E-09
2014/4/29,0.062531369,0.062531087,2.81E-07
2014/5/1,0.062531329,0.062531136,1.93E-07
2014/5/2,0.062531057,0.062531151,-9.42E-08
2014/5/3,0.062531308,0.062531062,2.46E-07
2014/5/5,0.062531059,0.062531087,-2.78E-08
2014/5/7,0.062531188,0.062531011,1.77E-07
2014/5/8,0.062531173,0.06253101,1.63E-07
2014/5/9,0.06253147,0.062531022,4.48E-07
2014/5/10,0.062531547,0.062531124,4.23E-07
2014/5/11,0.062531216,0.062531259,-4.27E-08
2014/5/12,0.062531571,0.06253122,3.50E-07
2014/5/14,0.062531365,0.062531281,8.46E-08
2014/5/15,0.062531427,0.062531249,1.78E-07
2014/5/16,0.062531373,0.062531251,1.22E-07
2014/5/17,0.062531592,0.062531246,3.46E-07
2014/5/19,0.062531415,0.062531293,1.22E-07
2014/5/20,0.062530968,0.062531299,-3.31E-07
2014/5/21,0.062531179,0.062531122,5.66E-08
2014/5/22,0.062531311,0.062531038,2.73E-07
2014/5/23,0.062531267,0.062531042,2.25E-07
2014/5/25,0.062531149,0.062531083,6.60E-08
2014/5/26,0.062531121,0.062531083,3.85E-08
2014/5/27,0.062531254,0.06253103,2.24E-07
2014/5/28,0.062531359,0.062531037,3.22E-07
2014/5/30,0.062531165,0.062531104,6.13E-08
2014/5/31,0.062531299,0.062531096,2.03E-07
2014/6/1,0.06253127,0.062531115,1.55E-07
2014/6/2,0.062531313,0.062531111,2.01E-07
2014/6/4,0.062531215,0.062531127,8.82E-08
2014/6/5,0.06253125,0.062531115,1.35E-07
2014/6/6,0.062531351,0.0625311,2.52E-07
2014/6/7,0.06253143,0.062531131,2.99E-07
2014/6/9,0.062531214,0.06253119,2.43E-08
2014/6/10,0.062531261,0.062531164,9.77E-08
2014/6/11,0.062531356,0.062531135,2.21E-07
2014/6/12,0.062531499,0.062531142,3.57E-07
2014/6/13,0.062531277,0.062531215,6.21E-08
2014/6/14,0.062531463,0.062531209,2.54E-07
2014/6/15,0.062531495,0.062531241,2.54E-07
2014/6/17,0.062531406,0.062531273,1.33E-07
2014/6/18,0.062531402,0.062531269,1.33E-07
2014/6/19,0.062531327,0.062531266,6.15E-08
2014/6/20,0.062531614,0.062531217,3.97E-07
2014/6/21,0.062531345,0.062531287,5.79E-08
2014/6/22,0.062531537,0.062531269,2.68E-07
2014/6/23,0.062531556,0.062531305,2.51E-07
2014/6/25,0.062531327,0.062531341,-1.39E-08
2014/6/26,0.062531299,0.062531276,2.27E-08
2014/6/27,0.06253129,0.06253122,7.04E-08
2014/6/28,0.062531335,0.062531157,1.78E-07
2014/6/29,0.062531283,0.062531147,1.36E-07
2014/6/30,0.062531626,0.062531146,4.80E-07
2014/7/1,0.062531297,0.062531262,3.56E-08
2014/7/2,0.062531137,0.062531245,-1.08E-07
2014/7/3,0.062531362,0.062531148,2.14E-07
2014/7/4,0.062531631,0.062531139,4.93E-07
2014/7/5,0.062531182,0.062531239,-5.70E-08
2014/7/6,0.062531359,0.062531207,1.53E-07
2014/7/7,0.062531523,0.062531205,3.19E-07
2014/7/8,0.062531686,0.062531241,4.45E-07
2014/7/9,0.062531362,0.062531345,1.71E-08
2014/7/10,0.062531164,0.062531341,-1.77E-07
2014/7/11,0.062531348,0.062531208,1.40E-07
2014/7/13,0.06253112,0.062531152,-3.27E-08
2014/7/14,0.062531134,0.06253106,7.47E-08
2014/7/15,0.062531491,0.062531025,4.66E-07
2014/7/16,0.062531227,0.062531131,9.58E-08
2014/7/17,0.062531325,0.062531129,1.96E-07
2014/7/19,0.062531213,0.062531162,5.15E-08
2014/7/20,0.062531208,0.062531125,8.33E-08
2014/7/21,0.0625315,0.062531077,4.23E-07
2014/7/22,0.062531199,0.062531173,2.57E-08
2014/7/23,0.062531321,0.062531145,1.76E-07
2014/7/25,0.062531125,0.062531156,-3.13E-08
2014/7/26,0.062531103,0.062531085,1.79E-08
2014/7/27,0.062531073,0.062531008,6.47E-08
2014/7/28,0.062531121,0.062530969,1.52E-07
2014/7/29,0.062531125,0.062530954,1.71E-07
2014/7/31,0.062531188,0.062530969,2.19E-07
2014/8/1,0.062531269,0.062531001,2.67E-07
2014/8/2,0.062531521,0.062531056,4.65E-07
2014/8/3,0.062531422,0.062531183,2.39E-07
2014/8/5,0.062531422,0.062531248,1.74E-07
2014/8/6,0.062531351,0.062531272,7.97E-08
2014/8/7,0.062531309,0.062531243,6.62E-08
2014/8/8,0.062531476,0.06253119,2.86E-07
2014/8/10,0.062531378,0.062531225,1.52E-07
2014/8/11,0.06253138,0.062531229,1.51E-07
2014/8/12,0.06253159,0.062531232,3.58E-07
2014/8/14,0.062531177,0.062531301,-1.25E-07
2014/8/15,0.062530993,0.062531208,-2.15E-07
2014/8/16,0.062531287,0.062531057,2.30E-07
2014/8/17,0.06253135,0.062531036,3.14E-07
2014/8/18,0.062530989,0.062531077,-8.82E-08
2014/8/19,0.062531254,0.062531026,2.28E-07
2014/8/20,0.06253118,0.062531048,1.32E-07
2014/8/21,0.062531007,0.062531027,-1.99E-08
2014/8/22,0.062531112,0.062530967,1.44E-07
2014/8/23,0.062531466,0.062530966,5.01E-07
2014/8/24,0.062531028,0.062531077,-4.84E-08
2014/8/25,0.062531257,0.062531043,2.14E-07
2014/8/29,0.062531323,0.062531071,2.52E-07
2014/8/30,0.062531246,0.062531101,1.44E-07
2014/8/31,0.062531309,0.062531098,2.11E-07
2014/9/2,0.062531298,0.06253114,1.59E-07
2014/9/3,0.062531145,0.062531138,7.02E-09
2014/9/4,0.06253125,0.062531085,1.65E-07
2014/9/5,0.062531345,0.062531079,2.66E-07
2014/9/6,0.062531561,0.062531112,4.48E-07
2014/9/7,0.062531117,0.06253123,-1.13E-07
2014/9/8,0.062531266,0.062531171,9.49E-08
2014/9/9,0.062531281,0.062531132,1.49E-07
2014/9/10,0.062531658,0.062531107,5.51E-07
2014/9/11,0.062531364,0.062531238,1.27E-07
2014/9/12,0.06253136,0.062531279,8.12E-08
2014/9/13,0.062530961,0.062531258,-2.97E-07
2014/9/15,0.062531152,0.062531082,7.01E-08
2014/9/16,0.062531055,0.06253099,6.52E-08
2014/9/17,0.062531224,0.062530943,2.81E-07
2014/9/19,0.062531144,0.062530982,1.62E-07
2014/9/21,0.062531124,0.062531013,1.11E-07
2014/9/22,0.062531254,0.062531002,2.51E-07
2014/9/23,0.062531488,0.062531042,4.46E-07
2014/9/24,0.062531311,0.062531152,1.60E-07
2014/9/26,0.062531336,0.06253119,1.47E-07
2014/9/27,0.062531517,0.062531201,3.17E-07
2014/9/28,0.062531069,0.062531251,-1.82E-07
2014/9/29,0.06253108,0.062531132,-5.15E-08
2014/9/30,0.062531219,0.062531039,1.81E-07
2014/10/1,0.062531147,0.062531013,1.33E-07
2014/10/2,0.062531138,0.062530995,1.43E-07
2014/10/3,0.062531398,0.062531012,3.87E-07
2014/10/4,0.062531322,0.062531097,2.24E-07
2014/10/5,0.062531689,0.062531141,5.48E-07
2014/10/6,0.062531172,0.062531302,-1.31E-07
2014/10/7,0.062529476,0.062531237,-1.76E-06
2014/10/8,0.062527136,0.062530526,-3.39E-06
2014/10/10,0.062528331,0.062529049,-7.19E-07
2014/10/11,0.062532197,0.0625283,3.90E-06
2014/10/12,0.062534105,0.062529507,4.60E-06
2014/10/13,0.062532832,0.062531587,1.24E-06
2014/10/14,0.062532799,0.062532666,1.33E-07
2014/10/15,0.062532712,0.06253286,-1.48E-07
2014/10/16,0.062532892,0.062532594,2.98E-07
2014/10/17,0.062531197,0.062532481,-1.28E-06
2014/10/18,0.062530565,0.062531953,-1.39E-06
2014/10/19,0.062531417,0.062531233,1.84E-07
2014/10/20,0.06253104,0.062531011,2.90E-08
2014/10/21,0.062531012,0.062530883,1.30E-07
2014/10/22,0.062531105,0.062530931,1.74E-07
2014/10/23,0.062531074,0.062530962,1.12E-07
2014/10/24,0.062531103,0.06253092,1.84E-07
2014/10/25,0.062531107,0.062530949,1.58E-07
2014/10/27,0.062531163,0.062530961,2.03E-07
2014/10/28,0.062531675,0.062530983,6.92E-07
2014/10/29,0.062531373,0.062531188,1.85E-07
2014/10/30,0.062531363,0.062531252,1.11E-07
2014/10/31,0.062531673,0.062531261,4.12E-07
2014/11/2,0.062531379,0.062531344,3.52E-08
2014/11/3,0.062531438,0.062531297,1.42E-07
2014/11/4,0.062531572,0.062531296,2.75E-07
2014/11/5,0.062530927,0.062531326,-3.99E-07
2014/11/6,0.062531398,0.062531119,2.80E-07
2014/11/7,0.062530979,0.062531124,-1.46E-07
2014/11/8,0.062531074,0.062531,7.43E-08
2014/11/9,0.062531295,0.062530945,3.50E-07
2014/11/10,0.062531443,0.062531024,4.19E-07
2014/11/11,0.062531132,0.062531121,1.13E-08
2014/11/12,0.062531252,0.062531121,1.31E-07
2014/11/13,0.062531502,0.062531109,3.92E-07
2014/11/14,0.062531126,0.062531178,-5.16E-08
2014/11/15,0.062531321,0.062531119,2.03E-07
2014/11/16,0.062531605,0.062531139,4.66E-07
2014/11/17,0.062531208,0.062531241,-3.23E-08
2014/11/18,0.062531334,0.062531193,1.41E-07
2014/11/19,0.062531453,0.062531196,2.58E-07
2014/11/20,0.062531528,0.062531213,3.15E-07
2014/11/21,0.062531557,0.062531265,2.92E-07
2014/11/22,0.062531139,0.062531344,-2.05E-07
2014/11/23,0.062531231,0.062531224,6.94E-09
2014/11/24,0.062531375,0.062531133,2.42E-07
2014/11/25,0.062531165,0.062531128,3.71E-08
2014/11/26,0.062531402,0.062531085,3.16E-07
2014/11/27,0.062531232,0.062531153,7.92E-08
2014/11/28,0.062531291,0.062531132,1.60E-07
2014/11/30,0.062531215,0.062531128,8.73E-08
2014/12/1,0.062531295,0.062531109,1.87E-07
2014/12/2,0.062531425,0.062531105,3.20E-07
2014/12/3,0.062531421,0.062531171,2.50E-07
2014/12/5,0.062531456,0.06253122,2.36E-07
2014/12/6,0.062531477,0.062531265,2.12E-07
2014/12/7,0.062531381,0.06253129,9.10E-08
2014/12/8,0.062531619,0.062531266,3.54E-07
2014/12/10,0.062531458,0.062531327,1.31E-07
2014/12/11,0.062531275,0.062531326,-5.04E-08
2014/12/12,0.06253091,0.06253125,-3.40E-07
2014/12/13,0.062531192,0.062531049,1.43E-07
2014/12/14,0.062531166,0.062530979,1.87E-07
2014/12/15,0.062531157,0.062530976,1.81E-07
2014/12/16,0.062531288,0.062531,2.87E-07
2014/12/18,0.062531353,0.062531071,2.82E-07
2014/12/19,0.06253126,0.062531123,1.37E-07
2014/12/20,0.062531379,0.062531137,2.41E-07
2014/12/22,0.062531381,0.062531174,2.08E-07
2014/12/23,0.062531426,0.062531194,2.32E-07
2014/12/24,0.062531453,0.062531226,2.27E-07
2014/12/25,0.062531616,0.062531262,3.54E-07
2014/12/27,0.062531229,0.062531334,-1.06E-07
2014/12/28,0.062530859,0.062531256,-3.97E-07
2014/12/29,0.062531178,0.062531035,1.44E-07
2014/12/31,0.062531085,0.062530965,1.20E-07
2015/1/1,0.062531167,0.062530923,2.44E-07
2015/1/2,0.062531232,0.062530973,2.59E-07
2015/1/3,0.062531268,0.062531038,2.30E-07
2015/1/4,0.06253126,0.062531072,1.89E-07
2015/1/6,0.062531289,0.062531103,1.86E-07
2015/1/7,0.062531354,0.06253112,2.34E-07
2015/1/8,0.06253132,0.062531151,1.69E-07
2015/1/9,0.062531351,0.062531164,1.87E-07
2015/1/11,0.062531199,0.06253118,1.87E-08
2015/1/12,0.062531323,0.062531132,1.91E-07
2015/1/13,0.062531486,0.06253113,3.56E-07
2015/1/14,0.062531444,0.0625312,2.44E-07
2015/1/15,0.062531518,0.06253125,2.69E-07
2015/1/17,0.062531554,0.06253131,2.45E-07
2015/1/18,0.062531428,0.062531346,8.25E-08
2015/1/19,0.062531597,0.062531319,2.78E-07
2015/1/21,0.062531414,0.062531353,6.01E-08
2015/1/22,0.062531515,0.062531316,1.99E-07
2015/1/23,0.062531,0.062531318,-3.18E-07
2015/1/24,0.06253101,0.062531145,-1.35E-07
2015/1/25,0.062531159,0.062530988,1.70E-07
2015/1/27,0.062531,0.062530953,4.75E-08
2015/1/28,0.062531145,0.062530904,2.41E-07
2015/1/29,0.062531196,0.062530953,2.43E-07
2015/1/30,0.062531102,0.062530995,1.07E-07
2015/2/1,0.062531176,0.062530991,1.85E-07
2015/2/2,0.062531164,0.062531013,1.50E-07
2015/2/3,0.062531126,0.062531013,1.13E-07
2015/2/4,0.062531201,0.062531002,1.99E-07
2015/2/5,0.062531295,0.062531022,2.72E-07
2015/2/7,0.062531227,0.062531069,1.58E-07
2015/2/8,0.062531315,0.062531087,2.28E-07
2015/2/9,0.06253138,0.062531123,2.57E-07
2015/2/11,0.062531374,0.062531165,2.09E-07
2015/2/12,0.062531365,0.062531193,1.72E-07
2015/2/13,0.062531529,0.06253121,3.20E-07
2015/2/15,0.062531375,0.062531267,1.09E-07
2015/2/16,0.062531385,0.062531259,1.25E-07
2015/2/17,0.062531468,0.062531247,2.21E-07
2015/2/18,0.062531482,0.062531261,2.21E-07
2015/2/20,0.062531481,0.062531278,2.04E-07
2015/2/21,0.062531429,0.062531304,1.25E-07
2015/2/22,0.062530934,0.062531294,-3.60E-07
2015/2/23,0.062530827,0.062531099,-2.71E-07
2015/2/24,0.062530926,0.062530893,3.31E-08
2015/2/25,0.0625311,0.062530789,3.10E-07
2015/2/27,0.062531107,0.062530826,2.81E-07
2015/2/28,0.06253106,0.062530912,1.49E-07
2015/3/1,0.062531173,0.062530943,2.30E-07
2015/3/2,0.062531181,0.06253098,2.01E-07
2015/3/4,0.062531125,0.062531004,1.21E-07
2015/3/5,0.062531118,0.062531006,1.12E-07
2015/3/6,0.062531208,0.062530997,2.11E-07
2015/3/8,0.062531199,0.062531013,1.86E-07
2015/3/9,0.062531239,0.062531033,2.06E-07
2015/3/10,0.062531167,0.062531063,1.03E-07
2015/3/11,0.062531369,0.062531055,3.14E-07
2015/3/12,0.062531365,0.062531109,2.56E-07
2015/3/14,0.062531188,0.06253116,2.76E-08
2015/3/15,0.062531305,0.06253113,1.75E-07
2015/3/16,0.062531411,0.062531133,2.78E-07
2015/3/17,0.062531429,0.062531165,2.64E-07
2015/3/19,0.062531276,0.062531216,5.98E-08
2015/3/20,0.062531484,0.062531202,2.82E-07
2015/3/21,0.062531446,0.062531236,2.10E-07
2015/3/22,0.062531533,0.062531255,2.77E-07
2015/3/24,0.062531539,0.062531305,2.35E-07
2015/3/25,0.062531473,0.062531347,1.26E-07
2015/3/26,0.062531626,0.062531333,2.93E-07
2015/3/27,0.062531635,0.062531376,2.59E-07
2015/3/28,0.062531592,0.062531412,1.81E-07
2015/3/30,0.062531544,0.062531425,1.19E-07
2015/3/31,0.062531554,0.062531409,1.45E-07
2015/4/1,0.062530508,0.062531386,-8.78E-07
2015/4/2,0.0625299,0.062531002,-1.10E-06
2015/4/3,0.062530551,0.06253045,1.01E-07
2015/4/5,0.062530423,0.062530277,1.46E-07
2015/4/6,0.062530495,0.062530235,2.60E-07
2015/4/8,0.06253046,0.062530343,1.17E-07
2015/4/9,0.062530487,0.062530395,9.18E-08
2015/4/10,0.06253115,0.062530377,7.73E-07
2015/4/11,0.062531747,0.062530628,1.12E-06
2015/4/13,0.062531538,0.062531055,4.83E-07
2015/4/14,0.062531521,0.062531306,2.15E-07
2015/4/15,0.062531442,0.062531402,3.99E-08
2015/4/16,0.062531461,0.06253135,1.11E-07
2015/4/17,0.062531529,0.062531295,2.34E-07
2015/4/19,0.062531591,0.062531314,2.77E-07
2015/4/20,0.062531534,0.062531356,1.78E-07
2015/4/21,0.062531741,0.062531373,3.68E-07
2015/4/22,0.062531669,0.062531446,2.23E-07
2015/4/24,0.062531705,0.062531476,2.28E-07
2015/4/25,0.062531673,0.062531502,1.71E-07
2015/4/26,0.062531751,0.062531504,2.46E-07
2015/4/28,0.062531836,0.062531518,3.18E-07
2015/4/29,0.062531805,0.062531571,2.35E-07
2015/4/30,0.062531728,0.062531599,1.29E-07
2015/5/1,0.062531742,0.062531585,1.57E-07
2015/5/2,0.06253181,0.062531564,2.46E-07
2015/5/3,0.062531788,0.062531572,2.16E-07
2015/5/4,0.06253188,0.062531584,2.96E-07
2015/5/6,0.06253173,0.062531626,1.04E-07
2015/5/7,0.062531754,0.062531602,1.53E-07
2015/5/8,0.062531856,0.062531579,2.77E-07
2015/5/9,0.062531922,0.0625316,3.22E-07
2015/5/10,0.062532007,0.062531646,3.61E-07
2015/5/11,0.062531896,0.062531723,1.73E-07
2015/5/13,0.062531742,0.06253173,1.11E-08
2015/5/15,0.062531896,0.06253166,2.36E-07
2015/5/16,0.062531929,0.062531649,2.80E-07
2015/5/17,0.062532083,0.062531667,4.16E-07
2015/5/18,0.062532079,0.062531755,3.24E-07
2015/5/19,0.062532143,0.062531824,3.19E-07
2015/5/21,0.062531993,0.062531873,1.20E-07
2015/5/22,0.062532006,0.06253185,1.56E-07
2015/5/23,0.062532216,0.062531816,3.99E-07
2015/5/25,0.062531927,0.062531869,5.73E-08
2015/5/26,0.062532115,0.062531822,2.93E-07
2015/5/27,0.062531662,0.062531846,-1.84E-07
2015/5/29,0.062531599,0.062531701,-1.02E-07
2015/5/30,0.062531609,0.062531548,6.05E-08
2015/5/31,0.062531621,0.062531463,1.58E-07
2015/6/2,0.062531635,0.062531419,2.16E-07
2015/6/3,0.062531644,0.062531438,2.06E-07
2015/6/5,0.062531654,0.062531451,2.03E-07
2015/6/6,0.062531667,0.06253146,2.06E-07
2015/6/7,0.062531674,0.06253147,2.04E-07
2015/6/8,0.062531693,0.062531479,2.14E-07
2015/6/9,0.062531703,0.062531492,2.11E-07
2015/6/10,0.062531705,0.062531503,2.02E-07
2015/6/11,0.062531721,0.062531511,2.10E-07
2015/6/12,0.06253174,0.06253152,2.19E-07
2015/6/13,0.062531751,0.062531533,2.18E-07
2015/6/14,0.062531764,0.062531546,2.18E-07
2015/6/15,0.062531766,0.062531559,2.08E-07
2015/6/16,0.062531783,0.062531567,2.16E-07
2015/6/17,0.062531091,0.062531576,-4.85E-07
2015/6/18,0.062531106,0.062531336,-2.30E-07
2015/6/19,0.062531116,0.062531127,-1.07E-08
2015/6/20,0.062531127,0.062530996,1.31E-07
2015/6/22,0.062531137,0.062530954,1.82E-07
2015/6/23,0.062531146,0.062530985,1.61E-07
2015/6/24,0.062531161,0.062530994,1.66E-07
2015/6/25,0.062531166,0.062531005,1.61E-07
2015/6/26,0.062531174,0.062531014,1.61E-07
2015/6/28,0.062531184,0.062531022,1.62E-07
2015/6/29,0.062531191,0.06253103,1.61E-07
2015/6/30,0.062531198,0.062531037,1.61E-07
2015/7/1,0.062531206,0.062531044,1.61E-07
2015/7/3,0.062531212,0.062531051,1.61E-07
2015/7/4,0.062531223,0.062531057,1.66E-07
2015/7/5,0.062531245,0.062531065,1.80E-07
2015/7/6,0.062531245,0.062531078,1.67E-07
2015/7/8,0.062531261,0.062531088,1.74E-07
2015/7/10,0.062530539,0.062531099,-5.59E-07
2015/7/11,0.062530562,0.062530846,-2.84E-07
2015/7/12,0.06253057,0.062530627,-5.73E-08
2015/7/14,0.062530583,0.06253049,9.30E-08
2015/7/15,0.062530592,0.062530447,1.45E-07
2015/7/16,0.062530598,0.062530481,1.16E-07
2015/7/17,0.062530604,0.062530489,1.15E-07
2015/7/18,0.06253061,0.062530495,1.15E-07
2015/7/19,0.062530615,0.062530501,1.14E-07
2015/7/21,0.062530622,0.062530506,1.15E-07
2015/7/22,0.062530628,0.062530512,1.16E-07
2015/7/23,0.062530636,0.062530517,1.19E-07
2015/7/24,0.062530643,0.062530524,1.20E-07
2015/7/26,0.062530652,0.062530531,1.21E-07
2015/7/27,0.06253066,0.062530538,1.22E-07
2015/7/28,0.062530667,0.062530545,1.22E-07
2015/7/29,0.062530674,0.062530553,1.21E-07
2015/7/30,0.062530679,0.062530559,1.20E-07
2015/7/31,0.062530682,0.062530565,1.17E-07
2015/8/2,0.062530692,0.06253057,1.22E-07
2015/8/3,0.062530697,0.062530575,1.22E-07
2015/8/4,0.062530705,0.062530581,1.23E-07
2015/8/6,0.062530712,0.062530588,1.24E-07
2015/8/7,0.062530725,0.062530595,1.30E-07
2015/8/8,0.062530736,0.062530603,1.33E-07
2015/8/10,0.062530744,0.062530613,1.31E-07
2015/8/11,0.062530752,0.062530623,1.29E-07
2015/8/13,0.06253163,0.062530631,9.99E-07
2015/8/14,0.062531633,0.062530952,6.82E-07
2015/8/15,0.062531645,0.062531233,4.13E-07
2015/8/16,0.062531654,0.062531416,2.39E-07
2015/8/17,0.062531657,0.062531487,1.70E-07
2015/8/18,0.06253166,0.062531467,1.92E-07
2015/8/19,0.062531661,0.062531472,1.89E-07
2015/8/20,0.062531666,0.062531474,1.92E-07
2015/8/21,0.06253167,0.062531476,1.94E-07
2015/8/22,0.062531677,0.06253148,1.98E-07
2015/8/23,0.062531685,0.062531485,2.00E-07
2015/8/24,0.062531689,0.062531491,1.99E-07
2015/8/26,0.062531148,0.062531496,-3.48E-07
2015/8/27,0.062531159,0.062531307,-1.48E-07
2015/8/28,0.062531169,0.062531142,2.73E-08
2015/8/29,0.06253117,0.062531039,1.32E-07
2015/8/30,0.062531179,0.062531004,1.74E-07
2015/8/31,0.062531187,0.062531027,1.60E-07
2015/9/1,0.062531193,0.062531033,1.60E-07
2015/9/2,0.062531193,0.06253104,1.54E-07
2015/9/3,0.062531197,0.062531044,1.54E-07
2015/9/4,0.062531202,0.062531047,1.55E-07
2015/9/5,0.062531206,0.06253105,1.56E-07
2015/9/6,0.062531212,0.062531054,1.58E-07
2015/9/7,0.062531213,0.062531059,1.54E-07
2015/9/8,0.062531219,0.062531062,1.57E-07
2015/9/9,0.06253123,0.062531065,1.65E-07
2015/9/10,0.062531237,0.062531072,1.66E-07
2015/9/11,0.062531247,0.062531079,1.68E-07
2015/9/12,0.062531253,0.062531088,1.66E-07
2015/9/13,0.062531261,0.062531095,1.66E-07
2015/9/14,0.062531262,0.062531102,1.61E-07
2015/9/15,0.062531272,0.062531106,1.65E-07
2015/9/16,0.062531276,0.062531112,1.64E-07
2015/9/17,0.062531282,0.062531117,1.64E-07
2015/9/18,0.062531282,0.062531122,1.60E-07
2015/9/19,0.06253129,0.062531126,1.64E-07
2015/9/20,0.062531297,0.06253113,1.67E-07
2015/9/21,0.062531302,0.062531135,1.67E-07
2015/9/22,0.062531308,0.062531141,1.67E-07
2015/9/23,0.062531309,0.062531146,1.62E-07
2015/9/24,0.062531317,0.06253115,1.67E-07
2015/9/25,0.062531325,0.062531154,1.70E-07
2015/9/26,0.06253133,0.06253116,1.70E-07
2015/9/27,0.062531341,0.062531166,1.74E-07
2015/9/28,0.062531347,0.062531174,1.73E-07
2015/9/29,0.062531356,0.062531181,1.75E-07
2015/9/30,0.062531358,0.062531188,1.70E-07
2015/10/1,0.06253137,0.062531194,1.76E-07
2015/10/2,0.062531382,0.062531201,1.81E-07
2015/10/3,0.062531389,0.06253121,1.79E-07
2015/10/4,0.062531393,0.062531218,1.75E-07
2015/10/5,0.0625314,0.062531225,1.75E-07
2015/10/6,0.062531401,0.062531231,1.70E-07
2015/10/7,0.062531409,0.062531235,1.74E-07
2015/10/8,0.062531418,0.062531239,1.79E-07
2015/10/9,0.062531423,0.062531246,1.77E-07
2015/10/10,0.062531429,0.062531252,1.78E-07
2015/10/11,0.06253143,0.062531258,1.72E-07
2015/10/12,0.062531435,0.062531261,1.74E-07
2015/10/13,0.062531442,0.062531265,1.78E-07
2015/10/14,0.062531451,0.062531269,1.81E-07
2015/10/15,0.062531459,0.062531276,1.84E-07
2015/10/16,0.062531461,0.062531283,1.78E-07
2015/10/17,0.062531472,0.062531289,1.83E-07
2015/10/18,0.062531483,0.062531295,1.88E-07
2015/10/19,0.062531499,0.062531303,1.95E-07
2015/10/20,0.06253151,0.062531314,1.96E-07
2015/10/21,0.062531514,0.062531326,1.88E-07
2015/10/22,0.062531003,0.062531335,-3.32E-07
2015/10/23,0.062531004,0.062531157,-1.53E-07
2015/10/24,0.062531012,0.062530997,1.51E-08
2015/10/25,0.062531039,0.062530896,1.43E-07
2015/10/26,0.062531048,0.06253087,1.78E-07
2015/10/27,0.062531056,0.0625309,1.57E-07
2015/10/28,0.062531058,0.062530911,1.46E-07
2015/10/29,0.062531065,0.062530918,1.47E-07
2015/10/30,0.062531077,0.062530923,1.54E-07
2015/10/31,0.062531086,0.06253093,1.56E-07
2015/11/1,0.062531098,0.062530938,1.60E-07
2015/11/2,0.062531096,0.062530948,1.48E-07
2015/11/3,0.062531104,0.062530954,1.50E-07
2015/11/4,0.062531122,0.062530959,1.63E-07
2015/11/5,0.06253113,0.062530968,1.62E-07
2015/11/6,0.062531138,0.062530978,1.60E-07
2015/11/7,0.062531155,0.062530988,1.68E-07
2015/11/8,0.062531157,0.062530999,1.58E-07
2015/11/9,0.062531167,0.062531007,1.59E-07
2015/11/10,0.062531182,0.062531015,1.67E-07
2015/11/11,0.062531192,0.062531024,1.67E-07
2015/11/12,0.062531581,0.062531034,5.47E-07
2015/11/13,0.062531594,0.062531181,4.13E-07
2015/11/14,0.062531597,0.062531311,2.86E-07
2015/11/15,0.062531605,0.062531395,2.10E-07
2015/11/16,0.06253162,0.062531429,1.90E-07
2015/11/17,0.062531632,0.062531427,2.05E-07
2015/11/18,0.062531645,0.062531438,2.08E-07
2015/11/19,0.062531656,0.06253145,2.07E-07
2015/11/20,0.062531658,0.062531461,1.97E-07
2015/11/21,0.06253167,0.062531468,2.01E-07
2015/11/22,0.062531688,0.062531476,2.12E-07
2015/11/23,0.062531703,0.062531487,2.16E-07
2015/11/24,0.062531714,0.0625315,2.14E-07
2015/11/25,0.062531722,0.062531513,2.09E-07
2015/11/26,0.062531723,0.062531523,2.00E-07
2015/11/27,0.062531328,0.062531529,-2.01E-07
2015/11/28,0.062531338,0.062531391,-5.31E-08
2015/11/29,0.062531342,0.062531271,7.19E-08
2015/11/30,0.062531342,0.062531195,1.47E-07
2015/12/1,0.062531352,0.062531169,1.83E-07
2015/12/2,0.062531359,0.062531186,1.73E-07
2015/12/3,0.062531366,0.062531192,1.74E-07
2015/12/4,0.062531373,0.062531198,1.75E-07
2015/12/5,0.062531384,0.062531205,1.79E-07
2015/12/6,0.062531385,0.062531213,1.72E-07
2015/12/7,0.062531397,0.062531219,1.78E-07
2015/12/8,0.06253141,0.062531226,1.84E-07
2015/12/9,0.062531419,0.062531235,1.84E-07
2015/12/10,0.062531419,0.062531244,1.75E-07
2015/12/11,0.062531429,0.062531251,1.78E-07
2015/12/12,0.062531445,0.062531257,1.89E-07
2015/12/13,0.062531455,0.062531266,1.89E-07
2015/12/14,0.062531467,0.062531276,1.90E-07
2015/12/15,0.062531468,0.062531288,1.81E-07
2015/12/16,0.06253148,0.062531295,1.86E-07
2015/12/17,0.062531489,0.062531302,1.87E-07
2015/12/18,0.062531498,0.06253131,1.89E-07
2015/12/19,0.062531498,0.062531318,1.80E-07
2015/12/20,0.062531514,0.062531324,1.90E-07
2015/12/21,0.062531531,0.062531331,1.99E-07
2015/12/22,0.062531542,0.062531343,2.00E-07
2015/12/23,0.062531547,0.062531355,1.92E-07
2015/12/24,0.062531555,0.062531365,1.90E-07
2015/12/25,0.062531574,0.062531372,2.01E-07
2015/12/26,0.062531584,0.062531383,2.01E-07
2015/12/27,0.062531592,0.062531394,1.99E-07
2015/12/28,0.062531594,0.062531404,1.90E-07
2015/12/29,0.0625316,0.062531411,1.90E-07
2015/12/30,0.062531607,0.062531415,1.92E-07
2015/12/31,0.06253162,0.06253142,2.00E-07
2016/1/1,0.062531627,0.062531428,1.98E-07
2016/1/2,0.062531633,0.062531437,1.96E-07
2016/1/3,0.062531634,0.062531444,1.90E-07
2016/1/4,0.062531642,0.062531448,1.94E-07
2016/1/5,0.06253165,0.062531453,1.97E-07
2016/1/6,0.062531657,0.062531459,1.98E-07
2016/1/7,0.062531657,0.062531465,1.92E-07
2016/1/8,0.062531061,0.06253147,-4.09E-07
2016/1/9,0.062531068,0.062531259,-1.91E-07
2016/1/10,0.062531078,0.062531074,4.40E-09
2016/1/11,0.062531085,0.062530958,1.27E-07
2016/1/12,0.062531086,0.062530921,1.66E-07
2016/1/13,0.062531101,0.062530944,1.57E-07
2016/1/14,0.062531108,0.062530952,1.56E-07
2016/1/15,0.062531114,0.06253096,1.54E-07
2016/1/16,0.062531119,0.062530967,1.52E-07
2016/1/17,0.062531128,0.062530973,1.55E-07
2016/1/18,0.062531136,0.062530979,1.57E-07
2016/1/19,0.062531144,0.062530986,1.58E-07
2016/1/20,0.062531144,0.062530994,1.51E-07
2016/1/21,0.062531153,0.062530998,1.55E-07
2016/1/22,0.062531162,0.062531004,1.58E-07
2016/1/23,0.06253117,0.06253101,1.60E-07
2016/1/24,0.062531176,0.062531017,1.59E-07
2016/1/25,0.062531182,0.062531024,1.57E-07
2016/1/26,0.062531182,0.06253103,1.52E-07
2016/1/27,0.062531191,0.062531034,1.57E-07
2016/1/28,0.062531196,0.062531038,1.58E-07
2016/1/29,0.062531204,0.062531043,1.61E-07
2016/1/30,0.062531209,0.062531049,1.59E-07
2016/1/31,0.06253121,0.062531055,1.55E-07
2016/2/1,0.062531225,0.062531059,1.66E-07
2016/2/2,0.06253123,0.062531066,1.64E-07
2016/2/3,0.062531237,0.062531073,1.64E-07
2016/2/4,0.062531238,0.06253108,1.58E-07
2016/2/5,0.062531249,0.062531085,1.64E-07
2016/2/6,0.062531259,0.06253109,1.69E-07
2016/2/7,0.062531269,0.062531098,1.71E-07
2016/2/8,0.06253127,0.062531107,1.64E-07
2016/2/9,0.062531278,0.062531113,1.65E-07
2016/2/10,0.062531288,0.062531119,1.69E-07
2016/2/11,0.062531298,0.062531126,1.72E-07
2016/2/12,0.062531307,0.062531134,1.73E-07
2016/2/13,0.062531308,0.062531143,1.66E-07
2016/2/14,0.062531324,0.062531148,1.76E-07
2016/2/15,0.062531332,0.062531157,1.75E-07
2016/2/16,0.062531351,0.062531165,1.85E-07
2016/2/17,0.062531355,0.062531177,1.78E-07
2016/2/18,0.062531366,0.062531188,1.78E-07
2016/2/19,0.062531375,0.062531197,1.78E-07
2016/2/20,0.062531381,0.062531205,1.76E-07
2016/2/21,0.062531389,0.062531212,1.77E-07
2016/2/22,0.062531397,0.06253122,1.77E-07
2016/2/23,0.062531398,0.062531227,1.71E-07
2016/2/24,0.062531406,0.062531231,1.75E-07
2016/2/25,0.062531411,0.062531236,1.75E-07
2016/2/26,0.062531413,0.062531241,1.72E-07
2016/2/27,0.062531418,0.062531245,1.73E-07
2016/2/28,0.062531418,0.062531249,1.70E-07
2016/2/29,0.062531422,0.062531251,1.71E-07
2016/3/1,0.062531431,0.062531254,1.78E-07
2016/3/2,0.062531438,0.062531258,1.79E-07
2016/3/3,0.062531445,0.062531264,1.81E-07
2016/3/4,0.062531447,0.062531271,1.76E-07
2016/3/5,0.06253146,0.062531276,1.84E-07
2016/3/6,0.06253147,0.062531283,1.87E-07
2016/3/7,0.062531485,0.062531291,1.94E-07
2016/3/8,0.062531492,0.062531302,1.89E-07
2016/3/9,0.062531493,0.062531312,1.80E-07
2016/3/10,0.062531502,0.062531318,1.84E-07
2016/3/11,0.062531512,0.062531324,1.88E-07
2016/3/12,0.062531522,0.062531331,1.92E-07
2016/3/13,0.062531527,0.06253134,1.87E-07
2016/3/14,0.062531527,0.062531347,1.80E-07
2016/3/15,0.062531536,0.062531351,1.85E-07
2016/3/16,0.062531542,0.062531356,1.86E-07
2016/3/17,0.062531552,0.062531361,1.91E-07
2016/3/18,0.06253076,0.062531368,-6.08E-07
2016/3/19,0.062530779,0.06253109,-3.10E-07
2016/3/20,0.062530783,0.062530848,-6.50E-08
2016/3/21,0.062530784,0.062530694,8.98E-08
2016/3/22,0.062530799,0.06253064,1.59E-07
2016/3/23,0.062530801,0.062530673,1.28E-07
2016/3/24,0.062530811,0.062530678,1.33E-07
2016/3/25,0.062530817,0.062530686,1.31E-07
2016/3/26,0.062530821,0.062530693,1.29E-07
2016/3/27,0.062530822,0.062530698,1.24E-07
2016/3/28,0.062530828,0.062530701,1.26E-07
2016/3/29,0.062530835,0.062530704,1.30E-07
2016/3/30,0.062530841,0.062530709,1.32E-07
2016/3/31,0.062530845,0.062530714,1.31E-07
2016/4/1,0.062530846,0.06253072,1.26E-07
2016/4/2,0.062530852,0.062530723,1.28E-07
2016/4/3,0.062530859,0.062530727,1.33E-07
2016/4/4,0.062530863,0.062530732,1.32E-07
2016/4/5,0.062530871,0.062530737,1.35E-07
2016/4/6,0.062530877,0.062530743,1.35E-07
2016/4/7,0.062530878,0.062530748,1.30E-07
2016/4/8,0.062531536,0.062530752,7.84E-07
2016/4/9,0.062531542,0.062530991,5.52E-07
2016/4/10,0.062531548,0.062531202,3.46E-07
2016/4/11,0.062531558,0.062531338,2.19E-07
2016/4/12,0.062531565,0.062531393,1.72E-07
2016/4/13,0.062531568,0.06253138,1.88E-07
2016/4/14,0.062531574,0.062531386,1.88E-07
2016/4/15,0.062531579,0.062531391,1.87E-07
2016/4/16,0.062531586,0.062531395,1.91E-07
2016/4/17,0.062531593,0.062531401,1.92E-07
2016/4/18,0.062531594,0.062531407,1.87E-07
2016/4/19,0.0625316,0.062531411,1.89E-07
2016/4/20,0.062531606,0.062531416,1.90E-07
2016/4/21,0.062531612,0.06253142,1.92E-07
2016/4/22,0.062531616,0.062531425,1.92E-07
2016/4/23,0.06253162,0.06253143,1.90E-07
2016/4/24,0.062531622,0.062531434,1.88E-07
2016/4/25,0.062531628,0.062531437,1.91E-07
2016/4/26,0.062531634,0.062531441,1.93E-07
2016/4/27,0.062531641,0.062531446,1.96E-07
2016/4/28,0.062531642,0.062531451,1.90E-07
2016/4/29,0.062531652,0.062531455,1.96E-07
2016/4/30,0.062531658,0.062531461,1.97E-07
2016/5/1,0.062531667,0.062531466,2.01E-07
2016/5/2,0.062531675,0.062531473,2.01E-07
2016/5/3,0.062531676,0.062531481,1.95E-07
2016/5/4,0.062531684,0.062531486,1.98E-07
2016/5/5,0.062531691,0.062531491,1.99E-07
2016/5/6,0.062531696,0.062531497,1.99E-07
2016/5/7,0.062531703,0.062531502,2.01E-07
2016/5/8,0.062531704,0.062531508,1.96E-07
2016/5/9,0.062531711,0.062531512,1.99E-07
2016/5/10,0.06253172,0.062531516,2.04E-07
2016/5/11,0.062531725,0.062531522,2.02E-07
2016/5/12,0.06253173,0.062531528,2.02E-07
2016/5/13,0.062531732,0.062531534,1.98E-07
2016/5/14,0.062531742,0.062531538,2.04E-07
2016/5/15,0.062531752,0.062531543,2.09E-07
2016/5/16,0.062531763,0.06253155,2.13E-07
2016/5/17,0.062531763,0.062531559,2.04E-07
2016/5/18,0.062531772,0.062531565,2.06E-07
2016/5/19,0.062531779,0.062531571,2.08E-07
2016/5/20,0.062531787,0.062531577,2.10E-07
2016/5/21,0.062531792,0.062531583,2.09E-07
2016/5/22,0.062531792,0.06253159,2.03E-07
2016/5/23,0.062531796,0.062531593,2.03E-07
2016/5/24,0.062531801,0.062531596,2.04E-07
2016/5/25,0.062531804,0.062531599,2.04E-07
2016/5/26,0.062531808,0.062531602,2.05E-07
2016/5/27,0.062531808,0.062531606,2.02E-07
2016/5/28,0.062531811,0.062531608,2.03E-07
2016/5/29,0.062531819,0.06253161,2.09E-07
2016/5/30,0.062531826,0.062531614,2.12E-07
2016/5/31,0.062531833,0.06253162,2.13E-07
2016/6/1,0.062531835,0.062531626,2.09E-07
2016/6/2,0.062531844,0.062531631,2.13E-07
2016/6/3,0.062531852,0.062531636,2.15E-07
2016/6/4,0.062531859,0.062531643,2.16E-07
2016/6/5,0.062531865,0.062531649,2.16E-07
2016/6/6,0.062531872,0.062531656,2.16E-07
2016/6/7,0.062531869,0.062531662,2.07E-07
2016/6/8,0.062531873,0.062531665,2.08E-07
2016/6/9,0.062531877,0.062531667,2.10E-07
2016/6/10,0.062531879,0.062531669,2.09E-07
2016/6/11,0.062531879,0.062531672,2.08E-07
2016/6/12,0.062531885,0.062531673,2.12E-07
2016/6/13,0.062531887,0.062531676,2.11E-07
2016/6/14,0.062531895,0.062531679,2.16E-07
2016/6/15,0.062531898,0.062531684,2.14E-07
2016/6/16,0.062531901,0.062531688,2.13E-07
2016/6/17,0.062531907,0.062531691,2.16E-07
2016/6/18,0.062531917,0.062531696,2.22E-07
2016/6/19,0.062531923,0.062531702,2.21E-07
2016/6/20,0.062531928,0.062531708,2.20E-07
2016/6/21,0.062531933,0.062531714,2.19E-07
2016/6/22,0.062531934,0.062531719,2.14E-07
2016/6/23,0.062531938,0.062531722,2.16E-07
2016/6/24,0.062531941,0.062531725,2.16E-07
2016/6/25,0.062531945,0.062531728,2.17E-07
2016/6/26,0.062531946,0.062531731,2.15E-07
2016/6/27,0.062531947,0.062531734,2.13E-07
2016/6/28,0.06253195,0.062531735,2.14E-07
2016/6/29,0.062531954,0.062531737,2.17E-07
2016/6/30,0.062531958,0.062531739,2.19E-07
2016/7/1,0.062531961,0.062531742,2.19E-07
2016/7/2,0.062531962,0.062531746,2.16E-07
2016/7/3,0.062531966,0.062531748,2.18E-07
2016/7/4,0.062531972,0.062531751,2.21E-07
2016/7/5,0.062519175,0.062531754,-1.26E-05
2016/7/6,0.062519181,0.062527103,-7.92E-06
2016/7/7,0.062519187,0.062522642,-3.45E-06
2016/7/8,0.062519192,0.062519483,-2.91E-07
2016/7/9,0.062519196,0.062518299,8.97E-07
2016/7/10,0.062519196,0.062519053,1.43E-07
2016/7/11,0.062519201,0.062519056,1.45E-07
2016/7/12,0.062519206,0.062519059,1.47E-07
2016/7/13,0.062519211,0.062519063,1.48E-07
2016/7/14,0.062519216,0.062519068,1.49E-07
2016/7/15,0.062519216,0.062519074,1.42E-07
2016/7/16,0.062519221,0.062519077,1.44E-07
2016/7/17,0.062519227,0.062519081,1.47E-07
2016/7/18,0.06251923,0.062519085,1.45E-07
2016/7/19,0.062519231,0.06251909,1.41E-07
2016/7/20,0.062519236,0.062519093,1.43E-07
2016/7/21,0.062519241,0.062519096,1.45E-07
2016/7/22,0.062519248,0.0625191,1.48E-07
2016/7/23,0.062519253,0.062519106,1.46E-07
2016/7/24,0.062519258,0.062519112,1.45E-07
2016/7/25,0.06251926,0.062519118,1.42E-07
2016/7/26,0.062519261,0.062519123,1.38E-07
2016/7/27,0.062519266,0.062519125,1.41E-07
2016/7/28,0.062519267,0.062519128,1.39E-07
2016/7/29,0.062519269,0.062519131,1.38E-07
2016/7/30,0.062519273,0.062519133,1.40E-07
2016/7/31,0.062519275,0.062519136,1.39E-07
2016/8/1,0.062519276,0.062519139,1.37E-07
2016/8/2,0.062519281,0.062519141,1.40E-07
2016/8/3,0.062519285,0.062519144,1.41E-07
2016/8/4,0.062519288,0.062519148,1.41E-07
2016/8/5,0.062519293,0.062519152,1.41E-07
2016/8/6,0.062519298,0.062519156,1.42E-07
2016/8/7,0.062519299,0.062519161,1.37E-07
2016/8/8,0.062519304,0.062519165,1.40E-07
2016/8/9,0.062519309,0.062519169,1.40E-07
2016/8/10,0.062519315,0.062519173,1.42E-07
2016/8/11,0.062519317,0.062519178,1.39E-07
2016/8/12,0.062519322,0.062519183,1.39E-07
2016/8/13,0.062519322,0.062519187,1.35E-07
2016/8/14,0.062519327,0.06251919,1.37E-07
2016/8/15,0.062519333,0.062519193,1.40E-07
2016/8/16,0.062519335,0.062519198,1.37E-07
2016/8/17,0.062519336,0.062519202,1.34E-07
2016/8/18,0.062519341,0.062519205,1.36E-07
2016/8/19,0.062519345,0.062519208,1.37E-07
2016/8/20,0.062519351,0.062519212,1.39E-07
2016/8/21,0.062519354,0.062519217,1.37E-07
2016/8/22,0.062519354,0.062519222,1.32E-07
2016/8/23,0.062519361,0.062519225,1.36E-07
2016/8/24,0.062519364,0.062519228,1.36E-07
2016/8/25,0.062519368,0.062519232,1.36E-07
2016/8/26,0.062519372,0.062519237,1.35E-07
2016/8/27,0.062519372,0.062519241,1.30E-07
2016/8/28,0.062519376,0.062519243,1.32E-07
2016/8/29,0.062519381,0.062519246,1.35E-07
2016/8/30,0.062519385,0.06251925,1.35E-07
2016/8/31,0.062519389,0.062519254,1.35E-07
2016/9/1,0.062519392,0.062519259,1.33E-07
2016/9/2,0.062519394,0.062519263,1.31E-07
2016/9/3,0.062519402,0.062519266,1.36E-07
2016/9/4,0.062519407,0.062519271,1.36E-07
2016/9/5,0.062519414,0.062519277,1.37E-07
2016/9/6,0.062519418,0.062519283,1.35E-07
2016/9/7,0.062519419,0.062519289,1.29E-07
2016/9/8,0.062519424,0.062519293,1.31E-07
2016/9/9,0.062519432,0.062519297,1.35E-07
2016/9/10,0.062519438,0.062519302,1.36E-07
2016/9/11,0.062519441,0.062519309,1.32E-07
2016/9/12,0.062519442,0.062519315,1.27E-07
2016/9/13,0.062519449,0.062519318,1.31E-07
2016/9/14,0.062519452,0.062519322,1.30E-07
2016/9/15,0.062519456,0.062519326,1.30E-07
2016/9/16,0.06251946,0.06251933,1.30E-07
2016/9/17,0.062519462,0.062519335,1.27E-07
2016/9/18,0.062519468,0.062519338,1.29E-07
2016/9/19,0.062519473,0.062519342,1.30E-07
2016/9/20,0.062519479,0.062519347,1.32E-07
2016/9/21,0.06251948,0.062519353,1.27E-07
2016/9/22,0.062519486,0.062519358,1.28E-07
2016/9/23,0.062519493,0.062519362,1.31E-07
2016/9/24,0.062519498,0.062519368,1.31E-07
2016/9/25,0.0625195,0.062519374,1.26E-07
2016/9/26,0.062519506,0.062519379,1.27E-07
2016/9/28,0.062519513,0.062519383,1.30E-07
2016/9/29,0.06251952,0.062519389,1.32E-07
2016/9/30,0.062519524,0.062519396,1.28E-07
2016/10/1,0.062519528,0.062519402,1.26E-07
2016/10/2,0.062519532,0.062519407,1.25E-07
2016/10/3,0.062519537,0.062519412,1.25E-07
2016/10/4,0.062519538,0.062519416,1.22E-07
2016/10/5,0.062519546,0.06251942,1.26E-07
2016/10/6,0.062519551,0.062519424,1.27E-07
2016/10/7,0.062519559,0.06251943,1.29E-07
2016/10/8,0.062519564,0.062519437,1.27E-07
2016/10/9,0.062519571,0.062519444,1.27E-07
2016/10/10,0.062519572,0.062519451,1.21E-07
2016/10/11,0.062519579,0.062519456,1.23E-07
2016/10/12,0.062519586,0.062519461,1.25E-07
2016/10/13,0.062519593,0.062519466,1.26E-07
2016/10/14,0.062519594,0.062519473,1.20E-07
2016/10/15,0.062519601,0.062519478,1.22E-07
2016/10/16,0.062519608,0.062519484,1.24E-07
2016/10/17,0.062519613,0.06251949,1.24E-07
2016/10/18,0.062519617,0.062519496,1.21E-07
2016/10/19,0.062519623,0.062519502,1.21E-07
2016/10/20,0.062519624,0.062519508,1.17E-07
2016/10/21,0.06251963,0.062519511,1.19E-07
2016/10/22,0.062519637,0.062519516,1.22E-07
2016/10/23,0.062519645,0.062519521,1.23E-07
2016/10/24,0.062519646,0.062519528,1.17E-07
2016/10/25,0.062519651,0.062519534,1.17E-07
2016/10/26,0.062519658,0.062519538,1.20E-07
2016/10/27,0.062519663,0.062519543,1.19E-07
2016/10/28,0.062519667,0.062519549,1.18E-07
2016/10/29,0.062519669,0.062519555,1.14E-07
2016/10/30,0.062519673,0.062519559,1.14E-07
2016/10/31,0.062519679,0.062519562,1.17E-07
2016/11/1,0.062519683,0.062519567,1.16E-07
2016/11/2,0.062519689,0.062519571,1.18E-07
2016/11/3,0.06251969,0.062519577,1.13E-07
2016/11/4,0.062519694,0.062519581,1.13E-07
2016/11/5,0.062519701,0.062519585,1.16E-07
2016/11/6,0.062519707,0.062519589,1.18E-07
2016/11/7,0.062519714,0.062519595,1.18E-07
2016/11/8,0.062519715,0.062519603,1.12E-07
2016/11/9,0.062519721,0.062519607,1.13E-07
2016/11/10,0.062519727,0.062519612,1.15E-07
2016/11/11,0.062519734,0.062519617,1.17E-07
2016/11/12,0.062519738,0.062519623,1.15E-07
2016/11/13,0.062519744,0.06251963,1.14E-07
2016/11/14,0.062519743,0.062519636,1.08E-07
2016/11/15,0.062519747,0.062519639,1.08E-07
2016/11/16,0.062519751,0.062519641,1.10E-07
2016/11/17,0.062519755,0.062519645,1.10E-07
2016/11/18,0.06251976,0.062519648,1.12E-07
2016/11/19,0.06251976,0.062519653,1.07E-07
2016/11/20,0.062519764,0.062519657,1.08E-07
2016/11/21,0.062519774,0.062519659,1.15E-07
2016/11/22,0.06251978,0.062519665,1.15E-07
2016/11/23,0.062519785,0.062519672,1.13E-07
2016/11/24,0.062519786,0.062519679,1.06E-07
2016/11/25,0.062519794,0.062519683,1.10E-07
2016/11/26,0.062519801,0.062519688,1.13E-07
2016/11/27,0.062519805,0.062519694,1.10E-07
2016/11/28,0.062519805,0.062519701,1.04E-07
2016/11/29,0.062519809,0.062519704,1.05E-07
2016/11/30,0.062519814,0.062519707,1.07E-07
2016/12/1,0.062519819,0.062519711,1.08E-07
2016/12/2,0.062519822,0.062519715,1.07E-07
2016/12/3,0.062519822,0.06251972,1.02E-07
2016/12/4,0.062519828,0.062519723,1.06E-07
2016/12/5,0.062519833,0.062519726,1.07E-07
2016/12/6,0.06251984,0.062519731,1.10E-07
2016/12/7,0.062519841,0.062519737,1.05E-07
2016/12/8,0.062519848,0.062519742,1.06E-07
2016/12/9,0.062519854,0.062519747,1.08E-07
2016/12/10,0.06251986,0.062519752,1.08E-07
2016/12/11,0.062519863,0.062519758,1.05E-07
2016/12/12,0.062519868,0.062519764,1.04E-07
2016/12/13,0.062519868,0.062519769,9.97E-08
2016/12/14,0.062519872,0.062519771,1.00E-07
2016/12/15,0.062519874,0.062519774,9.97E-08
2016/12/16,0.062519876,0.062519776,9.93E-08
2016/12/17,0.062519878,0.062519778,9.98E-08
2016/12/18,0.06251988,0.062519781,9.94E-08
2016/12/19,0.062519881,0.062519783,9.78E-08
2016/12/20,0.062519888,0.062519785,1.02E-07
2016/12/21,0.062519893,0.062519789,1.04E-07
2016/12/22,0.062519899,0.062519794,1.06E-07
2016/12/23,0.062519905,0.0625198,1.05E-07
2016/12/24,0.062519905,0.062519806,9.89E-08
2016/12/25,0.062519909,0.06251981,9.91E-08
2016/12/26,0.062519918,0.062519813,1.04E-07
2016/12/27,0.062519921,0.062519819,1.02E-07
2016/12/28,0.062519925,0.062519824,1.01E-07
2016/12/29,0.062519925,0.062519829,9.56E-08
2016/12/30,0.062519928,0.062519832,9.58E-08
2016/12/31,0.062519931,0.062519834,9.69E-08
2017/1/1,0.062519933,0.062519836,9.71E-08
2017/1/2,0.062519933,0.062519839,9.43E-08
2017/1/3,0.062519938,0.062519841,9.75E-08
2017/1/4,0.062519942,0.062519844,9.85E-08
2017/1/5,0.062519948,0.062519847,1.01E-07
2017/1/6,0.062519952,0.062519852,9.98E-08
2017/1/8,0.062519959,0.062519858,1.02E-07
2017/1/9,0.062519964,0.062519864,1.00E-07
2017/1/10,0.062519968,0.062519869,9.84E-08
2017/1/11,0.062519973,0.062519875,9.80E-08
2017/1/12,0.062519974,0.062519879,9.46E-08
2017/1/13,0.062519976,0.062519883,9.35E-08
2017/1/14,0.062519977,0.062519885,9.18E-08
2017/1/15,0.062519977,0.062519887,8.97E-08
2017/1/16,0.062519981,0.062519888,9.28E-08
2017/1/17,0.062519982,0.062519889,9.28E-08
2017/1/18,0.062519985,0.062519891,9.41E-08
2017/1/19,0.062519989,0.062519894,9.44E-08
2017/1/20,0.062519989,0.062519897,9.20E-08
2017/1/21,0.062519997,0.0625199,9.73E-08
2017/1/22,0.062520002,0.062519904,9.81E-08
2017/1/23,0.062520008,0.062519909,9.89E-08
2017/1/24,0.062520012,0.062519916,9.63E-08
2017/1/25,0.062520014,0.062519921,9.28E-08
2017/1/26,0.062520019,0.062519925,9.40E-08
2017/1/27,0.062520024,0.062519929,9.45E-08
2017/1/28,0.062520024,0.062519933,9.12E-08
2017/1/29,0.062520027,0.062519937,9.02E-08
2017/1/30,0.062520027,0.062519939,8.80E-08
2017/1/31,0.06252003,0.06251994,8.91E-08
2017/2/2,0.062520036,0.062519942,9.39E-08
2017/2/4,0.062520043,0.062519946,9.72E-08
2017/2/5,0.062520048,0.062519951,9.64E-08
2017/2/6,0.062520049,0.062519958,9.11E-08
2017/2/7,0.062520057,0.062519962,9.41E-08
2017/2/8,0.06252006,0.062519967,9.30E-08
2017/2/9,0.062520065,0.062519972,9.26E-08
2017/2/10,0.062520065,0.062519977,8.80E-08
2017/2/11,0.062520069,0.06251998,8.86E-08
2017/2/12,0.062520072,0.062519983,8.88E-08
2017/2/13,0.062520072,0.062519986,8.68E-08
2017/2/14,0.062520075,0.062519988,8.69E-08
2017/2/15,0.062520074,0.06251999,8.44E-08
2017/2/16,0.062520077,0.062519991,8.59E-08
2017/2/17,0.06252008,0.062519992,8.83E-08
2017/2/18,0.062520083,0.062519994,8.90E-08
2017/2/19,0.062520084,0.062519998,8.68E-08
2017/2/20,0.062520092,0.06252,9.16E-08
2017/2/21,0.062520097,0.062520005,9.22E-08
2017/2/22,0.062520105,0.06252001,9.48E-08
2017/2/23,0.062520109,0.062520017,9.20E-08
2017/2/24,0.062520116,0.062520023,9.27E-08
2017/2/25,0.062520117,0.06252003,8.75E-08
2017/2/26,0.06252012,0.062520034,8.63E-08
2017/2/27,0.062520124,0.062520038,8.67E-08
2017/2/28,0.062520125,0.062520041,8.43E-08
2017/3/1,0.06252013,0.062520043,8.63E-08
2017/3/2,0.06252013,0.062520047,8.34E-08
2017/3/3,0.062520133,0.062520049,8.38E-08
2017/3/4,0.062520137,0.062520051,8.59E-08
2017/3/5,0.062520142,0.062520054,8.74E-08
2017/3/6,0.062520146,0.062520058,8.82E-08
2017/3/7,0.062520148,0.062520063,8.50E-08
2017/3/8,0.062520155,0.062520067,8.76E-08
2017/3/9,0.062520162,0.062520072,8.98E-08
2017/3/10,0.062520167,0.062520077,9.00E-08
2017/3/11,0.062520168,0.062520084,8.41E-08
2017/3/12,0.062520171,0.062520089,8.24E-08
2017/3/13,0.062520178,0.062520092,8.63E-08
2017/3/14,0.06252018,0.062520096,8.44E-08
2017/3/15,0.062520182,0.0625201,8.21E-08
2017/3/16,0.062520183,0.062520104,7.93E-08
2017/3/17,0.062520184,0.062520105,7.89E-08
2017/3/18,0.062520186,0.062520106,7.98E-08
2017/3/19,0.062520189,0.062520108,8.07E-08
2017/3/20,0.062520192,0.06252011,8.18E-08
2017/3/21,0.062520195,0.062520113,8.21E-08
2017/3/22,0.062520201,0.062520116,8.53E-08
2017/3/23,0.062520208,0.062520121,8.70E-08
2017/3/24,0.062520212,0.062520126,8.53E-08
2017/3/25,0.062520217,0.062520132,8.49E-08
2017/3/26,0.062520223,0.062520138,8.46E-08
2017/3/27,0.062520228,0.062520143,8.42E-08
2017/3/28,0.062520233,0.062520149,8.37E-08
2017/3/29,0.062520236,0.062520154,8.15E-08
2017/3/30,0.062520238,0.062520159,7.94E-08
2017/3/31,0.062520241,0.062520162,7.82E-08
2017/4/1,0.062520242,0.062520165,7.71E-08
2017/4/2,0.062520244,0.062520167,7.68E-08
2017/4/3,0.062520248,0.062520169,7.90E-08
2017/4/4,0.062520252,0.062520172,8.03E-08
2017/4/5,0.062520257,0.062520176,8.17E-08
2017/4/6,0.062520262,0.062520181,8.16E-08
2017/4/7,0.062520267,0.062520186,8.09E-08
2017/4/8,0.062520273,0.062520191,8.22E-08
2017/4/9,0.062520278,0.062520196,8.16E-08
2017/4/10,0.062520284,0.062520202,8.17E-08
2017/4/11,0.062520287,0.062520208,7.97E-08
2017/4/12,0.062520291,0.062520213,7.80E-08
2017/4/13,0.062520294,0.062520217,7.69E-08
2017/4/14,0.062520296,0.062520221,7.47E-08
2017/4/15,0.062520298,0.062520224,7.43E-08
2017/4/16,0.0625203,0.062520226,7.43E-08
2017/4/17,0.062520302,0.062520228,7.40E-08
2017/4/18,0.062520306,0.062520231,7.54E-08
2017/4/19,0.062520309,0.062520233,7.59E-08
2017/4/20,0.062520315,0.062520237,7.82E-08
2017/4/21,0.062520322,0.062520241,8.06E-08
2017/4/22,0.062520329,0.062520247,8.21E-08
2017/4/23,0.062520338,0.062520254,8.38E-08
2017/4/24,0.062520344,0.062520263,8.08E-08
2017/4/25,0.062520348,0.06252027,7.71E-08
2017/4/26,0.062520354,0.062520277,7.75E-08
2017/4/27,0.062520357,0.062520282,7.49E-08
2017/4/28,0.062520361,0.062520287,7.46E-08
2017/4/29,0.062520364,0.062520291,7.31E-08
2017/4/30,0.062520367,0.062520295,7.15E-08
2017/5/1,0.062520369,0.062520298,7.11E-08
2017/5/2,0.062520372,0.062520301,7.04E-08
2017/5/3,0.062520373,0.062520304,6.91E-08
2017/5/4,0.062520375,0.062520306,6.97E-08
2017/5/5,0.062520378,0.062520308,6.99E-08
2017/5/6,0.062520382,0.06252031,7.26E-08
2017/5/7,0.062520387,0.062520313,7.39E-08
2017/5/8,0.062520392,0.062520318,7.46E-08
2017/5/9,0.062520397,0.062520323,7.41E-08
2017/5/10,0.062520399,0.062520328,7.11E-08
2017/5/11,0.062520403,0.062520332,7.08E-08
2017/5/12,0.062520409,0.062520336,7.24E-08
2017/5/13,0.062520413,0.06252034,7.23E-08
2017/5/14,0.062520413,0.062520345,6.84E-08
2017/5/15,0.062520416,0.062520348,6.82E-08
2017/5/16,0.062520418,0.062520351,6.66E-08
2017/5/17,0.06252042,0.062520353,6.67E-08
2017/5/18,0.062520423,0.062520355,6.82E-08
2017/5/19,0.062520424,0.062520357,6.70E-08
2017/5/20,0.062520429,0.062520359,6.94E-08
2017/5/21,0.062520435,0.062520363,7.20E-08
2017/5/22,0.06252044,0.062520367,7.26E-08
2017/5/23,0.062520443,0.062520373,7.03E-08
2017/5/24,0.062520447,0.062520378,6.90E-08
2017/5/25,0.062520454,0.062520382,7.18E-08
2017/5/26,0.06252046,0.062520387,7.23E-08
2017/5/27,0.062520463,0.062520393,7.00E-08
2017/5/28,0.06252047,0.062520399,7.13E-08
2017/5/29,0.062520471,0.062520405,6.61E-08
2017/5/30,0.062520473,0.062520408,6.49E-08
2017/5/31,0.062520477,0.062520411,6.56E-08
2017/6/1,0.062520478,0.062520414,6.42E-08
2017/6/2,0.062520479,0.062520416,6.23E-08
2017/6/3,0.062520485,0.062520418,6.68E-08
2017/6/4,0.062520487,0.062520421,6.53E-08
2017/6/5,0.062520489,0.062520424,6.50E-08
2017/6/6,0.062520495,0.062520428,6.71E-08
2017/6/7,0.0625205,0.062520432,6.80E-08
2017/6/8,0.062520503,0.062520436,6.67E-08
2017/6/9,0.062520509,0.062520441,6.76E-08
2017/6/10,0.062520512,0.062520446,6.64E-08
2017/6/11,0.062520515,0.06252045,6.48E-08
2017/6/12,0.062520518,0.062520455,6.32E-08
2017/6/13,0.062520521,0.062520458,6.36E-08
2017/6/14,0.062520523,0.062520461,6.22E-08
2017/6/15,0.062520511,0.062520464,4.71E-08
2017/6/16,0.062520528,0.06252046,6.82E-08
2017/6/17,0.062520529,0.062520463,6.64E-08
2017/6/18,0.062520531,0.062520467,6.44E-08
2017/6/19,0.062520533,0.062520472,6.15E-08
2017/6/20,0.062520538,0.062520476,6.27E-08
2017/6/21,0.062520541,0.062520478,6.33E-08
2017/6/22,0.062520546,0.062520481,6.49E-08
2017/6/23,0.062520551,0.062520486,6.52E-08
2017/6/24,0.062520554,0.062520491,6.28E-08
2017/6/25,0.062520556,0.062520495,6.08E-08
2017/6/26,0.06252056,0.062520498,6.17E-08
2017/6/27,0.062520565,0.062520501,6.35E-08
2017/6/28,0.062520567,0.062520505,6.12E-08
2017/6/29,0.062520569,0.062520509,6.00E-08
2017/6/30,0.062520571,0.062520512,5.85E-08
2017/7/1,0.062520572,0.062520514,5.81E-08
2017/7/2,0.062520575,0.062520516,5.92E-08
2017/7/3,0.062520574,0.062520518,5.61E-08
2017/7/4,0.062520576,0.06252052,5.66E-08
2017/7/5,0.062520581,0.062520521,6.00E-08
2017/7/6,0.062520584,0.062520523,6.06E-08
2017/7/7,0.062520588,0.062520526,6.14E-08
2017/7/8,0.062520592,0.06252053,6.15E-08
2017/7/9,0.062520595,0.062520534,6.07E-08
2017/7/10,0.062520599,0.062520538,6.10E-08
2017/7/11,0.0625206,0.062520543,5.79E-08
2017/7/12,0.062520604,0.062520546,5.80E-08
2017/7/13,0.062520609,0.062520548,6.05E-08
2017/7/14,0.062520611,0.062520552,5.86E-08
2017/7/15,0.062520614,0.062520555,5.90E-08
2017/7/16,0.062520616,0.062520559,5.69E-08
2017/7/17,0.062520617,0.062520562,5.56E-08
2017/7/18,0.062520622,0.062520564,5.83E-08
2017/7/19,0.062520623,0.062520566,5.67E-08
2017/7/20,0.062520625,0.062520569,5.60E-08
2017/7/21,0.062520627,0.062520572,5.53E-08
2017/7/22,0.062520632,0.062520574,5.83E-08
2017/7/23,0.062520635,0.062520577,5.85E-08
2017/7/24,0.062520638,0.06252058,5.80E-08
2017/7/25,0.062520639,0.062520584,5.53E-08
2017/7/26,0.062520643,0.062520587,5.62E-08
2017/7/27,0.062520647,0.062520589,5.79E-08
2017/7/28,0.062520651,0.062520593,5.84E-08
2017/7/29,0.062520653,0.062520597,5.63E-08
2017/7/30,0.062520656,0.062520601,5.48E-08
2017/7/31,0.062520658,0.062520603,5.41E-08
2017/8/1,0.062520658,0.062520606,5.29E-08
2017/8/2,0.062520662,0.062520607,5.47E-08
2017/8/3,0.062520663,0.06252061,5.39E-08
2017/8/4,0.062520664,0.062520612,5.27E-08
2017/8/5,0.062520669,0.062520613,5.53E-08
2017/8/6,0.06252067,0.062520616,5.40E-08
2017/8/7,0.062520673,0.062520619,5.40E-08
2017/8/8,0.062520676,0.062520621,5.45E-08
2017/8/9,0.06252068,0.062520624,5.55E-08
2017/8/10,0.062520684,0.062520627,5.72E-08
2017/8/11,0.062520686,0.062520632,5.42E-08
2017/8/12,0.06252069,0.062520635,5.52E-08
2017/8/13,0.062520694,0.062520639,5.51E-08
2017/8/14,0.062520694,0.062520642,5.19E-08
2017/8/15,0.062520696,0.062520645,5.14E-08
2017/8/16,0.062520699,0.062520647,5.25E-08
2017/8/17,0.062520702,0.062520649,5.31E-08
2017/8/18,0.062520704,0.062520651,5.30E-08
2017/8/19,0.062520707,0.062520654,5.30E-08
2017/8/20,0.062520709,0.062520657,5.13E-08
2017/8/21,0.062520712,0.06252066,5.20E-08
2017/8/22,0.062520715,0.062520662,5.30E-08
2017/8/23,0.062520719,0.062520665,5.44E-08
2017/8/24,0.062520725,0.062520669,5.58E-08
2017/8/25,0.062520726,0.062520674,5.29E-08
2017/8/26,0.062520731,0.062520677,5.30E-08
2017/8/27,0.062520734,0.062520681,5.31E-08
2017/8/28,0.062520738,0.062520685,5.27E-08
2017/8/29,0.062520739,0.062520689,5.04E-08
2017/8/30,0.062520743,0.062520692,5.19E-08
2017/8/31,0.062520749,0.062520695,5.46E-08
2017/9/1,0.062520752,0.062520699,5.28E-08
2017/9/2,0.062520754,0.062520703,5.04E-08
2017/9/3,0.062520755,0.062520707,4.81E-08
2017/9/4,0.06252076,0.062520709,5.08E-08
2017/9/5,0.062520764,0.062520712,5.22E-08
2017/9/6,0.06252077,0.062520716,5.44E-08
2017/9/7,0.062520776,0.062520721,5.55E-08
2017/9/8,0.062520778,0.062520727,5.16E-08
2017/9/9,0.062520786,0.062520732,5.44E-08
2017/9/10,0.062520791,0.062520737,5.33E-08
2017/9/11,0.062520796,0.062520743,5.33E-08
2017/9/12,0.062520802,0.062520748,5.40E-08
2017/9/13,0.062520807,0.062520755,5.23E-08
2017/9/14,0.062520807,0.06252076,4.69E-08
2017/9/15,0.062520812,0.062520764,4.85E-08
2017/9/16,0.062520817,0.062520767,4.97E-08
2017/9/17,0.062520821,0.062520771,5.01E-08
2017/9/18,0.062520822,0.062520776,4.65E-08
2017/9/19,0.062520824,0.062520779,4.47E-08
2017/9/20,0.062520827,0.062520781,4.58E-08
2017/9/21,0.062520831,0.062520783,4.72E-08
2017/9/22,0.062520833,0.062520786,4.66E-08
2017/9/23,0.062520836,0.062520789,4.68E-08
2017/9/24,0.06252084,0.062520793,4.72E-08
2017/9/25,0.062520842,0.062520796,4.61E-08
2017/9/26,0.062520848,0.062520799,4.89E-08
2017/9/27,0.062520855,0.062520804,5.11E-08
2017/9/28,0.062520862,0.062520809,5.29E-08
2017/9/29,0.062520865,0.062520816,4.84E-08
2017/9/30,0.062520868,0.062520822,4.56E-08
2017/10/1,0.062520876,0.062520826,4.99E-08
2017/10/2,0.062520879,0.062520832,4.79E-08
2017/10/3,0.062520884,0.062520837,4.78E-08
2017/10/4,0.062520887,0.062520842,4.55E-08
2017/10/5,0.062520892,0.062520846,4.60E-08
2017/10/6,0.062520894,0.062520851,4.36E-08
2017/10/7,0.062520898,0.062520854,4.34E-08
2017/10/8,0.0625209,0.062520857,4.29E-08
2017/10/9,0.062520904,0.06252086,4.39E-08
2017/10/10,0.062520907,0.062520864,4.30E-08
2017/10/11,0.062520911,0.062520867,4.43E-08
2017/10/12,0.062520918,0.062520871,4.76E-08
2017/10/13,0.062520923,0.062520876,4.63E-08
2017/10/14,0.062520929,0.062520882,4.72E-08
2017/10/15,0.062520932,0.062520888,4.42E-08
2017/10/16,0.062520937,0.062520893,4.42E-08
2017/10/17,0.062520941,0.062520897,4.30E-08
2017/10/18,0.062520941,0.062520902,3.95E-08
2017/10/19,0.062520946,0.062520905,4.19E-08
2017/10/20,0.062520949,0.062520908,4.12E-08
2017/10/21,0.062520951,0.062520911,3.98E-08
2017/10/22,0.062520954,0.062520914,4.02E-08
2017/10/23,0.062520955,0.062520917,3.83E-08
2017/10/24,0.062520962,0.062520919,4.30E-08
2017/10/25,0.062520968,0.062520923,4.51E-08
2017/10/26,0.062520972,0.062520929,4.36E-08
2017/10/27,0.062520976,0.062520934,4.16E-08
2017/10/28,0.062520981,0.062520939,4.23E-08
2017/10/29,0.062520987,0.062520944,4.32E-08
2017/10/30,0.062520994,0.062520949,4.51E-08
2017/10/31,0.062520998,0.062520955,4.23E-08
2017/11/1,0.062521001,0.062520961,3.99E-08
2017/11/2,0.062521005,0.062520966,3.94E-08
2017/11/3,0.062521008,0.06252097,3.78E-08
2017/11/4,0.062521012,0.062520973,3.92E-08
2017/11/5,0.062521013,0.062520977,3.66E-08
2017/11/6,0.062521015,0.06252098,3.51E-08
2017/11/7,0.062521019,0.062520982,3.71E-08
2017/11/8,0.062521026,0.062520985,4.12E-08
2017/11/9,0.062521031,0.062520989,4.20E-08
2017/11/10,0.062521035,0.062520995,3.97E-08
2017/11/11,0.062521036,0.062521,3.56E-08
2017/11/12,0.062521044,0.062521004,4.05E-08
2017/11/13,0.06252105,0.062521009,4.10E-08
2017/11/14,0.062521055,0.062521014,4.10E-08
2017/11/15,0.062521057,0.062521021,3.66E-08
2017/11/16,0.062521064,0.062521025,3.89E-08
2017/11/17,0.06252107,0.06252103,3.95E-08
2017/11/18,0.062521073,0.062521036,3.71E-08
2017/11/19,0.062521075,0.06252104,3.42E-08
2017/11/20,0.062521078,0.062521044,3.40E-08
2017/11/21,0.062521078,0.062521047,3.14E-08
2017/11/22,0.062521084,0.062521049,3.52E-08
2017/11/23,0.062521087,0.062521052,3.48E-08
2017/11/24,0.062521088,0.062521056,3.28E-08
2017/11/25,0.062521093,0.062521059,3.48E-08
2017/11/26,0.0625211,0.062521062,3.82E-08
2017/11/27,0.062521107,0.062521067,3.97E-08
2017/11/28,0.062521115,0.062521074,4.12E-08
2017/11/29,0.062521118,0.062521081,3.68E-08
2017/11/30,0.062521123,0.062521088,3.56E-08
2017/12/1,0.062521126,0.062521093,3.32E-08
2017/12/2,0.062521131,0.062521097,3.35E-08
2017/12/3,0.062520483,0.062521101,-6.18E-07
2017/12/4,0.062520483,0.062520844,-3.60E-07
2017/12/5,0.062520484,0.062520593,-1.08E-07
2017/12/6,0.062520491,0.062520431,6.01E-08
2017/12/7,0.062520491,0.062520385,1.06E-07
2017/12/8,0.062520494,0.06252043,6.39E-08
2017/12/9,0.062520499,0.062520433,6.61E-08
2017/12/10,0.062520502,0.062520437,6.58E-08
2017/12/11,0.062520505,0.06252044,6.47E-08
2017/12/12,0.062520513,0.062520444,6.90E-08
2017/12/13,0.062520518,0.062520449,6.84E-08
2017/12/14,0.062520523,0.062520455,6.87E-08
2017/12/15,0.062520527,0.062520461,6.62E-08
2017/12/16,0.062520529,0.062520466,6.27E-08
2017/12/17,0.062520536,0.06252047,6.63E-08
2017/12/18,0.062520539,0.062520474,6.45E-08
2017/12/19,0.062520541,0.062520479,6.28E-08
2017/12/20,0.062520543,0.062520482,6.01E-08
2017/12/21,0.062520545,0.062520485,5.97E-08
2017/12/22,0.062520548,0.062520487,6.08E-08
2017/12/23,0.062520549,0.062520489,6.03E-08
2017/12/24,0.062520553,0.062520491,6.15E-08
2017/12/25,0.062520558,0.062520494,6.40E-08
2017/12/26,0.062520559,0.062520498,6.09E-08
2017/12/27,0.062520567,0.062520502,6.49E-08
2017/12/28,0.062520572,0.062520506,6.55E-08
2017/12/29,0.062520576,0.062520512,6.37E-08
2017/12/30,0.062520579,0.062520517,6.18E-08
2017/12/31,0.062520584,0.062520522,6.26E-08
2018/1/1,0.062520588,0.062520526,6.15E-08
2018/1/2,0.062520591,0.06252053,6.13E-08
2018/1/3,0.062520592,0.062520534,5.75E-08
2018/1/4,0.062520594,0.062520537,5.65E-08
2018/1/5,0.062520596,0.062520539,5.72E-08
2018/1/6,0.062520598,0.062520541,5.70E-08
2018/1/7,0.062520598,0.062520542,5.55E-08
2018/1/8,0.0625206,0.062520544,5.57E-08
2018/1/9,0.062520604,0.062520545,5.84E-08
2018/1/10,0.062520607,0.062520547,5.96E-08
2018/1/11,0.062520611,0.062520551,6.07E-08
2018/1/12,0.062520615,0.062520555,5.97E-08
2018/1/13,0.06252062,0.062520559,6.10E-08
2018/1/14,0.062520626,0.062520564,6.26E-08
2018/1/15,0.062520631,0.062520569,6.18E-08
2018/1/16,0.062520631,0.062520575,5.65E-08
2018/1/17,0.062520636,0.062520578,5.74E-08
2018/1/18,0.062520637,0.062520582,5.58E-08
2018/1/19,0.062520639,0.062520584,5.53E-08
2018/1/20,0.06252064,0.062520586,5.41E-08
2018/1/21,0.062520641,0.062520588,5.30E-08
2018/1/22,0.062520642,0.062520589,5.22E-08
2018/1/23,0.062520644,0.06252059,5.40E-08
2018/1/24,0.062520648,0.062520592,5.63E-08
2018/1/25,0.062520652,0.062520594,5.80E-08
2018/1/26,0.062520655,0.062520598,5.77E-08
2018/1/27,0.062520659,0.062520602,5.73E-08
2018/1/28,0.062520662,0.062520606,5.57E-08
2018/1/29,0.062520668,0.062520609,5.89E-08
2018/1/30,0.062520672,0.062520614,5.84E-08
2018/1/31,0.062520676,0.062520618,5.77E-08
2018/2/1,0.062520678,0.062520623,5.49E-08
2018/2/2,0.06252068,0.062520627,5.32E-08
2018/2/3,0.062520681,0.06252063,5.13E-08
2018/2/4,0.062520681,0.062520631,5.01E-08
2018/2/5,0.062520684,0.062520632,5.22E-08
2018/2/6,0.062520685,0.062520633,5.12E-08
2018/2/7,0.062520686,0.062520635,5.12E-08
2018/2/8,0.062520689,0.062520636,5.30E-08
2018/2/9,0.062520691,0.062520638,5.26E-08
2018/2/10,0.062520693,0.06252064,5.30E-08
2018/2/11,0.0625207,0.062520643,5.67E-08
2018/2/12,0.062520703,0.062520647,5.59E-08
2018/2/13,0.062520709,0.062520652,5.77E-08
2018/2/14,0.062520713,0.062520657,5.62E-08
2018/2/15,0.062520717,0.062520662,5.49E-08
2018/2/16,0.062520719,0.062520667,5.25E-08
2018/2/17,0.062520721,0.06252067,5.12E-08
2018/2/18,0.062520724,0.062520673,5.18E-08
2018/2/19,0.062520725,0.062520675,4.97E-08
2018/2/20,0.062520726,0.062520677,4.87E-08
2018/2/21,0.062520728,0.062520679,4.96E-08
2018/2/22,0.062520729,0.06252068,4.86E-08
2018/2/23,0.06252073,0.062520681,4.89E-08
2018/2/24,0.062520733,0.062520683,5.08E-08
2018/2/25,0.062520738,0.062520685,5.32E-08
2018/2/26,0.06252074,0.062520688,5.17E-08
2018/2/27,0.062520746,0.062520692,5.41E-08
2018/2/28,0.06252075,0.062520696,5.43E-08
2018/3/1,0.062520756,0.062520701,5.51E-08
2018/3/2,0.062520758,0.062520706,5.19E-08
2018/3/3,0.062520762,0.062520711,5.17E-08
2018/3/4,0.062520763,0.062520714,4.89E-08
2018/3/5,0.062520766,0.062520717,4.86E-08
2018/3/6,0.062520768,0.06252072,4.81E-08
2018/3/7,0.062520768,0.062520722,4.65E-08
2018/3/8,0.062520767,0.062520723,4.45E-08
2018/3/9,0.06252077,0.062520723,4.63E-08
2018/3/10,0.062520772,0.062520724,4.76E-08
2018/3/11,0.062520775,0.062520726,4.98E-08
2018/3/12,0.06252078,0.062520728,5.11E-08
2018/3/13,0.062520781,0.062520732,4.87E-08
2018/3/14,0.062520787,0.062520735,5.19E-08
2018/3/15,0.062520792,0.06252074,5.27E-08
2018/3/16,0.062520798,0.062520745,5.38E-08
2018/3/17,0.062520803,0.06252075,5.27E-08
2018/3/18,0.062520805,0.062520756,4.93E-08
2018/3/19,0.062520808,0.06252076,4.71E-08
2018/3/20,0.062520812,0.062520764,4.84E-08
2018/3/21,0.062520814,0.062520767,4.73E-08
2018/3/22,0.062520816,0.06252077,4.59E-08
2018/3/23,0.062520815,0.062520772,4.31E-08
2018/3/24,0.062520819,0.062520773,4.52E-08
2018/3/25,0.062520822,0.062520775,4.74E-08
2018/3/26,0.062520824,0.062520778,4.65E-08
2018/3/27,0.062520825,0.06252078,4.48E-08
2018/3/28,0.062520832,0.062520783,4.91E-08
2018/3/29,0.062520837,0.062520786,5.02E-08
2018/3/30,0.062520841,0.062520791,5.01E-08
2018/3/31,0.062520845,0.062520796,4.92E-08
2018/4/1,0.062520846,0.062520801,4.47E-08
2018/4/2,0.062520851,0.062520804,4.61E-08
2018/4/3,0.062520855,0.062520808,4.73E-08
2018/4/4,0.062520858,0.062520811,4.70E-08
2018/4/5,0.06252086,0.062520815,4.45E-08
2018/4/6,0.062520861,0.062520819,4.23E-08
2018/4/7,0.062520861,0.06252082,4.10E-08
2018/4/8,0.062520864,0.062520821,4.24E-08
2018/4/9,0.062520866,0.062520823,4.31E-08
2018/4/10,0.06252087,0.062520825,4.57E-08
2018/4/11,0.062520871,0.062520828,4.36E-08
2018/4/12,0.062520875,0.062520831,4.46E-08
2018/4/13,0.062520882,0.062520834,4.81E-08
2018/4/14,0.062520886,0.062520838,4.81E-08
2018/4/15,0.062520892,0.062520843,4.83E-08
2018/4/16,0.062520895,0.062520849,4.63E-08
2018/4/17,0.062520897,0.062520854,4.29E-08
2018/4/18,0.062520903,0.062520858,4.60E-08
2018/4/19,0.062520906,0.062520862,4.42E-08
2018/4/20,0.062520909,0.062520866,4.36E-08
2018/4/21,0.062520912,0.062520869,4.30E-08
2018/4/22,0.062520912,0.062520873,3.92E-08
2018/4/23,0.062520916,0.062520875,4.15E-08
2018/4/24,0.062520919,0.062520877,4.15E-08
2018/4/25,0.062520922,0.062520879,4.23E-08
2018/4/26,0.062520925,0.062520883,4.29E-08
2018/4/27,0.062520926,0.062520886,3.99E-08
2018/4/28,0.062520932,0.062520889,4.33E-08
2018/4/29,0.062520937,0.062520892,4.45E-08
2018/4/30,0.06252094,0.062520897,4.37E-08
2018/5/1,0.062520945,0.062520901,4.37E-08
2018/5/2,0.062520948,0.062520906,4.24E-08
2018/5/3,0.06252095,0.06252091,3.95E-08
2018/5/4,0.062520954,0.062520913,4.11E-08
2018/5/5,0.062520956,0.062520916,3.97E-08
2018/5/6,0.06252096,0.062520919,4.10E-08
2018/5/7,0.062520961,0.062520922,3.83E-08
2018/5/8,0.062520963,0.062520925,3.84E-08
2018/5/9,0.062520967,0.062520927,4.01E-08
2018/5/10,0.06252097,0.06252093,3.97E-08
2018/5/11,0.062520971,0.062520933,3.80E-08
2018/5/12,0.062520979,0.062520936,4.28E-08
2018/5/13,0.062520983,0.06252094,4.23E-08
2018/5/14,0.062520989,0.062520945,4.37E-08
2018/5/15,0.062520992,0.062520951,4.12E-08
2018/5/16,0.062520997,0.062520956,4.12E-08
2018/5/17,0.062521001,0.06252096,4.05E-08
2018/5/18,0.062521005,0.062520965,4.01E-08
2018/5/19,0.062521008,0.062520969,3.87E-08
2018/5/20,0.06252101,0.062520973,3.75E-08
2018/5/21,0.062521013,0.062520976,3.64E-08
2018/5/22,0.062521013,0.062520979,3.46E-08
2018/5/23,0.062521017,0.062520981,3.68E-08
2018/5/24,0.06252102,0.062520983,3.68E-08
2018/5/25,0.062521023,0.062520986,3.70E-08
2018/5/26,0.062521023,0.062520989,3.44E-08
2018/5/27,0.062521026,0.062520991,3.50E-08
2018/5/28,0.062521032,0.062520993,3.93E-08
2018/5/29,0.062521035,0.062520997,3.82E-08
2018/5/30,0.062521039,0.062521001,3.81E-08
2018/5/31,0.062521041,0.062521005,3.54E-08
2018/6/1,0.062521045,0.062521009,3.66E-08
2018/6/2,0.062521051,0.062521012,3.94E-08
2018/6/3,0.062521054,0.062521016,3.72E-08
2018/6/4,0.062521057,0.062521021,3.64E-08
2018/6/5,0.062521059,0.062521025,3.42E-08
2018/6/6,0.062521061,0.062521028,3.32E-08
2018/6/7,0.062521067,0.06252103,3.67E-08
2018/6/8,0.062521068,0.062521033,3.45E-08
2018/6/9,0.062521072,0.062521037,3.51E-08
2018/6/10,0.062521075,0.06252104,3.55E-08
2018/6/11,0.062521077,0.062521044,3.33E-08
2018/6/12,0.062521077,0.062521046,3.10E-08
2018/6/13,0.06252108,0.062521048,3.16E-08
2018/6/14,0.062521084,0.06252105,3.44E-08
2018/6/15,0.062521089,0.062521052,3.62E-08
2018/6/16,0.062521091,0.062521057,3.48E-08
2018/6/17,0.062521095,0.062521061,3.49E-08
2018/6/18,0.062521097,0.062521065,3.19E-08
2018/6/19,0.062521101,0.062521067,3.37E-08
2018/6/20,0.062521105,0.06252107,3.46E-08
2018/6/21,0.062521107,0.062521074,3.32E-08
2018/6/22,0.06252111,0.062521078,3.23E-08
2018/6/23,0.062521113,0.062521081,3.23E-08
2018/6/24,0.062521116,0.062521084,3.19E-08
2018/6/25,0.062521118,0.062521087,3.16E-08
2018/6/26,0.062521122,0.062521089,3.24E-08
2018/6/27,0.062521124,0.062521092,3.19E-08
2018/6/28,0.062521127,0.062521096,3.11E-08
2018/6/29,0.06252113,0.062521098,3.13E-08
2018/6/30,0.062521132,0.062521101,3.11E-08
2018/7/1,0.062521136,0.062521104,3.20E-08
2018/7/2,0.062521138,0.062521107,3.07E-08
2018/7/3,0.062521139,0.06252111,2.91E-08
2018/7/4,0.062521144,0.062521112,3.20E-08
2018/7/5,0.062521146,0.062521116,3.09E-08
2018/7/6,0.06252115,0.062521119,3.11E-08
2018/7/7,0.062521152,0.062521122,3.01E-08
2018/7/8,0.062521156,0.062521125,3.11E-08
2018/7/9,0.062521157,0.062521128,2.84E-08
2018/7/10,0.06252116,0.062521131,2.98E-08
2018/7/11,0.062521161,0.062521133,2.78E-08
2018/7/12,0.062521163,0.062521135,2.81E-08
2018/7/13,0.062521166,0.062521137,2.85E-08
2018/7/14,0.062521167,0.06252114,2.79E-08
2018/7/15,0.06252117,0.062521141,2.87E-08
2018/7/16,0.062521173,0.062521144,2.89E-08
2018/7/17,0.062521175,0.062521147,2.85E-08
2018/7/18,0.062521179,0.062521149,3.00E-08
2018/7/19,0.062521183,0.062521152,3.01E-08
2018/7/20,0.062521187,0.062521156,3.10E-08
2018/7/21,0.06252119,0.06252116,2.97E-08
2018/7/22,0.06252119,0.062521164,2.62E-08
2018/7/23,0.062521196,0.062521166,2.97E-08
2018/7/24,0.062521198,0.062521169,2.84E-08
2018/7/25,0.062521201,0.062521172,2.85E-08
2018/7/26,0.0625212,0.062521176,2.47E-08
2018/7/27,0.062521203,0.062521177,2.59E-08
2018/7/28,0.062521205,0.062521179,2.55E-08
2018/7/29,0.062521206,0.062521181,2.52E-08
2018/7/30,0.062521206,0.062521182,2.39E-08
2018/7/31,0.06252121,0.062521183,2.70E-08
2018/8/1,0.062521213,0.062521186,2.72E-08
2018/8/2,0.062521217,0.062521188,2.87E-08
2018/8/3,0.06252122,0.062521192,2.84E-08
2018/8/4,0.06252122,0.062521195,2.50E-08
2018/8/5,0.062521227,0.062521198,2.92E-08
2018/8/6,0.06252123,0.062521201,2.86E-08
2018/8/7,0.062521233,0.062521205,2.73E-08
2018/8/8,0.062521235,0.062521209,2.59E-08
2018/8/9,0.062521235,0.062521212,2.30E-08
2018/8/10,0.062521238,0.062521213,2.44E-08
2018/8/11,0.06252124,0.062521215,2.44E-08
2018/8/12,0.062521241,0.062521217,2.41E-08
2018/8/13,0.062521243,0.062521219,2.41E-08
2018/8/14,0.062521245,0.062521221,2.37E-08
2018/8/15,0.062521246,0.062521223,2.36E-08
2018/8/16,0.062521249,0.062521224,2.43E-08
2018/8/17,0.062521253,0.062521226,2.62E-08
2018/8/18,0.062521257,0.062521229,2.81E-08
2018/8/19,0.062521257,0.062521233,2.39E-08
2018/8/20,0.06252126,0.062521236,2.38E-08
2018/8/21,0.062521266,0.062521239,2.75E-08
2018/8/22,0.06252127,0.062521242,2.77E-08
2018/8/23,0.062521273,0.062521247,2.64E-08
2018/8/24,0.062521274,0.062521251,2.28E-08
2018/8/25,0.062521276,0.062521254,2.21E-08
2018/8/26,0.06252128,0.062521255,2.47E-08
2018/8/27,0.062521281,0.062521258,2.29E-08
2018/8/28,0.062521284,0.06252126,2.34E-08
2018/8/29,0.062521285,0.062521263,2.21E-08
2018/8/30,0.062521285,0.062521265,2.01E-08
2018/8/31,0.062521289,0.062521266,2.29E-08
2018/9/1,0.062521292,0.062521268,2.39E-08
2018/9/2,0.062521297,0.062521271,2.61E-08
2018/9/3,0.062521297,0.062521275,2.24E-08
2018/9/4,0.062521301,0.062521278,2.33E-08
2018/9/5,0.062521307,0.062521281,2.63E-08
2018/9/6,0.062521311,0.062521285,2.61E-08
2018/9/7,0.062521313,0.06252129,2.35E-08
2018/9/8,0.062521314,0.062521294,2.07E-08
2018/9/9,0.062521317,0.062521296,2.13E-08
2018/9/10,0.062521318,0.062521298,2.01E-08
2018/9/11,0.06252132,0.0625213,2.01E-08
2018/9/12,0.06252132,0.062521302,1.86E-08
2018/9/13,0.062521321,0.062521303,1.81E-08
2018/9/14,0.062521324,0.062521304,2.04E-08
2018/9/15,0.062521326,0.062521305,2.11E-08
2018/9/16,0.06252133,0.062521307,2.32E-08
2018/9/17,0.062521334,0.062521311,2.30E-08
2018/9/18,0.062521334,0.062521314,2.01E-08
2018/9/19,0.062521342,0.062521317,2.51E-08
2018/9/20,0.062521345,0.062521321,2.43E-08
2018/9/21,0.06252135,0.062521326,2.44E-08
2018/9/22,0.062521353,0.06252133,2.29E-08
2018/9/23,0.062521356,0.062521335,2.13E-08
2018/9/24,0.062521358,0.062521338,2.02E-08
2018/9/25,0.062521359,0.062521341,1.79E-08
2018/9/26,0.06252136,0.062521343,1.72E-08
2018/9/27,0.062521362,0.062521344,1.72E-08
2018/9/28,0.062521362,0.062521346,1.63E-08
2018/9/29,0.062521361,0.062521346,1.48E-08
2018/9/30,0.062521366,0.062521346,1.97E-08
2018/10/1,0.062521369,0.062521348,2.04E-08
2018/10/2,0.062521373,0.062521351,2.19E-08
2018/10/3,0.062521376,0.062521355,2.15E-08
2018/10/4,0.062521382,0.062521359,2.28E-08
2018/10/5,0.062521383,0.062521363,1.96E-08
2018/10/6,0.062521389,0.062521367,2.22E-08
2018/10/7,0.062521394,0.062521371,2.29E-08
2018/10/8,0.062521399,0.062521376,2.26E-08
2018/10/9,0.062521398,0.062521381,1.72E-08
2018/10/10,0.0625214,0.062521384,1.60E-08
2018/10/11,0.062521402,0.062521386,1.62E-08
2018/10/12,0.062521404,0.062521387,1.61E-08
2018/10/13,0.062521406,0.062521389,1.67E-08
2018/10/14,0.062521407,0.062521391,1.56E-08
2018/10/15,0.062521409,0.062521393,1.60E-08
2018/10/16,0.062521411,0.062521394,1.71E-08
2018/10/17,0.062521416,0.062521396,1.95E-08
2018/10/18,0.062521422,0.0625214,2.28E-08
2018/10/19,0.062521425,0.062521405,2.02E-08
2018/10/20,0.06252143,0.06252141,2.02E-08
2018/10/21,0.062521433,0.062521414,1.88E-08
2018/10/22,0.062521438,0.062521418,1.95E-08
2018/10/23,0.062521442,0.062521422,1.98E-08
2018/10/24,0.062521445,0.062521427,1.78E-08
2018/10/25,0.062521448,0.062521431,1.66E-08
2018/10/26,0.062521448,0.062521434,1.35E-08
2018/10/27,0.062521449,0.062521436,1.25E-08
2018/10/28,0.062521449,0.062521437,1.23E-08
2018/10/29,0.062521451,0.062521438,1.37E-08
2018/10/30,0.062521453,0.062521439,1.39E-08
2018/10/31,0.062521454,0.062521441,1.33E-08
2018/11/1,0.062521458,0.062521442,1.60E-08
2018/11/2,0.062521461,0.062521445,1.70E-08
2018/11/3,0.062521467,0.062521448,1.97E-08
2018/11/4,0.062521471,0.062521452,1.89E-08
2018/11/5,0.062521479,0.062521457,2.15E-08
2018/11/6,0.062521479,0.062521463,1.55E-08
2018/11/7,0.062521484,0.062521468,1.69E-08
2018/11/8,0.062521488,0.062521472,1.68E-08
2018/11/9,0.06252149,0.062521476,1.48E-08
2018/11/10,0.062521492,0.062521479,1.29E-08
2018/11/11,0.062521495,0.062521482,1.32E-08
2018/11/12,0.062521495,0.062521484,1.13E-08
2018/11/13,0.062521497,0.062521485,1.15E-08
2018/11/14,0.062521499,0.062521487,1.29E-08
2018/11/15,0.062521501,0.062521489,1.27E-08
2018/11/16,0.062521505,0.062521491,1.46E-08
2018/11/17,0.062521507,0.062521494,1.33E-08
2018/11/18,0.062521513,0.062521497,1.61E-08
2018/11/19,0.062521519,0.0625215,1.88E-08
2018/11/20,0.062521524,0.062521506,1.79E-08
2018/11/21,0.062521525,0.062521511,1.31E-08
2018/11/22,0.062521531,0.062521515,1.52E-08
2018/11/23,0.062521533,0.062521519,1.38E-08
2018/11/24,0.062521536,0.062521523,1.35E-08
2018/11/25,0.062521539,0.062521526,1.23E-08
2018/11/26,0.062521539,0.06252153,9.32E-09
2018/11/27,0.06252154,0.062521531,8.85E-09
2018/11/28,0.062521541,0.062521533,8.95E-09
2018/11/29,0.062521544,0.062521534,1.01E-08
2018/11/30,0.062521546,0.062521535,1.09E-08
2018/12/1,0.062521546,0.062521537,8.80E-09
2018/12/2,0.062521551,0.062521539,1.26E-08
2018/12/3,0.062521556,0.062521542,1.40E-08
2018/12/4,0.062521561,0.062521545,1.59E-08
2018/12/5,0.062521562,0.06252155,1.15E-08
2018/12/6,0.062521568,0.062521554,1.34E-08
2018/12/7,0.062521572,0.062521558,1.41E-08
2018/12/8,0.062521577,0.062521563,1.40E-08
2018/12/9,0.062521579,0.062521567,1.23E-08
2018/12/10,0.062521583,0.062521572,1.14E-08
2018/12/11,0.062521583,0.062521575,7.55E-09
2018/12/12,0.062521585,0.062521577,7.51E-09
2018/12/13,0.062521587,0.062521578,8.10E-09
2018/12/14,0.062521588,0.06252158,8.26E-09
2018/12/15,0.062521588,0.062521582,5.93E-09
2018/12/16,0.062521591,0.062521583,7.99E-09
2018/12/17,0.062521595,0.062521584,1.03E-08
2018/12/18,0.0625216,0.062521587,1.27E-08
2018/12/19,0.062521603,0.062521591,1.15E-08
2018/12/20,0.062521607,0.062521595,1.14E-08
2018/12/21,0.062521611,0.062521599,1.20E-08
2018/12/22,0.062521615,0.062521604,1.09E-08
2018/12/23,0.062521619,0.062521608,1.13E-08
2018/12/24,0.062521619,0.062521612,7.32E-09
2018/12/25,0.062521623,0.062521615,8.32E-09
2018/12/26,0.062521625,0.062521617,8.05E-09
2018/12/27,0.062521626,0.06252162,6.34E-09
2018/12/28,0.062521627,0.062521622,5.42E-09
2018/12/29,0.062521629,0.062521623,5.76E-09
2018/12/30,0.062521629,0.062521625,4.44E-09
2018/12/31,0.062521632,0.062521626,6.28E-09
2019/1/1,0.062521636,0.062521627,8.58E-09
2019/1/2,0.06252164,0.06252163,9.86E-09
2019/1/3,0.06252164,0.062521634,6.19E-09
2019/1/4,0.062521644,0.062521636,7.84E-09
2019/1/5,0.062521648,0.062521639,9.34E-09
2019/1/6,0.062521655,0.062521643,1.27E-08
2019/1/7,0.062521658,0.062521648,9.94E-09
2019/1/8,0.062521658,0.062521653,5.49E-09
2019/1/9,0.062521663,0.062521656,7.68E-09
2019/1/10,0.062521664,0.062521659,5.73E-09
2019/1/11,0.062521666,0.062521661,4.85E-09
2019/1/12,0.062521667,0.062521663,4.36E-09
2019/1/13,0.062521666,0.062521665,9.46E-10
2019/1/14,0.062521668,0.062521665,2.48E-09
2019/1/15,0.06252167,0.062521666,4.09E-09
2019/1/16,0.062521673,0.062521667,5.98E-09
2019/1/17,0.062521675,0.062521669,6.11E-09
2019/1/18,0.062521676,0.062521672,4.70E-09
2019/1/19,0.062521681,0.062521674,7.50E-09
2019/1/20,0.062521685,0.062521677,8.33E-09
2019/1/21,0.062521688,0.062521681,7.28E-09
2019/1/22,0.06252169,0.062521685,5.45E-09
2019/1/23,0.062521695,0.062521688,6.92E-09
2019/1/24,0.062521698,0.062521691,6.46E-09
2019/1/25,0.062521701,0.062521695,5.78E-09
2019/1/26,0.062521702,0.062521698,3.59E-09
2019/1/27,0.062521703,0.062521701,1.98E-09
2019/1/28,0.062521705,0.062521702,2.77E-09
2019/1/29,0.062521706,0.062521703,2.57E-09
2019/1/30,0.062521709,0.062521705,3.60E-09
2019/1/31,0.062521708,0.062521707,1.14E-09
2019/2/1,0.062521711,0.062521708,3.32E-09
2019/2/2,0.062521715,0.06252171,5.45E-09
2019/2/3,0.06252172,0.062521713,6.84E-09
2019/2/4,0.062521724,0.062521717,7.62E-09
2019/2/5,0.062521727,0.062521721,5.45E-09
2019/2/6,0.062521727,0.062521725,1.59E-09
2019/2/7,0.062521732,0.062521727,4.87E-09
2019/2/8,0.062521735,0.06252173,4.20E-09
2019/2/9,0.062521738,0.062521733,5.02E-09
2019/2/10,0.06252174,0.062521737,2.72E-09
2019/2/11,0.062521741,0.06252174,1.68E-09
2019/2/12,0.062521741,0.062521742,-3.79E-10
2019/2/13,0.062521743,0.062521743,6.77E-10
2019/2/14,0.062521745,0.062521744,1.46E-09
2019/2/15,0.062521748,0.062521746,2.23E-09
2019/2/16,0.06252175,0.062521748,2.31E-09
2019/2/17,0.062521753,0.06252175,2.98E-09
2019/2/18,0.062521753,0.062521753,4.07E-10
2019/2/19,0.062521758,0.062521755,2.77E-09
2019/2/20,0.062521762,0.062521757,4.38E-09
2019/2/21,0.062521763,0.062521761,2.73E-09
2019/2/22,0.062521769,0.062521764,5.30E-09
2019/2/23,0.062521772,0.062521768,4.18E-09
2019/2/24,0.062521772,0.062521772,7.93E-11
2019/2/25,0.062521773,0.062521774,-1.00E-09
2019/2/26,0.062521776,0.062521776,1.27E-10
2019/2/27,0.062521778,0.062521777,1.18E-10
2019/2/28,0.06252178,0.062521779,9.13E-10
2019/3/1,0.06252178,0.062521781,-1.06E-09
2019/3/2,0.062521782,0.062521783,-6.83E-10
2019/3/3,0.062521787,0.062521785,2.30E-09
2019/3/4,0.062521786,0.062521787,-8.05E-10
2019/3/5,0.06252179,0.062521789,8.78E-10
2019/3/6,0.062521793,0.062521792,1.66E-09
2019/3/7,0.062521796,0.062521794,1.33E-09
2019/3/8,0.062521801,0.062521797,3.52E-09
2019/3/9,0.062521803,0.062521801,1.70E-09
2019/3/10,0.062521804,0.062521805,-8.36E-10
2019/3/11,0.062521809,0.062521807,1.52E-09
2019/3/12,0.062521811,0.06252181,1.14E-09
2019/3/13,0.062521815,0.062521813,1.82E-09
2019/3/14,0.062521815,0.062521817,-2.19E-09
2019/3/15,0.062521817,0.062521819,-2.07E-09
2019/3/16,0.062521821,0.06252182,7.25E-10
2019/3/17,0.062521823,0.062521823,-5.60E-10
2019/3/18,0.062521822,0.062521826,-3.50E-09
2019/3/19,0.062521826,0.062521827,-1.09E-09
2019/3/20,0.062521829,0.062521829,-5.24E-10
2019/3/21,0.062521831,0.062521831,-1.28E-10
2019/3/22,0.062521835,0.062521834,9.32E-10
2019/3/23,0.062521838,0.062521838,1.42E-10
2019/3/24,0.062521839,0.062521841,-2.50E-09
2019/3/25,0.062521843,0.062521843,-2.73E-10
2019/3/26,0.062521847,0.062521846,4.31E-10
2019/3/27,0.06252185,0.062521849,6.17E-10
2019/3/28,0.062521852,0.062521853,-1.32E-09
2019/3/29,0.062521853,0.062521856,-3.81E-09
2019/3/30,0.062521857,0.062521858,-1.52E-09
2019/3/31,0.06252186,0.062521861,-9.21E-10
2019/4/1,0.062521862,0.062521863,-1.32E-09
2019/4/2,0.062521862,0.062521866,-4.77E-09
2019/4/3,0.062521866,0.062521868,-2.70E-09
2019/4/4,0.062521869,0.06252187,-1.58E-09
2019/4/5,0.06252187,0.062521873,-2.87E-09
2019/4/6,0.062521871,0.062521875,-4.03E-09
2019/4/7,0.062521877,0.062521877,-2.81E-10
2019/4/8,0.062521881,0.06252188,8.78E-10
2019/4/9,0.062521882,0.062521885,-2.78E-09
2019/4/10,0.062521887,0.062521888,-6.39E-10
2019/4/11,0.062521892,0.062521892,6.87E-10
2019/4/12,0.062521897,0.062521896,8.21E-10
2019/4/13,0.062521899,0.062521901,-1.42E-09
2019/4/14,0.0625219,0.062521905,-5.15E-09
2019/4/15,0.062521906,0.062521907,-1.51E-09
2019/4/16,0.062521908,0.062521911,-2.27E-09
2019/4/17,0.062521912,0.062521914,-2.16E-09
2019/4/18,0.062521913,0.062521918,-4.45E-09
2019/4/19,0.062521913,0.062521921,-7.82E-09
2019/4/20,0.062521917,0.062521922,-4.54E-09
2019/4/21,0.062521918,0.062521924,-5.48E-09
2019/4/22,0.062521922,0.062521925,-3.14E-09
2019/4/23,0.062521923,0.062521928,-5.17E-09
2019/4/24,0.062521924,0.062521931,-7.28E-09
2019/4/25,0.062521928,0.062521932,-3.98E-09
2019/4/26,0.062521932,0.062521935,-2.55E-09
2019/4/27,0.062521938,0.062521938,-7.70E-10
2019/4/28,0.062521942,0.062521943,-1.25E-09
2019/4/29,0.062521941,0.062521948,-6.91E-09
2019/4/30,0.062521947,0.06252195,-3.56E-09
2019/5/1,0.06252195,0.062521954,-3.79E-09
2019/5/2,0.062521952,0.062521957,-5.05E-09
2019/5/3,0.062521953,0.06252196,-7.14E-09
2019/5/4,0.062521956,0.062521962,-6.21E-09
2019/5/5,0.062521959,0.062521965,-5.84E-09
2019/5/6,0.062521961,0.062521967,-5.53E-09
2019/5/7,0.062521961,0.06252197,-8.54E-09
2019/5/8,0.062521965,0.062521972,-6.90E-09
2019/5/9,0.062521969,0.062521974,-4.37E-09
2019/5/10,0.062521973,0.062521977,-3.44E-09
2019/5/11,0.062521976,0.062521981,-4.39E-09
2019/5/12,0.062521979,0.062521985,-5.65E-09
2019/5/13,0.062521983,0.062521988,-5.33E-09
2019/5/14,0.062521988,0.062521991,-3.42E-09
2019/5/15,0.062521994,0.062521996,-1.45E-09
2019/5/16,0.062521998,0.062522001,-2.56E-09
2019/5/17,0.062522001,0.062522006,-5.63E-09
2019/5/18,0.062522005,0.062522011,-5.69E-09
2019/5/19,0.062522006,0.062522014,-8.09E-09
2019/5/20,0.062522006,0.062522017,-1.08E-08
2019/5/21,0.062522008,0.062522019,-1.05E-08
2019/5/22,0.06252201,0.06252202,-9.82E-09
2019/5/23,0.062522011,0.062522021,-9.67E-09
2019/5/24,0.062522014,0.062522023,-8.47E-09
2019/5/25,0.062522017,0.062522025,-8.15E-09
2019/5/26,0.062522018,0.062522027,-9.81E-09
2019/5/27,0.062522024,0.062522029,-5.38E-09
2019/5/28,0.062522029,0.062522033,-4.34E-09
2019/5/29,0.062522033,0.062522038,-4.70E-09
2019/5/30,0.062522034,0.062522043,-8.66E-09
2019/5/31,0.06252204,0.062522046,-6.21E-09
2019/6/1,0.062522043,0.06252205,-6.39E-09
2019/6/2,0.062520575,0.062522054,-1.48E-06
2019/6/3,0.062520587,0.062521471,-8.84E-07
2019/6/4,0.06252059,0.062520912,-3.22E-07
2019/6/5,0.062520589,0.06252055,3.88E-08
2019/6/6,0.062520592,0.062520441,1.51E-07
2019/6/7,0.062520593,0.062520537,5.59E-08
2019/6/8,0.062520595,0.062520538,5.72E-08
2019/6/9,0.0625206,0.06252054,5.97E-08
2019/6/10,0.062520603,0.062520543,5.98E-08
2019/6/11,0.062520607,0.062520546,6.01E-08
2019/6/12,0.062520612,0.06252055,6.17E-08
2019/6/13,0.062520612,0.062520555,5.71E-08
2019/6/14,0.062520618,0.062520558,6.02E-08
2019/6/15,0.062520621,0.062520562,5.94E-08
2019/6/16,0.062520624,0.062520566,5.82E-08
2019/6/17,0.062520627,0.062520569,5.77E-08
2019/6/18,0.062520627,0.062520573,5.45E-08
2019/6/19,0.062520626,0.062520575,5.13E-08
2019/6/20,0.062520627,0.062520575,5.23E-08
2019/6/21,0.062520629,0.062520575,5.34E-08
2019/6/22,0.06252063,0.062520576,5.41E-08
2019/6/23,0.062520632,0.062520577,5.56E-08
2019/6/24,0.062520634,0.062520579,5.56E-08
2019/6/25,0.062520638,0.062520581,5.68E-08
2019/6/26,0.062520638,0.062520584,5.39E-08
2019/6/27,0.062520643,0.062520586,5.71E-08
2019/6/28,0.062520649,0.062520588,6.01E-08
2019/6/29,0.062520653,0.062520593,5.98E-08
2019/6/30,0.062520657,0.062520598,5.93E-08
2019/7/1,0.062520659,0.062520603,5.60E-08
2019/7/2,0.062520659,0.062520607,5.19E-08
2019/7/3,0.062520661,0.062520608,5.24E-08
2019/7/4,0.062520664,0.06252061,5.39E-08
2019/7/5,0.062520664,0.062520611,5.31E-08
2019/7/6,0.062520665,0.062520613,5.15E-08
2019/7/7,0.062520664,0.062520615,4.95E-08
2019/7/8,0.062520664,0.062520615,4.96E-08
2019/7/9,0.06252067,0.062520614,5.52E-08
2019/7/10,0.062520672,0.062520616,5.61E-08
2019/7/12,0.06252068,0.06252062,6.04E-08
2019/7/13,0.062520686,0.062520625,6.10E-08
2019/7/14,0.062520686,0.062520632,5.44E-08
2019/7/15,0.062520691,0.062520636,5.50E-08
2019/7/16,0.062520695,0.06252064,5.51E-08
2019/7/17,0.062520696,0.062520643,5.28E-08
2019/7/18,0.062520696,0.062520646,5.00E-08
2019/7/19,0.062520698,0.062520648,5.06E-08
2019/7/20,0.062520698,0.062520649,4.91E-08
2019/7/21,0.062520698,0.06252065,4.85E-08
2019/7/22,0.062520699,0.06252065,4.87E-08
2019/7/23,0.0625207,0.06252065,4.95E-08
2019/7/24,0.0625207,0.062520651,4.92E-08
2019/7/25,0.062520704,0.062520652,5.20E-08
2019/7/26,0.062520709,0.062520653,5.60E-08
2019/7/27,0.062520711,0.062520657,5.40E-08
2019/7/28,0.062520716,0.062520661,5.52E-08
2019/7/29,0.062520722,0.062520666,5.62E-08
2019/7/30,0.062520725,0.06252067,5.46E-08
2019/7/31,0.062520727,0.062520675,5.22E-08
2019/8/1,0.062520729,0.062520679,5.06E-08
2019/8/2,0.06252073,0.062520681,4.84E-08
2019/8/3,0.062520731,0.062520682,4.81E-08
2019/8/4,0.062520732,0.062520684,4.81E-08
2019/8/5,0.062520732,0.062520685,4.73E-08
2019/8/6,0.062520731,0.062520685,4.58E-08
2019/8/7,0.062520733,0.062520685,4.81E-08
2019/8/8,0.062520735,0.062520686,4.94E-08
2019/8/9,0.062520738,0.062520687,5.13E-08
2019/8/10,0.062520742,0.06252069,5.18E-08
2019/8/12,0.06252075,0.062520693,5.74E-08
2019/8/13,0.062520754,0.062520699,5.58E-08
2019/8/14,0.062520755,0.062520705,5.02E-08
2019/8/15,0.062520758,0.062520708,4.94E-08
2019/8/16,0.062520762,0.062520711,5.03E-08
2019/8/17,0.062520764,0.062520714,5.01E-08
2019/8/18,0.062520764,0.062520717,4.72E-08
2019/8/19,0.062520765,0.062520719,4.61E-08
2019/8/20,0.062520765,0.06252072,4.47E-08
2019/8/21,0.062520765,0.06252072,4.46E-08
2019/8/22,0.062520767,0.06252072,4.66E-08
2019/8/23,0.062520768,0.062520721,4.67E-08
2019/8/24,0.06252077,0.062520722,4.75E-08
2019/8/25,0.062520773,0.062520724,4.97E-08
2019/8/26,0.062520777,0.062520727,5.08E-08
2019/8/27,0.062520781,0.06252073,5.13E-08
2019/8/28,0.062520784,0.062520734,4.96E-08
2019/8/29,0.062520788,0.062520738,5.05E-08
2019/8/30,0.062520791,0.062520741,4.97E-08
2019/8/31,0.062520796,0.062520745,5.06E-08
2019/9/1,0.062520797,0.062520749,4.75E-08
2019/9/2,0.062520799,0.062520752,4.67E-08
2019/9/3,0.062520799,0.062520755,4.42E-08
2019/9/4,0.0625208,0.062520756,4.39E-08
2019/9/5,0.062520801,0.062520756,4.51E-08
2019/9/6,0.062520802,0.062520757,4.47E-08
2019/9/7,0.062520802,0.062520759,4.34E-08
2019/9/8,0.062520805,0.062520759,4.56E-08
2019/9/9,0.062520808,0.062520761,4.77E-08
2019/9/10,0.062520813,0.062520763,5.01E-08
2019/9/11,0.062520818,0.062520767,5.07E-08
2019/9/12,0.062520823,0.062520772,5.07E-08
2019/9/13,0.062520823,0.062520777,4.61E-08
2019/9/14,0.062520828,0.06252078,4.74E-08
2019/9/15,0.062520831,0.062520783,4.76E-08
2019/9/16,0.062520833,0.062520787,4.64E-08
2019/9/17,0.062520833,0.06252079,4.33E-08
2019/9/18,0.062520835,0.062520792,4.33E-08
2019/9/19,0.062520836,0.062520793,4.25E-08
2019/9/20,0.062520836,0.062520794,4.24E-08
2019/9/22,0.062520838,0.062520795,4.36E-08
2019/9/23,0.06252084,0.062520796,4.39E-08
2019/9/24,0.062520845,0.062520798,4.66E-08
2019/9/25,0.062520848,0.062520801,4.70E-08
2019/9/26,0.062520854,0.062520804,4.91E-08
2019/9/27,0.062520855,0.062520809,4.57E-08
2019/9/28,0.062520859,0.062520813,4.66E-08
2019/9/29,0.062520864,0.062520817,4.74E-08
2019/9/30,0.062520866,0.062520821,4.57E-08
2019/10/1,0.06252087,0.062520824,4.55E-08
2019/10/2,0.062520872,0.062520828,4.37E-08
2019/10/3,0.062520872,0.062520831,4.09E-08
2019/10/4,0.062520874,0.062520833,4.19E-08
2019/10/5,0.062520875,0.062520834,4.12E-08
2019/10/6,0.062520878,0.062520835,4.23E-08
2019/10/7,0.062520878,0.062520837,4.09E-08
2019/10/8,0.062520881,0.062520839,4.26E-08
2019/10/9,0.062520884,0.062520841,4.39E-08
2019/10/10,0.062520888,0.062520843,4.50E-08
2019/10/11,0.062520892,0.062520847,4.51E-08
2019/10/12,0.062520899,0.062520851,4.78E-08
2019/10/13,0.062520899,0.062520856,4.28E-08
2019/10/14,0.062520901,0.062520859,4.21E-08
2019/10/15,0.062520907,0.062520862,4.45E-08
2019/10/16,0.062520909,0.062520866,4.30E-08
2019/10/17,0.062520912,0.062520869,4.31E-08
2019/10/18,0.062520914,0.062520873,4.15E-08
2019/10/19,0.062520915,0.062520875,3.99E-08
2019/10/20,0.062520917,0.062520877,4.00E-08
2019/10/21,0.062520917,0.062520879,3.81E-08
2019/10/22,0.062520918,0.06252088,3.83E-08
2019/10/23,0.062520922,0.062520881,4.12E-08
2019/10/24,0.062520925,0.062520883,4.15E-08
2019/10/25,0.062520929,0.062520886,4.28E-08
2019/10/26,0.062520932,0.062520889,4.28E-08
2019/10/27,0.062520937,0.062520893,4.42E-08
2019/10/28,0.062520943,0.062520898,4.54E-08
2019/10/29,0.062520944,0.062520903,4.09E-08
2019/10/30,0.062520948,0.062520907,4.13E-08
2019/10/31,0.062520954,0.06252091,4.36E-08
2019/11/1,0.062520956,0.062520914,4.14E-08
2019/11/2,0.062520957,0.062520918,3.88E-08
2019/11/3,0.062520959,0.062520921,3.79E-08
2019/11/4,0.062520962,0.062520923,3.85E-08
2019/11/5,0.062520964,0.062520925,3.93E-08
2019/11/6,0.062520966,0.062520928,3.84E-08
2019/11/7,0.062520967,0.06252093,3.65E-08
2019/11/9,0.062520972,0.062520932,4.05E-08
2019/11/10,0.062520975,0.062520935,4.03E-08
2019/11/11,0.062520982,0.062520938,4.35E-08
2019/11/12,0.062520984,0.062520943,4.11E-08
2019/11/13,0.062520989,0.062520948,4.12E-08
2019/11/14,0.062520992,0.062520952,3.99E-08
2019/11/16,0.062520998,0.062520956,4.18E-08
2019/11/17,0.062521002,0.062520961,4.05E-08
2019/11/18,0.062521005,0.062520966,3.96E-08
2019/11/19,0.062521008,0.06252097,3.78E-08
2019/11/20,0.062521008,0.062520973,3.51E-08
2019/11/21,0.06252101,0.062520975,3.50E-08
2019/11/22,0.062521014,0.062520977,3.67E-08
2019/11/23,0.062521017,0.062520979,3.75E-08
2019/11/24,0.06252102,0.062520982,3.77E-08
2019/11/25,0.062521024,0.062520986,3.79E-08
2019/11/26,0.062521025,0.062520989,3.53E-08
2019/11/27,0.062521031,0.062520992,3.86E-08
2019/11/28,0.062521035,0.062520996,3.90E-08
2019/11/29,0.062521038,0.062521,3.84E-08
2019/11/30,0.062521039,0.062521004,3.50E-08
2019/12/1,0.062521044,0.062521008,3.65E-08
2019/12/2,0.062521048,0.062521011,3.76E-08
2019/12/3,0.062521051,0.062521015,3.61E-08
2019/12/4,0.062521054,0.062521018,3.57E-08
2019/12/5,0.062521055,0.062521022,3.35E-08
2019/12/6,0.062521056,0.062521024,3.26E-08
2019/12/7,0.062521059,0.062521026,3.33E-08
2019/12/8,0.062521061,0.062521028,3.32E-08
2019/12/9,0.062521061,0.06252103,3.16E-08
2019/12/10,0.062521066,0.062521031,3.48E-08
2019/12/11,0.062521069,0.062521034,3.50E-08
2019/12/12,0.062521073,0.062521037,3.61E-08
2019/12/13,0.062521074,0.06252104,3.33E-08
2019/12/14,0.062521078,0.062521043,3.43E-08
2019/12/15,0.062521082,0.062521046,3.56E-08
2019/12/16,0.062521084,0.06252105,3.42E-08
2019/12/17,0.062521088,0.062521053,3.50E-08
2019/12/18,0.062521092,0.062521057,3.47E-08
2019/12/19,0.062521092,0.062521061,3.11E-08
2019/12/20,0.062521096,0.062521063,3.28E-08
2019/12/21,0.062521098,0.062521066,3.27E-08
2019/12/22,0.0625211,0.062521068,3.14E-08
2019/12/23,0.062521102,0.062521071,3.18E-08
2019/12/24,0.062521104,0.062521073,3.08E-08
2019/12/25,0.062521106,0.062521075,3.11E-08
2019/12/26,0.062521107,0.062521077,2.96E-08
2019/12/27,0.06252111,0.062521079,3.13E-08
2019/12/28,0.062521113,0.062521081,3.27E-08
2019/12/29,0.062521116,0.062521084,3.28E-08
2019/12/30,0.06252112,0.062521087,3.32E-08
2019/12/31,0.062521124,0.062521091,3.37E-08
2020/1/1,0.062521124,0.062521094,2.96E-08
2020/1/2,0.062521127,0.062521097,3.06E-08
2020/1/3,0.062521131,0.062521099,3.15E-08
2020/1/4,0.062521133,0.062521102,3.06E-08
2020/1/5,0.062521136,0.062521105,3.10E-08
2020/1/6,0.062521138,0.062521108,3.03E-08
2020/1/7,0.062521138,0.06252111,2.79E-08
2020/1/8,0.062521141,0.062521112,2.98E-08
2020/1/9,0.062521142,0.062521114,2.87E-08
2020/1/10,0.062521145,0.062521116,2.93E-08
2020/1/11,0.062521148,0.062521118,3.01E-08
2020/1/12,0.06252115,0.06252112,3.02E-08
2020/1/13,0.062521152,0.062521123,2.90E-08
2020/1/14,0.062521155,0.062521125,3.01E-08
2020/1/15,0.062521159,0.062521128,3.07E-08
2020/1/16,0.062521161,0.062521131,2.97E-08
2020/1/17,0.062521164,0.062521134,2.98E-08
2020/1/18,0.062521166,0.062521137,2.88E-08
2020/1/19,0.062521169,0.06252114,2.97E-08
2020/1/20,0.062521172,0.062521143,2.97E-08
2020/1/21,0.062521173,0.062521146,2.76E-08
2020/1/22,0.062521175,0.062521148,2.65E-08
2020/1/23,0.062521177,0.06252115,2.70E-08
2020/1/24,0.062521179,0.062521151,2.80E-08
2020/1/25,0.062521181,0.062521153,2.71E-08
2020/1/26,0.062521182,0.062521156,2.61E-08
2020/1/27,0.062521184,0.062521157,2.66E-08
2020/1/28,0.062521186,0.062521159,2.69E-08
2020/1/29,0.062521188,0.062521161,2.78E-08
2020/1/30,0.062521193,0.062521163,2.96E-08
2020/1/31,0.062521197,0.062521166,3.03E-08
2020/2/1,0.062521199,0.06252117,2.84E-08
2020/2/2,0.062521204,0.062521174,3.01E-08
2020/2/3,0.062521207,0.062521178,2.93E-08
2020/2/4,0.062521208,0.062521181,2.69E-08
2020/2/5,0.06252121,0.062521184,2.53E-08
2020/2/6,0.062521213,0.062521186,2.67E-08
2020/2/7,0.062521215,0.062521189,2.65E-08
2020/2/8,0.062521217,0.062521191,2.55E-08
2020/2/9,0.062521218,0.062521193,2.51E-08
2020/2/10,0.062521219,0.062521195,2.40E-08
2020/2/11,0.062521222,0.062521197,2.59E-08
2020/2/12,0.062521225,0.062521199,2.68E-08
2020/2/13,0.062521228,0.062521201,2.65E-08
2020/2/14,0.062521229,0.062521204,2.48E-08
2020/2/15,0.062521234,0.062521206,2.77E-08
2020/2/16,0.062521237,0.06252121,2.74E-08
2020/2/17,0.06252124,0.062521213,2.73E-08
2020/2/18,0.062521244,0.062521217,2.78E-08
2020/2/19,0.062521245,0.062521221,2.46E-08
2020/2/20,0.062521249,0.062521223,2.58E-08
2020/2/21,0.062521252,0.062521226,2.54E-08
2020/2/22,0.062521255,0.062521229,2.61E-08
2020/2/23,0.062521256,0.062521232,2.37E-08
2020/2/24,0.062521255,0.062521235,2.08E-08
2020/2/25,0.06252126,0.062521235,2.48E-08
2020/2/26,0.06252126,0.062521238,2.22E-08
2020/2/27,0.062521262,0.062521239,2.30E-08
2020/2/28,0.062521266,0.062521241,2.47E-08
2020/2/29,0.062521266,0.062521244,2.27E-08
2020/3/1,0.06252127,0.062521245,2.47E-08
2020/3/2,0.062521275,0.062521248,2.71E-08
2020/3/3,0.06252128,0.062521252,2.79E-08
2020/3/4,0.062521283,0.062521257,2.66E-08
2020/3/5,0.062521282,0.062521261,2.04E-08
2020/3/6,0.062521287,0.062521263,2.41E-08
2020/3/7,0.062521291,0.062521266,2.55E-08
2020/3/8,0.062521291,0.062521269,2.21E-08
2020/3/9,0.062521294,0.062521272,2.26E-08
2020/3/10,0.062521297,0.062521274,2.25E-08
2020/3/13,0.062521305,0.062521277,2.84E-08
2020/3/14,0.062521304,0.062521281,2.28E-08
2020/3/15,0.062521308,0.062521285,2.31E-08
2020/3/16,0.062521309,0.062521288,2.10E-08
2020/3/17,0.062521313,0.062521291,2.27E-08
2020/3/18,0.062521315,0.062521293,2.17E-08
2020/3/19,0.062521318,0.062521296,2.22E-08
2020/3/20,0.062521322,0.062521298,2.40E-08
2020/3/21,0.062521327,0.062521302,2.49E-08
2020/3/22,0.062521331,0.062521306,2.46E-08
2020/3/23,0.062521334,0.062521311,2.30E-08
2020/3/24,0.062521336,0.062521315,2.08E-08
2020/3/25,0.062521336,0.062521318,1.87E-08
2020/3/26,0.06252134,0.062521319,2.07E-08
2020/3/27,0.062521341,0.062521321,1.99E-08
2020/3/28,0.062521342,0.062521324,1.88E-08
2020/3/29,0.062521347,0.062521325,2.11E-08
2020/3/30,0.062521346,0.062521328,1.83E-08
2020/3/31,0.062521352,0.06252133,2.22E-08
2020/4/1,0.062521353,0.062521333,1.99E-08
2020/4/2,0.062521356,0.062521336,2.06E-08
2020/4/3,0.062521362,0.062521338,2.39E-08
2020/4/4,0.062521364,0.062521343,2.15E-08
2020/4/5,0.062521367,0.062521346,2.05E-08
2020/4/6,0.062521373,0.06252135,2.32E-08
2020/4/7,0.062521375,0.062521354,2.04E-08
2020/4/8,0.062521378,0.062521358,2.00E-08
2020/4/9,0.06252138,0.062521361,1.86E-08
2020/4/10,0.062521382,0.062521364,1.83E-08
2020/4/11,0.062521384,0.062521366,1.83E-08
2020/4/12,0.062521387,0.062521368,1.85E-08
2020/4/13,0.062521388,0.062521371,1.72E-08
2020/4/14,0.062521392,0.062521373,1.94E-08
2020/4/15,0.062521393,0.062521376,1.73E-08
2020/4/16,0.062521397,0.062521378,1.95E-08
2020/4/17,0.062521402,0.062521381,2.10E-08
2020/4/18,0.062521405,0.062521385,2.00E-08
2020/4/19,0.062521407,0.062521389,1.80E-08
2020/4/20,0.062521411,0.062521392,1.92E-08
2020/4/21,0.062521415,0.062521395,1.96E-08
2020/4/22,0.06252142,0.062521399,2.15E-08
2020/4/23,0.062521422,0.062521404,1.84E-08
2020/4/24,0.062521425,0.062521407,1.80E-08
2020/4/25,0.062521426,0.062521411,1.53E-08
2020/4/26,0.06252143,0.062521413,1.65E-08
2020/4/27,0.062521432,0.062521415,1.69E-08
2020/4/28,0.062521432,0.062521418,1.42E-08
2020/4/29,0.062521435,0.06252142,1.51E-08
2020/4/30,0.062521438,0.062521421,1.69E-08
2020/5/1,0.062521441,0.062521424,1.68E-08
2020/5/2,0.062521446,0.062521427,1.94E-08
2020/5/3,0.062521449,0.062521431,1.80E-08
2020/5/4,0.062521455,0.062521435,1.97E-08
2020/5/5,0.062521456,0.06252144,1.66E-08
2020/5/6,0.062521461,0.062521443,1.73E-08
2020/5/7,0.062521466,0.062521447,1.92E-08
2020/5/8,0.062521467,0.062521451,1.52E-08
2020/5/9,0.062521471,0.062521455,1.68E-08
2020/5/10,0.062521472,0.062521458,1.37E-08
2020/5/11,0.062521474,0.062521461,1.32E-08
2020/5/12,0.062521474,0.062521463,1.16E-08
2020/5/13,0.062521479,0.062521464,1.47E-08
2020/5/14,0.062521478,0.062521466,1.19E-08
2020/5/15,0.062521482,0.062521467,1.44E-08
2020/5/16,0.062521485,0.06252147,1.56E-08
2020/5/17,0.062521486,0.062521473,1.35E-08
2020/5/18,0.062521492,0.062521475,1.67E-08
2020/5/19,0.062521496,0.062521479,1.71E-08
2020/5/20,0.062521498,0.062521483,1.50E-08
2020/5/21,0.062521501,0.062521487,1.44E-08
2020/5/22,0.062521505,0.062521491,1.46E-08
2020/5/23,0.062521508,0.062521494,1.41E-08
2020/5/24,0.062521512,0.062521497,1.55E-08
2020/5/26,0.062521515,0.062521501,1.47E-08
2020/5/27,0.062521516,0.062521504,1.22E-08
2020/5/28,0.062521522,0.062521507,1.45E-08
2020/5/29,0.062521523,0.06252151,1.28E-08
2020/5/30,0.062521523,0.062521513,9.83E-09
2020/5/31,0.062521527,0.062521515,1.23E-08
2020/6/1,0.062521532,0.062521517,1.43E-08
2020/6/2,0.062521534,0.06252152,1.35E-08
2020/6/3,0.06252154,0.062521524,1.56E-08
2020/6/4,0.062521542,0.062521529,1.38E-08
2020/6/5,0.062521544,0.062521532,1.15E-08
2020/6/6,0.062521547,0.062521535,1.18E-08
2020/6/7,0.062521553,0.062521538,1.41E-08
2020/6/8,0.062521553,0.062521542,1.11E-08
2020/6/9,0.062521555,0.062521545,9.94E-09
2020/6/10,0.062521556,0.062521547,8.39E-09
2020/6/11,0.06252156,0.062521549,1.08E-08
2020/6/12,0.06252156,0.062521551,9.13E-09
2020/6/13,0.062521564,0.062521553,1.08E-08
2020/6/14,0.062521564,0.062521555,9.29E-09
2020/6/15,0.062521566,0.062521557,9.13E-09
2020/6/16,0.062521569,0.062521559,1.02E-08
2020/6/17,0.062521574,0.062521561,1.22E-08
2020/6/18,0.062521576,0.062521565,1.13E-08
2020/6/19,0.062521582,0.062521568,1.35E-08
2020/6/20,0.062521585,0.062521572,1.23E-08
2020/6/21,0.062521587,0.062521576,1.02E-08
2020/6/22,0.062521587,0.06252158,7.68E-09
2020/6/23,0.06252159,0.062521582,7.99E-09
2020/6/24,0.062521593,0.062521583,9.43E-09
2020/6/25,0.062521593,0.062521586,7.65E-09
2020/6/26,0.062521595,0.062521588,7.54E-09
2020/6/27,0.062521596,0.062521589,6.73E-09
2020/6/28,0.062521598,0.062521591,6.97E-09
2020/6/29,0.062521599,0.062521592,7.52E-09
2020/6/30,0.062521604,0.062521594,1.06E-08
2020/7/1,0.062521606,0.062521597,9.75E-09
2020/7/2,0.062521607,0.0625216,7.50E-09
2020/7/3,0.062521611,0.062521602,9.10E-09
2020/7/4,0.062521614,0.062521605,9.15E-09
2020/7/5,0.062521618,0.062521607,1.08E-08
2020/7/6,0.062521621,0.062521611,1.02E-08
2020/7/7,0.062521623,0.062521615,7.75E-09
2020/7/8,0.062521625,0.062521618,7.65E-09
2020/7/9,0.062521626,0.06252162,5.40E-09
2020/7/10,0.062521627,0.062521622,5.51E-09
2020/7/11,0.062521629,0.062521623,5.75E-09
2020/7/12,0.062521632,0.062521625,7.38E-09
2020/7/13,0.062521634,0.062521627,6.95E-09
2020/7/14,0.062521634,0.062521629,5.48E-09
2020/7/15,0.062521638,0.062521631,7.03E-09
2020/7/16,0.062521638,0.062521633,5.70E-09
2020/7/17,0.062521642,0.062521635,7.09E-09
2020/7/18,0.062521645,0.062521637,8.51E-09
2020/7/19,0.06252165,0.06252164,1.04E-08
2020/7/20,0.062521652,0.062521644,8.17E-09
2020/7/21,0.062521652,0.062521648,4.18E-09
2020/7/22,0.062521656,0.06252165,6.32E-09
2020/7/23,0.062521658,0.062521652,5.70E-09
2020/7/24,0.06252166,0.062521654,6.28E-09
2020/7/25,0.06252166,0.062521656,4.08E-09
2020/7/26,0.062521663,0.062521658,5.23E-09
2020/7/27,0.062521664,0.06252166,4.05E-09
2020/7/28,0.062521666,0.062521661,5.00E-09
2020/7/29,0.062521668,0.062521663,5.18E-09
2020/7/30,0.062521671,0.062521665,6.35E-09
2020/7/31,0.062521673,0.062521668,5.06E-09
2020/8/1,0.062521677,0.06252167,6.85E-09
2020/8/2,0.062521679,0.062521673,5.72E-09
2020/8/3,0.062521683,0.062521676,7.49E-09
2020/8/4,0.062521687,0.062521679,8.11E-09
2020/8/5,0.062521688,0.062521683,5.09E-09
2020/8/6,0.062521689,0.062521686,2.72E-09
2020/8/7,0.062521691,0.062521688,3.64E-09
2020/8/8,0.062521694,0.062521689,4.71E-09
2020/8/9,0.062521697,0.062521691,5.60E-09
2020/8/10,0.062521699,0.062521694,4.71E-09
2020/8/11,0.062521699,0.062521697,2.41E-09
2020/8/12,0.062521702,0.062521699,3.43E-09
2020/8/13,0.062521703,0.0625217,2.73E-09
2020/8/14,0.062521708,0.062521702,6.34E-09
2020/8/15,0.062521709,0.062521705,3.85E-09
2020/8/16,0.062521711,0.062521708,3.01E-09
2020/8/17,0.062521716,0.06252171,6.48E-09
2020/8/18,0.062521718,0.062521713,4.65E-09
2020/8/19,0.062521721,0.062521716,4.77E-09
2020/8/20,0.062521724,0.062521719,4.17E-09
2020/8/21,0.062521724,0.062521722,1.45E-09
2020/8/22,0.062521728,0.062521724,3.63E-09
2020/8/23,0.062521731,0.062521726,4.17E-09
2020/8/24,0.062521732,0.062521729,3.12E-09
2020/8/25,0.06252173,0.062521732,-1.26E-09
2020/8/26,0.062521735,0.062521733,1.88E-09
2020/8/27,0.062521736,0.062521734,1.82E-09
2020/8/28,0.062521739,0.062521736,3.09E-09
2020/8/29,0.062521741,0.062521738,2.85E-09
2020/8/30,0.062521745,0.062521741,4.70E-09
2020/8/31,0.062521748,0.062521744,3.80E-09
2020/9/1,0.062521751,0.062521747,3.87E-09
2020/9/2,0.062521754,0.06252175,3.35E-09
2020/9/3,0.062521754,0.062521754,2.51E-10
2020/9/4,0.062521757,0.062521755,1.99E-09
2020/9/5,0.062521761,0.062521758,3.02E-09
2020/9/6,0.062521761,0.06252176,4.37E-10
2020/9/7,0.062521763,0.062521762,2.00E-10
2020/9/8,0.062521766,0.062521764,1.48E-09
2020/9/9,0.062521767,0.062521766,1.08E-09
2020/9/10,0.062521769,0.062521768,7.25E-10
2020/9/11,0.062521773,0.06252177,3.03E-09
2020/9/12,0.062521777,0.062521773,3.49E-09
2020/9/13,0.062521778,0.062521777,1.12E-09
2020/9/14,0.06252178,0.06252178,5.52E-10
2020/9/15,0.062521783,0.062521782,1.18E-09
2020/9/16,0.062521786,0.062521784,2.01E-09
2020/9/17,0.062521789,0.062521787,1.37E-09
2020/9/18,0.062521791,0.06252179,1.41E-09
2020/9/19,0.062521792,0.062521793,-1.09E-09
2020/9/20,0.062521794,0.062521795,-9.69E-10
2020/9/21,0.062521795,0.062521797,-1.53E-09
2020/9/22,0.062521797,0.062521798,-1.09E-09
2020/9/23,0.062521801,0.062521799,1.46E-09
2020/9/24,0.062521804,0.062521802,1.41E-09
2020/9/25,0.062521808,0.062521805,2.65E-09
2020/9/26,0.062521811,0.062521809,1.75E-09
2020/9/27,0.062521812,0.062521813,-2.10E-10
2020/9/28,0.062521818,0.062521815,3.13E-09
2020/9/29,0.062521822,0.062521819,2.60E-09
2020/9/30,0.062521824,0.062521823,1.03E-09
2020/10/1,0.062521828,0.062521827,9.99E-10
2020/10/2,0.062521829,0.062521831,-2.02E-09
2020/10/3,0.062521832,0.062521833,-1.25E-09
2020/10/4,0.062521835,0.062521835,-5.32E-10
2020/10/5,0.062521837,0.062521838,-9.65E-10
2020/10/6,0.062521838,0.06252184,-2.63E-09
2020/10/7,0.06252184,0.062521842,-2.42E-09
2020/10/8,0.062521844,0.062521844,-6.40E-10
2020/10/9,0.062521849,0.062521847,1.87E-09
2020/10/10,0.06252185,0.062521851,-3.24E-10
2020/10/11,0.062521854,0.062521854,-2.08E-10
2020/10/12,0.062521858,0.062521858,5.39E-10
2020/10/13,0.062521862,0.062521862,7.01E-10
2020/10/14,0.062521864,0.062521865,-1.15E-09
2020/10/15,0.062521866,0.062521869,-2.70E-09
2020/10/16,0.062521868,0.062521872,-3.91E-09
2020/10/17,0.062521871,0.062521873,-2.47E-09
2020/10/18,0.062521873,0.062521876,-2.49E-09
2020/10/19,0.062521874,0.062521878,-3.89E-09
2020/10/20,0.062521879,0.06252188,-1.35E-09
2020/10/21,0.062521879,0.062521883,-4.22E-09
2020/10/22,0.062521883,0.062521885,-1.86E-09
2020/10/23,0.062521887,0.062521888,-1.48E-09
2020/10/24,0.062521889,0.062521891,-2.63E-09
2020/10/25,0.062521896,0.062521894,1.55E-09
2020/10/26,0.0625219,0.062521899,1.03E-09
2020/10/27,0.062521901,0.062521904,-3.11E-09
2020/10/28,0.062521906,0.062521908,-1.24E-09
2020/10/29,0.062521908,0.062521912,-3.15E-09
2020/10/30,0.062521912,0.062521915,-2.42E-09
2020/10/31,0.062521916,0.062521918,-1.92E-09
2020/11/1,0.062521921,0.062521922,-5.15E-10
2020/11/2,0.062521924,0.062521926,-2.34E-09
2020/11/3,0.062521924,0.06252193,-6.75E-09
2020/11/4,0.062521928,0.062521932,-4.59E-09
2020/11/5,0.062521932,0.062521935,-2.65E-09
2020/11/6,0.062521935,0.062521938,-3.45E-09
2020/11/7,0.062521937,0.062521941,-4.88E-09
2020/11/11,0.062521954,0.062521945,9.30E-09
2020/11/12,0.062521957,0.062521953,4.44E-09
2020/11/13,0.062521964,0.062521961,2.17E-09
2020/11/14,0.062521965,0.062521969,-3.97E-09
2020/11/15,0.06252197,0.062521974,-4.83E-09
2020/11/16,0.062521972,0.062521978,-5.17E-09
2020/11/17,0.062521976,0.062521981,-5.06E-09
2020/11/18,0.062521977,0.062521984,-6.99E-09
2020/11/19,0.06252198,0.062521987,-6.95E-09
2020/11/20,0.062521983,0.06252199,-6.55E-09
2020/11/21,0.062521987,0.062521992,-4.85E-09
2020/11/22,0.062521993,0.062521996,-2.83E-09
2020/11/23,0.062521998,0.062522,-2.76E-09
2020/11/24,0.062522001,0.062522005,-4.47E-09
2020/11/25,0.062522006,0.06252201,-4.49E-09
2020/11/26,0.062522012,0.062522015,-2.08E-09
2020/11/27,0.062522019,0.06252202,-7.97E-10
2020/11/28,0.062522024,0.062522026,-1.76E-09
2020/11/29,0.062522029,0.062522033,-3.25E-09
2020/11/30,0.062522035,0.062522039,-3.75E-09
2020/12/1,0.062522037,0.062522044,-6.92E-09
2020/12/2,0.062522041,0.062522048,-7.57E-09
2020/12/3,0.062522044,0.062522052,-8.07E-09
2020/12/4,0.062522051,0.062522055,-4.46E-09
2020/12/5,0.062522053,0.06252206,-6.66E-09
2020/12/6,0.062522056,0.062522064,-8.27E-09
2020/12/7,0.062522062,0.062522068,-6.40E-09
2020/12/8,0.062522066,0.062522072,-6.42E-09
2020/12/9,0.062522072,0.062522077,-5.02E-09
2020/12/10,0.062522076,0.062522082,-5.81E-09
2020/12/11,0.06252208,0.062522087,-6.81E-09
2020/12/12,0.062522084,0.062522092,-7.70E-09
2020/12/13,0.062522089,0.062522097,-7.78E-09
2020/12/14,0.062522092,0.062522101,-8.71E-09
2020/12/15,0.062522097,0.062522105,-8.31E-09
2020/12/16,0.062522099,0.062522109,-9.63E-09
2020/12/17,0.062522103,0.062522113,-1.02E-08
2020/12/18,0.062522104,0.062522116,-1.27E-08
2020/12/19,0.062522105,0.062522119,-1.32E-08
2020/12/20,0.06252211,0.06252212,-1.04E-08
2020/12/21,0.062522113,0.062522123,-1.05E-08
2020/12/22,0.062522117,0.062522127,-9.93E-09
2020/12/23,0.062522122,0.06252213,-8.50E-09
2020/12/24,0.062522127,0.062522135,-7.49E-09
2020/12/25,0.062522128,0.06252214,-1.14E-08
2020/12/26,0.062522135,0.062522144,-8.69E-09
2020/12/27,0.062522139,0.062522148,-9.14E-09
2020/12/28,0.062522142,0.062522153,-1.08E-08
2020/12/29,0.062522147,0.062522157,-9.32E-09
2020/12/30,0.062522151,0.062522161,-1.03E-08
2020/12/31,0.062522152,0.062522165,-1.36E-08
2021/1/1,0.062522155,0.062522169,-1.31E-08
2021/1/2,0.062522158,0.062522171,-1.36E-08
2021/1/3,0.062522161,0.062522174,-1.27E-08
2021/1/4,0.062522164,0.062522177,-1.33E-08
2021/1/5,0.062522167,0.06252218,-1.31E-08
2021/1/6,0.06252217,0.062522183,-1.34E-08
2021/1/7,0.062522171,0.062522186,-1.51E-08
2021/1/8,0.062522177,0.062522188,-1.13E-08
2021/1/9,0.06252218,0.062522192,-1.21E-08
2021/1/10,0.062522183,0.062522196,-1.22E-08
2021/1/11,0.062522187,0.0625222,-1.24E-08
2021/1/12,0.062522191,0.062522204,-1.29E-08
2021/1/13,0.062522193,0.062522207,-1.43E-08
2021/1/14,0.062522196,0.062522211,-1.47E-08
2021/1/15,0.062522199,0.062522213,-1.41E-08
2021/1/16,0.062522201,0.062522216,-1.50E-08
2021/1/17,0.062522203,0.062522219,-1.58E-08
2021/1/18,0.062522205,0.062522222,-1.67E-08
2021/1/19,0.062522206,0.062522224,-1.80E-08
2021/1/20,0.06252221,0.062522225,-1.53E-08
2021/1/21,0.062522213,0.062522227,-1.49E-08
2021/1/22,0.062522216,0.06252223,-1.41E-08
2021/1/23,0.062522217,0.062522234,-1.66E-08
2021/1/24,0.062522221,0.062522236,-1.50E-08
2021/1/25,0.062522227,0.062522239,-1.19E-08
2021/1/26,0.062522233,0.062522243,-1.08E-08
2021/1/27,0.062522236,0.062522249,-1.27E-08
2021/1/28,0.062522238,0.062522254,-1.63E-08
2021/1/29,0.062522242,0.062522257,-1.50E-08
2021/1/30,0.062522245,0.062522261,-1.61E-08
2021/1/31,0.062522248,0.062522264,-1.55E-08
2021/2/1,0.062522248,0.062522267,-1.93E-08
2021/2/2,0.062522249,0.062522269,-2.03E-08
2021/2/3,0.062522254,0.06252227,-1.64E-08
2021/2/4,0.062522255,0.062522272,-1.70E-08
2021/2/5,0.062522258,0.062522275,-1.71E-08
2021/2/6,0.06252226,0.062522278,-1.80E-08
2021/2/7,0.062522266,0.06252228,-1.46E-08
2021/2/8,0.062522269,0.062522284,-1.52E-08
2021/2/9,0.062522273,0.062522288,-1.51E-08
2021/2/10,0.062522274,0.062522292,-1.75E-08
2021/2/11,0.062522279,0.062522295,-1.64E-08
2021/2/12,0.062522282,0.062522298,-1.65E-08
2021/2/13,0.062522285,0.062522302,-1.70E-08
2021/2/14,0.062522287,0.062522305,-1.80E-08
2021/2/15,0.062522288,0.062522308,-2.05E-08
2021/2/16,0.062522292,0.06252231,-1.83E-08
2021/2/17,0.062522294,0.062522313,-1.85E-08
2021/2/18,0.062522296,0.062522315,-1.88E-08
2021/2/19,0.062522299,0.062522318,-1.87E-08
2021/2/20,0.0625223,0.06252232,-2.07E-08
2021/2/21,0.062522304,0.062522322,-1.80E-08
2021/2/22,0.06252231,0.062522325,-1.49E-08
2021/2/23,0.062522313,0.062522329,-1.63E-08
2021/2/24,0.062522318,0.062522334,-1.53E-08
2021/2/25,0.062522324,0.062522339,-1.51E-08
2021/2/26,0.062522327,0.062522344,-1.69E-08
2021/2/27,0.06252233,0.062522348,-1.77E-08
2021/2/28,0.062522334,0.062522352,-1.85E-08
2021/3/1,0.062522334,0.062522356,-2.12E-08
2021/3/2,0.062522339,0.062522358,-1.87E-08
2021/3/3,0.062522343,0.062522361,-1.81E-08
2021/3/4,0.062522347,0.062522365,-1.74E-08
2021/3/5,0.062522349,0.062522369,-1.95E-08
2021/3/6,0.062522351,0.062522372,-2.10E-08
2021/3/7,0.062522356,0.062522375,-1.93E-08
2021/3/8,0.062522357,0.062522378,-2.08E-08
2021/3/9,0.062522362,0.062522381,-1.94E-08
2021/3/10,0.062522366,0.062522384,-1.85E-08
2021/3/11,0.062522368,0.062522388,-1.97E-08
2021/3/12,0.06252237,0.062522392,-2.13E-08
2021/3/13,0.062522377,0.062522395,-1.75E-08
2021/3/14,0.06252238,0.062522399,-1.94E-08
2021/3/15,0.062522385,0.062522403,-1.77E-08
2021/3/16,0.062522389,0.062522408,-1.87E-08
2021/3/17,0.062522391,0.062522412,-2.11E-08
2021/3/18,0.062522392,0.062522415,-2.33E-08
2021/3/19,0.062522395,0.062522418,-2.27E-08
2021/3/20,0.062522399,0.06252242,-2.16E-08
2021/3/21,0.062522402,0.062522423,-2.11E-08
2021/3/22,0.062522408,0.062522426,-1.85E-08
2021/3/23,0.062522409,0.062522431,-2.16E-08
2021/3/24,0.062522413,0.062522434,-2.14E-08
2021/3/25,0.062522419,0.062522438,-1.87E-08
2021/3/26,0.062522422,0.062522442,-1.98E-08
2021/3/27,0.062522427,0.062522446,-1.99E-08
2021/3/28,0.062522432,0.062522451,-1.95E-08
2021/3/29,0.062522435,0.062522456,-2.09E-08
2021/3/30,0.06252244,0.06252246,-1.99E-08
2021/3/31,0.062522441,0.062522465,-2.36E-08
2021/4/1,0.062522445,0.062522468,-2.25E-08
2021/4/2,0.062522448,0.062522471,-2.26E-08
2021/4/3,0.062522451,0.062522474,-2.30E-08
2021/4/4,0.062522453,0.062522478,-2.48E-08
2021/4/5,0.062522459,0.06252248,-2.15E-08
2021/4/6,0.062522458,0.062522484,-2.54E-08
2021/4/7,0.062522462,0.062522486,-2.47E-08
2021/4/8,0.062522467,0.062522489,-2.17E-08
2021/4/9,0.062522471,0.062522493,-2.19E-08
2021/4/10,0.062522475,0.062522496,-2.16E-08
2021/4/11,0.062522477,0.062522501,-2.43E-08
2021/4/12,0.062522481,0.062522505,-2.31E-08
2021/4/13,0.062522483,0.062522508,-2.51E-08
2021/4/14,0.062522488,0.062522511,-2.31E-08
2021/4/15,0.062522492,0.062522514,-2.25E-08
2021/4/16,0.062522494,0.062522519,-2.47E-08
2021/4/17,0.062522496,0.062522522,-2.62E-08
2021/4/18,0.0625225,0.062522525,-2.43E-08
2021/4/19,0.062522507,0.062522528,-2.06E-08
2021/4/20,0.062522512,0.062522533,-2.06E-08
2021/4/21,0.062522513,0.062522538,-2.52E-08
2021/4/22,0.062522518,0.062522542,-2.40E-08
2021/4/23,0.062522521,0.062522546,-2.51E-08
2021/4/24,0.062522528,0.062522549,-2.13E-08
2021/4/25,0.062522533,0.062522554,-2.13E-08
2021/4/26,0.062522535,0.06252256,-2.49E-08
2021/4/27,0.06252254,0.062522564,-2.44E-08
2021/4/28,0.062522544,0.062522568,-2.48E-08
2021/4/29,0.062522549,0.062522572,-2.29E-08
2021/4/30,0.062522554,0.062522577,-2.34E-08
2021/5/1,0.062522556,0.062522582,-2.58E-08
2021/5/2,0.06252256,0.062522586,-2.61E-08
2021/5/3,0.062522562,0.06252259,-2.79E-08
2021/5/4,0.062522565,0.062522592,-2.74E-08
2021/5/5,0.062522568,0.062522595,-2.67E-08
2021/5/6,0.062522574,0.062522598,-2.46E-08
2021/5/7,0.062522575,0.062522603,-2.79E-08
2021/5/8,0.062522579,0.062522606,-2.70E-08
2021/5/9,0.062522581,0.062522609,-2.83E-08
2021/5/10,0.062522586,0.062522612,-2.58E-08
2021/5/11,0.062522588,0.062522616,-2.76E-08
2021/5/12,0.062522591,0.062522619,-2.85E-08
2021/5/13,0.062522599,0.062522622,-2.34E-08
2021/5/14,0.062522599,0.062522627,-2.81E-08
2021/5/15,0.062522601,0.062522631,-2.95E-08
2021/5/16,0.062522609,0.062522634,-2.50E-08
2021/5/17,0.06252261,0.062522638,-2.80E-08
2021/5/18,0.062522613,0.062522641,-2.83E-08
2021/5/19,0.062522622,0.062522645,-2.25E-08
2021/5/20,0.062522624,0.062522651,-2.63E-08
2021/5/21,0.062522628,0.062522655,-2.76E-08
2021/5/22,0.062522632,0.06252266,-2.76E-08
2021/5/23,0.062522634,0.062522664,-2.97E-08
2021/5/24,0.062522639,0.062522667,-2.80E-08
2021/5/25,0.062522644,0.062522671,-2.66E-08
2021/5/26,0.062522647,0.062522675,-2.76E-08
2021/5/27,0.062522649,0.062522679,-3.02E-08
2021/5/28,0.062522654,0.062522683,-2.85E-08
2021/5/29,0.062522657,0.062522686,-2.95E-08
2021/5/30,0.06252266,0.06252269,-2.98E-08
2021/5/31,0.062522663,0.062522693,-3.01E-08
2021/6/1,0.062522664,0.062522697,-3.30E-08
2021/6/2,0.062522669,0.062522698,-2.93E-08
2021/6/3,0.062522673,0.062522702,-2.84E-08
2021/6/4,0.062522678,0.062522706,-2.78E-08
2021/6/5,0.062522681,0.06252271,-2.91E-08
2021/6/6,0.062522683,0.062522715,-3.18E-08
2021/6/7,0.062522685,0.062522718,-3.27E-08
2021/6/8,0.062522691,0.06252272,-2.87E-08
2021/6/9,0.062522694,0.062522724,-2.97E-08
2021/6/10,0.062522696,0.062522727,-3.10E-08
2021/6/11,0.062522701,0.062522731,-2.99E-08
2021/6/12,0.062522702,0.062522735,-3.28E-08
2021/6/13,0.062522703,0.062522738,-3.46E-08
2021/6/14,0.062522709,0.062522739,-3.08E-08
2021/6/15,0.062522712,0.062522742,-3.08E-08
2021/6/16,0.062522716,0.062522746,-2.98E-08
2021/6/17,0.062522718,0.06252275,-3.16E-08
2021/6/18,0.062522721,0.062522754,-3.27E-08
2021/6/19,0.062522727,0.062522756,-2.95E-08
2021/6/20,0.06252273,0.062522761,-3.08E-08
2021/6/21,0.062522735,0.062522765,-2.99E-08
2021/6/22,0.062522738,0.062522769,-3.08E-08
2021/6/23,0.062522743,0.062522773,-3.03E-08
2021/6/24,0.062522746,0.062522777,-3.19E-08
2021/6/25,0.062522746,0.062522781,-3.57E-08
2021/6/26,0.062522749,0.062522784,-3.40E-08
2021/6/27,0.062522754,0.062522786,-3.21E-08
2021/6/28,0.062522753,0.062522789,-3.57E-08
2021/6/29,0.062522755,0.062522791,-3.61E-08
2021/6/30,0.06252276,0.062522793,-3.25E-08
2021/7/1,0.062522764,0.062522796,-3.18E-08
2021/7/2,0.062522767,0.062522799,-3.22E-08
2021/7/3,0.062522769,0.062522803,-3.45E-08
2021/7/4,0.062522774,0.062522806,-3.28E-08
2021/7/5,0.062522779,0.06252281,-3.10E-08
2021/7/6,0.062522784,0.062522814,-2.97E-08
2021/7/7,0.062522788,0.062522819,-3.14E-08
2021/7/8,0.062522788,0.062522824,-3.56E-08
2021/7/9,0.062522793,0.062522827,-3.38E-08
2021/7/10,0.062522795,0.06252283,-3.48E-08
2021/7/11,0.062522798,0.062522833,-3.46E-08
2021/7/12,0.062522798,0.062522836,-3.76E-08
2021/7/13,0.062522802,0.062522838,-3.63E-08
2021/7/14,0.062522802,0.06252284,-3.80E-08
2021/7/15,0.062522804,0.062522841,-3.76E-08
2021/7/16,0.062522808,0.062522843,-3.43E-08
2021/7/17,0.06252281,0.062522845,-3.59E-08
2021/7/18,0.062522813,0.062522848,-3.49E-08
2021/7/19,0.062522818,0.062522851,-3.28E-08
2021/7/20,0.062522822,0.062522855,-3.28E-08
2021/7/21,0.062522827,0.062522859,-3.23E-08
2021/7/22,0.062522832,0.062522864,-3.19E-08
2021/7/23,0.062522834,0.062522869,-3.53E-08
2021/7/24,0.062522839,0.062522873,-3.39E-08
2021/7/25,0.062522841,0.062522877,-3.53E-08
2021/7/26,0.062522844,0.06252288,-3.57E-08
2021/7/27,0.062522846,0.062522883,-3.74E-08
2021/7/28,0.062522846,0.062522886,-3.96E-08
2021/7/29,0.062522851,0.062522887,-3.65E-08
2021/7/30,0.062522852,0.06252289,-3.72E-08
2021/7/31,0.062522855,0.062522892,-3.64E-08
2021/8/1,0.062522859,0.062522895,-3.55E-08
2021/8/2,0.06252286,0.062522898,-3.79E-08
2021/8/3,0.062522864,0.062522901,-3.67E-08
2021/8/4,0.062522871,0.062522904,-3.31E-08
2021/8/5,0.062522874,0.062522908,-3.37E-08
2021/8/6,0.062522877,0.062522913,-3.59E-08
2021/8/7,0.062522881,0.062522917,-3.59E-08
2021/8/8,0.062522884,0.06252292,-3.66E-08
2021/8/9,0.062522886,0.062522924,-3.77E-08
2021/8/10,0.062522889,0.062522927,-3.81E-08
2021/8/11,0.062522892,0.062522929,-3.78E-08
2021/8/12,0.062522893,0.062522932,-3.93E-08
2021/8/13,0.062522895,0.062522934,-3.95E-08
2021/8/14,0.062522896,0.062522936,-4.04E-08
2021/8/15,0.062522898,0.062522938,-3.97E-08
2021/8/16,0.062522902,0.062522939,-3.73E-08
2021/8/17,0.062522907,0.062522942,-3.57E-08
2021/8/18,0.06252291,0.062522946,-3.62E-08
2021/8/19,0.062522913,0.06252295,-3.68E-08
2021/8/20,0.062522915,0.062522954,-3.90E-08
2021/8/21,0.06252292,0.062522957,-3.64E-08
2021/8/22,0.062522925,0.06252296,-3.57E-08
2021/8/23,0.062522928,0.062522965,-3.68E-08
2021/8/24,0.062522928,0.062522969,-4.02E-08
2021/8/25,0.062522933,0.062522971,-3.85E-08
2021/8/26,0.062522934,0.062522974,-4.02E-08
2021/8/27,0.062522936,0.062522976,-4.07E-08
2021/8/28,0.062522941,0.062522978,-3.75E-08
2021/8/29,0.062522946,0.062522982,-3.56E-08
2021/8/30,0.062522948,0.062522986,-3.78E-08
2021/8/31,0.062522948,0.06252299,-4.18E-08
2021/9/1,0.062522954,0.062522992,-3.82E-08
2021/9/2,0.062522959,0.062522995,-3.67E-08
2021/9/3,0.062522961,0.062522999,-3.82E-08
2021/9/4,0.062522967,0.062523003,-3.59E-08
2021/9/5,0.062522972,0.062523008,-3.65E-08
2021/9/6,0.062522973,0.062523013,-3.93E-08
2021/9/7,0.062522978,0.062523016,-3.81E-08
2021/9/8,0.062522983,0.06252302,-3.77E-08
2021/9/9,0.062522985,0.062523024,-3.91E-08
2021/9/10,0.062522986,0.062523028,-4.20E-08
2021/9/11,0.06252299,0.062523031,-4.05E-08
2021/9/12,0.062522992,0.062523033,-4.10E-08
2021/9/13,0.062522995,0.062523036,-4.07E-08
2021/9/14,0.062522999,0.062523039,-3.93E-08
2021/9/15,0.062523003,0.062523042,-3.90E-08
2021/9/16,0.062523007,0.062523046,-3.84E-08
2021/9/17,0.062523009,0.06252305,-4.09E-08
2021/9/18,0.062523014,0.062523053,-3.92E-08
2021/9/19,0.062523017,0.062523057,-3.95E-08
2021/9/20,0.062523022,0.062523061,-3.83E-08
2021/9/21,0.062523026,0.062523065,-3.85E-08
2021/9/22,0.06252303,0.06252307,-3.92E-08
2021/9/23,0.062523032,0.062523074,-4.15E-08
2021/9/24,0.062523038,0.062523077,-3.96E-08
2021/9/25,0.06252304,0.062523081,-4.12E-08
2021/9/26,0.062523043,0.062523084,-4.14E-08
2021/9/27,0.062523045,0.062523088,-4.22E-08
2021/9/28,0.062523051,0.06252309,-3.95E-08
2021/9/29,0.062523056,0.062523094,-3.83E-08
2021/9/30,0.06252306,0.062523099,-3.85E-08
2021/10/1,0.062523067,0.062523104,-3.73E-08
2021/10/2,0.062523069,0.06252311,-4.07E-08
2021/10/3,0.062523074,0.062523114,-3.99E-08
2021/10/4,0.062523081,0.062523118,-3.72E-08
2021/10/5,0.062523086,0.062523124,-3.75E-08
2021/10/6,0.062523088,0.06252313,-4.16E-08
2021/10/7,0.062523093,0.062523134,-4.10E-08
2021/10/8,0.062523098,0.062523138,-4.02E-08
2021/10/9,0.062523101,0.062523143,-4.12E-08
2021/10/10,0.062523109,0.062523147,-3.78E-08
2021/10/11,0.062523113,0.062523153,-3.93E-08
2021/10/12,0.062523117,0.062523158,-4.06E-08
2021/10/13,0.062523121,0.062523163,-4.22E-08
2021/10/14,0.062523123,0.062523167,-4.44E-08
2021/10/15,0.062523129,0.06252317,-4.09E-08
2021/10/16,0.062523133,0.062523174,-4.18E-08
2021/10/17,0.062523141,0.062523179,-3.76E-08
2021/10/18,0.062523146,0.062523185,-3.86E-08
2021/10/19,0.062523147,0.062523191,-4.40E-08
2021/10/20,0.062523153,0.062523195,-4.24E-08
2021/10/21,0.062523158,0.062523199,-4.12E-08
2021/10/22,0.062523162,0.062523204,-4.15E-08
2021/10/23,0.062523165,0.062523209,-4.35E-08
2021/10/24,0.06252317,0.062523213,-4.32E-08
2021/10/25,0.062523172,0.062523217,-4.48E-08
2021/10/26,0.062523179,0.06252322,-4.07E-08
2021/10/27,0.062523184,0.062523225,-4.13E-08
2021/10/28,0.06252319,0.06252323,-4.04E-08
2021/10/29,0.062523193,0.062523236,-4.28E-08
2021/10/30,0.062523202,0.062523241,-3.87E-08
2021/10/31,0.062523208,0.062523247,-3.94E-08
2021/11/1,0.062523216,0.062523254,-3.83E-08
2021/11/2,0.062523225,0.062523261,-3.63E-08
2021/11/3,0.062523232,0.062523269,-3.76E-08
2021/11/4,0.062523235,0.062523277,-4.18E-08
2021/11/5,0.062523243,0.062523284,-4.09E-08
2021/11/6,0.062523248,0.06252329,-4.24E-08
2021/11/7,0.062523255,0.062523296,-4.07E-08
2021/11/8,0.062523262,0.062523302,-4.03E-08
2021/11/9,0.062523267,0.062523309,-4.17E-08
2021/11/10,0.062523269,0.062523315,-4.56E-08
2021/11/11,0.062523276,0.06252332,-4.41E-08
2021/11/12,0.062523281,0.062523325,-4.41E-08
2021/11/13,0.062523285,0.06252333,-4.46E-08
2021/11/14,0.062523289,0.062523335,-4.55E-08
2021/11/15,0.062523294,0.062523339,-4.54E-08
2021/11/16,0.062523296,0.062523344,-4.80E-08
2021/11/17,0.062523301,0.062523347,-4.57E-08
2021/11/18,0.062523307,0.062523351,-4.43E-08
2021/11/19,0.062523311,0.062523356,-4.57E-08
2021/11/20,0.062523312,0.062523361,-4.92E-08
2021/11/21,0.062522202,0.062523365,-1.16E-06
2021/11/22,0.062522207,0.062522929,-7.22E-07
2021/11/23,0.06252221,0.062522515,-3.05E-07
2021/11/24,0.062522214,0.062522248,-3.37E-08
2021/11/25,0.062522219,0.062522167,5.23E-08
2021/11/26,0.062522225,0.062522236,-1.03E-08
2021/11/27,0.06252223,0.062522241,-1.09E-08
2021/11/28,0.062522235,0.062522247,-1.18E-08
2021/11/29,0.062522237,0.062522252,-1.46E-08
2021/11/30,0.062522244,0.062522256,-1.21E-08
2021/12/1,0.062522252,0.062522261,-9.25E-09
2021/12/2,0.062522256,0.062522267,-1.09E-08
2021/12/3,0.06252226,0.062522273,-1.31E-08
2021/12/4,0.062522264,0.062522279,-1.49E-08
2021/12/5,0.062522267,0.062522283,-1.59E-08
2021/12/6,0.062522272,0.062522287,-1.49E-08
2021/12/7,0.062522279,0.062522291,-1.21E-08
2021/12/8,0.062522282,0.062522296,-1.41E-08
2021/12/9,0.062522288,0.062522301,-1.34E-08
2021/12/10,0.06252229,0.062522307,-1.62E-08
2021/12/11,0.062522292,0.062522311,-1.91E-08
2021/12/12,0.062522298,0.062522314,-1.60E-08
2021/12/13,0.062522303,0.062522317,-1.47E-08
2021/12/14,0.062522306,0.062522322,-1.54E-08
2021/12/15,0.062522308,0.062522326,-1.86E-08
2021/12/16,0.062522315,0.06252233,-1.45E-08
2021/12/17,0.062522321,0.062522334,-1.34E-08
2021/12/18,0.062522323,0.06252234,-1.74E-08
2021/12/19,0.062522329,0.062522344,-1.56E-08
2021/12/20,0.062522344,0.062522349,-5.60E-09
2021/12/21,0.062522346,0.062522358,-1.16E-08
2021/12/22,0.062522355,0.062522366,-1.08E-08
2021/12/23,0.062522359,0.062522375,-1.59E-08
2021/12/24,0.062522371,0.062522381,-9.72E-09
2021/12/25,0.062522379,0.062522388,-9.12E-09
2021/12/26,0.062522383,0.062522398,-1.45E-08
2021/12/27,0.062522393,0.062522405,-1.19E-08
2021/12/28,0.062522403,0.062522413,-9.82E-09
2021/12/29,0.062522411,0.062522422,-1.12E-08
2021/12/30,0.062522416,0.062522431,-1.52E-08
2021/12/31,0.062522418,0.062522439,-2.04E-08
2022/1/1,0.062522426,0.062522444,-1.75E-08
2022/1/2,0.062522432,0.062522449,-1.72E-08
2022/1/3,0.062522436,0.062522455,-1.88E-08
2022/1/4,0.06252244,0.06252246,-1.98E-08
2022/1/5,0.062522443,0.062522465,-2.25E-08
2022/1/6,0.062522447,0.062522469,-2.21E-08
2022/1/7,0.062522452,0.062522472,-2.09E-08
2022/1/8,0.062522457,0.062522477,-1.91E-08
2022/1/9,0.062522462,0.062522482,-2.00E-08
2022/1/10,0.062522464,0.062522487,-2.30E-08
2022/1/11,0.062522471,0.062522491,-1.94E-08
2022/1/12,0.062522475,0.062522496,-2.06E-08
2022/1/13,0.062522482,0.062522501,-1.88E-08
2022/1/14,0.062522489,0.062522507,-1.75E-08
2022/1/15,0.062522497,0.062522513,-1.61E-08
2022/1/16,0.0625225,0.062522521,-2.03E-08
2022/1/17,0.062522509,0.062522527,-1.79E-08
2022/1/18,0.062522516,0.062522534,-1.78E-08
2022/1/19,0.062522524,0.062522541,-1.71E-08
2022/1/20,0.062522527,0.062522549,-2.13E-08
2022/1/21,0.06252253,0.062522555,-2.49E-08
2022/1/22,0.062522538,0.062522559,-2.09E-08
2022/1/23,0.062522543,0.062522565,-2.15E-08
2022/1/24,0.062522549,0.06252257,-2.10E-08
2022/1/25,0.062522552,0.062522576,-2.40E-08
2022/1/26,0.062522561,0.062522581,-1.99E-08
2022/1/27,0.062522568,0.062522587,-1.97E-08
2022/1/28,0.062522574,0.062522594,-2.06E-08
2022/1/29,0.062522576,0.062522601,-2.50E-08
2022/1/30,0.062522589,0.062522607,-1.78E-08
2022/1/31,0.062522601,0.062522614,-1.32E-08
2022/2/1,0.062522606,0.062522624,-1.84E-08
2022/2/2,0.062522605,0.062522634,-2.88E-08
2022/2/3,0.062522615,0.062522639,-2.33E-08
2022/2/4,0.062522626,0.062522644,-1.79E-08
2022/2/5,0.062522635,0.062522651,-1.67E-08
2022/2/6,0.062522642,0.062522661,-1.90E-08
2022/2/7,0.062522646,0.062522671,-2.50E-08
2022/2/8,0.062522657,0.062522677,-2.02E-08
2022/2/9,0.062522667,0.062522685,-1.80E-08
2022/2/10,0.062522674,0.062522694,-2.01E-08
2022/2/11,0.062522685,0.062522703,-1.82E-08
2022/2/12,0.06252269,0.062522713,-2.30E-08
2022/2/13,0.062522702,0.062522721,-1.95E-08
2022/2/14,0.062522709,0.062522731,-2.11E-08
2022/2/15,0.062522717,0.06252274,-2.30E-08
2022/2/16,0.06252272,0.062522748,-2.75E-08
2022/2/17,0.062522732,0.062522754,-2.27E-08
2022/2/18,0.062522737,0.062522762,-2.49E-08
2022/2/19,0.062522745,0.062522769,-2.45E-08
2022/2/20,0.062522746,0.062522777,-3.11E-08
2022/2/21,0.062522755,0.062522782,-2.72E-08
2022/2/22,0.062522763,0.062522788,-2.50E-08
2022/2/23,0.062522767,0.062522795,-2.77E-08
2022/2/24,0.06252277,0.062522801,-3.13E-08
2022/2/25,0.06252278,0.062522807,-2.63E-08
2022/2/26,0.062522787,0.062522813,-2.58E-08
2022/2/27,0.062522798,0.06252282,-2.25E-08
2022/2/28,0.062522804,0.062522829,-2.50E-08
2022/3/1,0.062522809,0.062522838,-2.87E-08
2022/3/2,0.062522813,0.062522845,-3.23E-08
2022/3/3,0.062522822,0.06252285,-2.82E-08
2022/3/4,0.062522831,0.062522856,-2.54E-08
2022/3/5,0.062522836,0.062522864,-2.86E-08
2022/3/6,0.062522847,0.062522872,-2.47E-08
2022/3/7,0.062522851,0.06252288,-2.99E-08
2022/3/8,0.06252286,0.062522887,-2.79E-08
2022/3/9,0.062522869,0.062522895,-2.55E-08
2022/3/10,0.062522877,0.062522904,-2.62E-08
2022/3/11,0.062522886,0.062522912,-2.59E-08
2022/3/12,0.062522892,0.062522922,-2.93E-08
2022/3/13,0.062522909,0.06252293,-2.08E-08
2022/3/14,0.062522921,0.06252294,-1.91E-08
2022/3/15,0.062522934,0.062522953,-1.88E-08
2022/3/16,0.062522941,0.062522967,-2.60E-08
2022/3/17,0.062522945,0.062522978,-3.33E-08
2022/3/18,0.062522953,0.062522986,-3.30E-08
2022/3/19,0.062522963,0.062522992,-2.91E-08
2022/3/20,0.062522971,0.062523,-2.90E-08
2022/3/21,0.062522977,0.062523008,-3.19E-08
2022/3/22,0.062522982,0.062523016,-3.41E-08
2022/3/23,0.062522991,0.062523023,-3.23E-08
2022/3/24,0.062522994,0.06252303,-3.60E-08
2022/3/25,0.062523005,0.062523036,-3.06E-08
2022/3/26,0.062523015,0.062523044,-2.89E-08
2022/3/27,0.062523022,0.062523053,-3.10E-08
2022/3/28,0.062523035,0.062523061,-2.68E-08
2022/3/29,0.062523049,0.062523072,-2.27E-08
2022/3/30,0.062523055,0.062523084,-2.90E-08
2022/3/31,0.062523081,0.062523095,-1.45E-08
2022/4/1,0.062523097,0.062523112,-1.50E-08
2022/4/2,0.062523115,0.062523129,-1.42E-08
2022/4/3,0.062523129,0.062523148,-1.96E-08
2022/4/4,0.062523139,0.062523166,-2.70E-08
2022/4/5,0.062523147,0.062523179,-3.25E-08
2022/4/6,0.062523165,0.06252319,-2.52E-08
2022/4/7,0.062523177,0.062523202,-2.51E-08
2022/4/8,0.062523187,0.062523216,-2.88E-08
2022/4/9,0.0625232,0.062523229,-2.89E-08
2022/4/10,0.062523214,0.062523241,-2.71E-08
2022/4/11,0.06252322,0.062523254,-3.40E-08
2022/4/12,0.062523238,0.062523265,-2.69E-08
2022/4/13,0.06252325,0.062523278,-2.85E-08
2022/4/14,0.062523261,0.062523291,-2.97E-08
2022/4/15,0.062523268,0.062523304,-3.63E-08
2022/4/16,0.062523282,0.062523314,-3.19E-08
2022/4/17,0.062523295,0.062523325,-3.00E-08
2022/4/18,0.062523305,0.062523338,-3.23E-08
2022/4/19,0.062521719,0.06252335,-1.63E-06
2022/4/20,0.062521729,0.062522732,-1.00E-06
2022/4/21,0.062521736,0.062522142,-4.06E-07
2022/4/22,0.062521751,0.06252176,-8.39E-09
2022/4/23,0.062521763,0.062521647,1.15E-07
2022/4/24,0.062521774,0.062521754,1.97E-08
2022/4/25,0.062521781,0.062521767,1.37E-08
2022/4/26,0.062521793,0.062521778,1.49E-08
2022/4/27,0.062521818,0.062521788,3.01E-08
2022/4/28,0.062521836,0.062521804,3.23E-08
2022/4/29,0.062521856,0.062521824,3.21E-08
2022/4/30,0.062521863,0.062521845,1.79E-08
2022/5/1,0.062521879,0.062521861,1.73E-08
2022/5/2,0.062521894,0.062521875,1.87E-08
2022/5/3,0.062521905,0.062521889,1.55E-08
2022/5/4,0.062521917,0.062521902,1.41E-08
2022/5/5,0.062521922,0.062521916,6.30E-09
2022/5/6,0.062521941,0.062521925,1.54E-08
2022/5/7,0.06252195,0.062521938,1.17E-08
2022/5/8,0.062521955,0.06252195,4.83E-09
2022/5/9,0.062521964,0.06252196,4.30E-09
2022/5/10,0.062521973,0.062521969,4.64E-09
2022/5/11,0.062521982,0.062521977,5.84E-09
2022/5/12,0.062521991,0.062521986,4.67E-09
2022/5/13,0.062522003,0.062521995,7.31E-09
2022/5/14,0.062522019,0.062522006,1.34E-08
2022/5/15,0.06252204,0.062522019,2.13E-08
2022/5/16,0.062522052,0.062522036,1.58E-08
2022/5/17,0.062522067,0.062522054,1.33E-08
2022/5/18,0.062522078,0.06252207,7.80E-09
2022/5/19,0.062522112,0.062522083,2.88E-08
2022/5/20,0.062522118,0.062522104,1.37E-08
2022/5/21,0.062522124,0.062522123,1.02E-09
2022/5/22,0.062522141,0.062522136,5.19E-09
2022/5/23,0.062522167,0.062522148,1.83E-08
2022/5/24,0.062522178,0.062522165,1.37E-08
2022/5/25,0.062522195,0.062522183,1.21E-08
2022/5/26,0.062522198,0.062522202,-3.47E-09
2022/5/27,0.062522216,0.062522213,2.69E-09
2022/5/28,0.062522231,0.062522225,6.46E-09
2022/5/29,0.062522239,0.062522239,3.57E-10
2022/5/30,0.062522247,0.062522251,-4.42E-09
2022/5/31,0.062522252,0.062522262,-1.01E-08
2022/6/1,0.062522265,0.06252227,-4.93E-09
2022/6/2,0.062522271,0.062522278,-7.13E-09
2022/6/3,0.062522279,0.062522287,-7.57E-09
2022/6/4,0.062522286,0.062522295,-9.51E-09
2022/6/5,0.062522294,0.062522303,-8.76E-09
2022/6/6,0.062522295,0.062522311,-1.55E-08
2022/6/7,0.0625223,0.062522316,-1.59E-08
2022/6/8,0.062522312,0.06252232,-8.74E-09
2022/6/9,0.062522319,0.062522328,-8.32E-09
2022/6/10,0.062522328,0.062522336,-7.93E-09
2022/6/11,0.062522332,0.062522345,-1.35E-08
2022/6/12,0.062522341,0.062522352,-1.06E-08
2022/6/13,0.062522356,0.062522359,-3.61E-09
2022/6/14,0.062522369,0.06252237,-1.55E-09
2022/6/15,0.062522379,0.062522383,-4.23E-09
2022/6/19,0.062522413,0.062522396,1.71E-08
2022/6/20,0.062522422,0.062522416,5.30E-09
2022/6/21,0.062522432,0.062522436,-3.75E-09
2022/6/22,0.062522437,0.062522451,-1.38E-08
2022/6/23,0.062522446,0.062522461,-1.59E-08
2022/6/24,0.062522455,0.062522468,-1.27E-08
2022/6/25,0.062522464,0.062522477,-1.27E-08
2022/6/26,0.062522472,0.062522485,-1.30E-08
2022/6/27,0.062522479,0.062522495,-1.58E-08
2022/6/28,0.062522482,0.062522503,-2.07E-08
2022/6/29,0.062522491,0.062522509,-1.72E-08
2022/6/30,0.062522497,0.062522515,-1.81E-08
2022/7/1,0.062522501,0.062522522,-2.12E-08
2022/7/2,0.062522509,0.062522528,-1.88E-08
2022/7/3,0.062522512,0.062522534,-2.21E-08
2022/7/4,0.06252252,0.062522539,-1.94E-08
2022/7/5,0.062522527,0.062522545,-1.85E-08
2022/7/6,0.062522533,0.062522552,-1.85E-08
2022/7/7,0.06252254,0.062522559,-1.94E-08
2022/7/8,0.062522545,0.062522566,-2.15E-08
2022/7/9,0.062522552,0.062522572,-2.06E-08
2022/7/10,0.062522565,0.062522578,-1.32E-08
2022/7/11,0.062522575,0.062522588,-1.29E-08
2022/7/12,0.062522587,0.062522598,-1.15E-08
2022/7/13,0.062522595,0.06252261,-1.56E-08
2022/7/14,0.062522599,0.062522621,-2.22E-08
2022/7/15,0.062522607,0.062522628,-2.14E-08
2022/7/16,0.062522621,0.062522635,-1.42E-08
2022/7/17,0.062522628,0.062522645,-1.64E-08
2022/7/18,0.06252264,0.062522655,-1.54E-08
2022/7/19,0.062522646,0.062522666,-1.96E-08
2022/7/20,0.062522661,0.062522675,-1.42E-08
2022/7/21,0.062522668,0.062522686,-1.78E-08
2022/7/22,0.062522679,0.062522696,-1.75E-08
2022/7/23,0.062522685,0.062522707,-2.12E-08
2022/7/24,0.062522694,0.062522716,-2.20E-08
2022/7/25,0.062522703,0.062522724,-2.12E-08
2022/7/26,0.062522708,0.062522732,-2.40E-08
2022/7/27,0.062522714,0.06252274,-2.64E-08
2022/7/28,0.062522719,0.062522747,-2.77E-08
2022/7/29,0.062522725,0.062522752,-2.77E-08
2022/7/30,0.062522726,0.062522758,-3.16E-08
2022/7/31,0.062522729,0.062522762,-3.28E-08
2022/8/1,0.062522738,0.062522765,-2.73E-08
2022/8/2,0.06252274,0.06252277,-2.97E-08
2022/8/3,0.062522745,0.062522775,-2.96E-08
2022/8/4,0.062522751,0.06252278,-2.84E-08
2022/8/5,0.062522757,0.062522785,-2.86E-08
2022/8/6,0.06252276,0.062522791,-3.07E-08
2022/8/7,0.062522767,0.062522796,-2.87E-08
2022/8/8,0.06252278,0.062522801,-2.05E-08
2022/8/9,0.062522788,0.06252281,-2.17E-08
2022/8/10,0.062522795,0.06252282,-2.48E-08
2022/8/11,0.062522802,0.062522829,-2.69E-08
2022/8/12,0.06252281,0.062522836,-2.59E-08
2022/8/13,0.062522813,0.062522844,-3.06E-08
2022/8/14,0.062522821,0.06252285,-2.95E-08
2022/8/15,0.062522829,0.062522856,-2.77E-08
2022/8/16,0.062522839,0.062522863,-2.39E-08
2022/8/17,0.062522847,0.062522872,-2.46E-08
2022/8/18,0.062522854,0.062522881,-2.77E-08
2022/8/19,0.062522861,0.062522889,-2.81E-08
2022/8/20,0.062522867,0.062522897,-2.99E-08
2022/8/21,0.062522874,0.062522904,-2.98E-08
2022/8/22,0.062522879,0.062522911,-3.22E-08
2022/8/23,0.062522883,0.062522917,-3.37E-08
2022/8/24,0.062522893,0.062522922,-2.91E-08
2022/8/25,0.062522898,0.062522929,-3.06E-08
2022/8/26,0.062522903,0.062522936,-3.25E-08
2022/8/27,0.06252291,0.062522942,-3.19E-08
2022/8/28,0.062522913,0.062522948,-3.51E-08
2022/8/29,0.062522916,0.062522953,-3.69E-08
2022/8/30,0.062522922,0.062522957,-3.50E-08
2022/8/31,0.062522927,0.062522962,-3.48E-08
2022/9/1,0.062522937,0.062522966,-2.98E-08
2022/9/2,0.062522941,0.062522973,-3.29E-08
2022/9/3,0.062522942,0.06252298,-3.77E-08
2022/9/4,0.062522952,0.062522985,-3.29E-08
2022/9/5,0.062522968,0.06252299,-2.29E-08
2022/9/6,0.062522976,0.062523,-2.45E-08
2022/9/7,0.062522985,0.062523012,-2.63E-08
2022/9/8,0.06252299,0.062523023,-3.26E-08
2022/9/9,0.062523005,0.062523031,-2.64E-08
2022/9/10,0.062523014,0.062523041,-2.73E-08
2022/9/11,0.062523023,0.062523051,-2.76E-08
2022/9/12,0.062523038,0.062523062,-2.38E-08
2022/9/13,0.06252304,0.062523074,-3.35E-08
2022/9/14,0.06252305,0.062523082,-3.23E-08
