date,actual,pred,residual
2013/3/10,0.062542917,0.062542873,4.36E-08
2013/3/11,0.062542937,0.062542917,1.97E-08
2013/3/12,0.062542875,0.062542933,-5.79E-08
2013/3/13,0.062542814,0.062542885,-7.10E-08
2013/3/14,0.062525227,0.062542828,-1.76E-05
2013/3/15,0.062531207,0.062528328,2.88E-06
2013/3/16,0.062531223,0.062531124,9.86E-08
2013/3/17,0.062531133,0.062531136,-3.41E-09
2013/3/18,0.062531238,0.062531131,1.07E-07
2013/3/19,0.062531266,0.062531219,4.72E-08
2013/3/20,0.062531294,0.062531255,3.93E-08
2013/3/21,0.062531307,0.062531286,2.07E-08
2013/3/22,0.062531286,0.062531303,-1.63E-08
2013/3/23,0.062531331,0.062531289,4.19E-08
2013/3/24,0.062531506,0.062531324,1.82E-07
2013/3/25,0.062531681,0.062531472,2.08E-07
2013/3/26,0.062531924,0.06253164,2.84E-07
2013/3/27,0.062531797,0.062531869,-7.20E-08
2013/3/28,0.062531718,0.062531803,-8.44E-08
2013/3/29,0.062531737,0.062531735,2.55E-09
2013/3/30,0.062531757,0.062531739,1.76E-08
2013/3/31,0.062531753,0.062531753,-2.07E-10
2013/4/1,0.06253174,0.062531753,-1.28E-08
2013/4/2,0.062531762,0.062531742,2.01E-08
2013/4/3,0.062531764,0.062531759,5.34E-09
2013/4/4,0.062531771,0.062531763,8.04E-09
2013/4/5,0.062531778,0.06253177,8.16E-09
2013/4/6,0.062531802,0.062531776,2.57E-08
2013/4/7,0.062531807,0.062531797,1.01E-08
2013/4/8,0.062531853,0.062531805,4.86E-08
2013/4/9,0.06253185,0.062531844,5.96E-09
2013/4/10,0.062531848,0.062531848,-6.21E-10
2013/4/11,0.062531896,0.062531848,4.86E-08
2013/4/12,0.062531892,0.062531888,4.26E-09
2013/4/13,0.062531888,0.06253189,-2.36E-09
2013/4/14,0.062531794,0.062531888,-9.42E-08
2013/4/15,0.062531531,0.06253181,-2.79E-07
2013/4/16,0.062531359,0.062531582,-2.23E-07
2013/4/17,0.062531398,0.062531405,-6.93E-09
2013/4/18,0.06253147,0.062531405,6.53E-08
2013/4/19,0.062531542,0.062531459,8.33E-08
2013/4/20,0.062531537,0.062531526,1.10E-08
2013/4/21,0.062531575,0.062531533,4.24E-08
2013/4/22,0.062531593,0.062531567,2.51E-08
2013/4/23,0.06253161,0.062531587,2.28E-08
2013/4/24,0.062531627,0.062531605,2.19E-08
2013/4/25,0.062531616,0.062531623,-6.87E-09
2013/4/26,0.062531605,0.062531617,-1.20E-08
2013/4/27,0.062531641,0.062531607,3.45E-08
2013/4/28,0.062531659,0.062531636,2.33E-08
2013/4/29,0.062531641,0.062531654,-1.32E-08
2013/4/30,0.062531665,0.062531642,2.26E-08
2013/5/1,0.062531667,0.062531661,6.08E-09
2013/5/2,0.06253167,0.062531666,4.04E-09
2013/5/3,0.062531691,0.062531669,2.20E-08
2013/5/4,0.062531712,0.062531687,2.51E-08
2013/5/5,0.062531733,0.062531707,2.61E-08
2013/5/6,0.062531746,0.062531728,1.75E-08
2013/5/7,0.062531758,0.062531742,1.60E-08
2013/5/8,0.062531757,0.062531755,2.04E-09
2013/5/9,0.062531787,0.062531756,3.12E-08
2013/5/10,0.062531822,0.062531782,4.06E-08
2013/5/11,0.062531816,0.062531814,2.27E-09
2013/5/12,0.062531811,0.062531815,-4.26E-09
2013/5/13,0.062531849,0.062531812,3.76E-08
2013/5/14,0.062531843,0.062531843,2.87E-10
2013/5/15,0.062531843,0.062531842,8.79E-10
2013/5/16,0.062531673,0.062531843,-1.69E-07
2013/5/17,0.062531545,0.062531703,-1.59E-07
2013/5/18,0.062531416,0.062531577,-1.61E-07
2013/5/19,0.062531485,0.062531448,3.69E-08
2013/5/20,0.062531613,0.062531482,1.31E-07
2013/5/21,0.062531614,0.062531589,2.50E-08
2013/5/22,0.062531615,0.062531607,8.58E-09
2013/5/23,0.062531642,0.062531613,2.93E-08
2013/5/24,0.062531658,0.062531637,2.13E-08
2013/5/25,0.062531685,0.062531654,3.13E-08
2013/5/26,0.0625317,0.062531679,2.07E-08
2013/5/27,0.062531699,0.062531695,3.09E-09
2013/5/28,0.062531697,0.062531697,-2.70E-10
2013/5/29,0.062531731,0.062531697,3.40E-08
2013/5/30,0.062531724,0.062531725,-9.85E-10
2013/5/31,0.062531723,0.062531724,-1.99E-10
2013/6/1,0.062531756,0.062531723,3.24E-08
2013/6/2,0.062531753,0.06253175,2.99E-09
2013/6/3,0.06253175,0.062531752,-1.41E-09
2013/6/4,0.062531775,0.062531751,2.47E-08
2013/6/5,0.062531783,0.062531771,1.20E-08
2013/6/6,0.062531777,0.06253178,-2.75E-09
2013/6/7,0.062531817,0.062531778,3.92E-08
2013/6/8,0.062531654,0.06253181,-1.56E-07
2013/6/9,0.06253149,0.06253168,-1.90E-07
2013/6/10,0.062531348,0.062531528,-1.80E-07
2013/6/11,0.062531478,0.062531384,9.43E-08
2013/6/12,0.062531497,0.062531466,3.11E-08
2013/6/13,0.062531516,0.062531489,2.66E-08
2013/6/14,0.06253155,0.06253151,3.92E-08
2013/6/15,0.062531537,0.062531542,-5.07E-09
2013/6/16,0.062531549,0.062531537,1.19E-08
2013/6/17,0.062531561,0.062531547,1.39E-08
2013/6/18,0.06253156,0.062531558,2.49E-09
2013/6/19,0.062531576,0.06253156,1.58E-08
2013/6/20,0.062531591,0.062531573,1.79E-08
2013/6/21,0.062531606,0.062531587,1.86E-08
2013/6/22,0.062531636,0.062531602,3.39E-08
2013/6/23,0.062531666,0.062531629,3.66E-08
2013/6/24,0.062531696,0.062531659,3.75E-08
2013/6/25,0.062531726,0.062531689,3.77E-08
2013/6/26,0.062531757,0.062531719,3.78E-08
2013/6/27,0.062531787,0.062531749,3.78E-08
2013/6/28,0.062531817,0.062531779,3.78E-08
2013/6/29,0.062531781,0.062531809,-2.87E-08
2013/6/30,0.062531808,0.062531785,2.36E-08
2013/7/1,0.062531791,0.062531805,-1.43E-08
2013/7/2,0.062531815,0.062531793,2.26E-08
2013/7/3,0.06253182,0.062531812,8.08E-09
2013/7/4,0.062531824,0.062531818,6.42E-09
2013/7/5,0.062531833,0.062531823,1.02E-08
2013/7/6,0.062531859,0.062531831,2.85E-08
2013/7/7,0.062531871,0.062531854,1.64E-08
2013/7/8,0.062531863,0.062531867,-4.39E-09
2013/7/9,0.062531872,0.062531863,8.62E-09
2013/7/10,0.062531881,0.06253187,1.04E-08
2013/7/11,0.062531895,0.062531879,1.64E-08
2013/7/12,0.062531878,0.062531892,-1.39E-08
2013/7/13,0.062531889,0.06253188,9.01E-09
2013/7/14,0.062531889,0.062531888,1.39E-09
2013/7/15,0.062531664,0.062531889,-2.25E-07
2013/7/16,0.062531375,0.062531703,-3.29E-07
2013/7/17,0.062531357,0.062531438,-8.11E-08
2013/7/18,0.062531339,0.062531379,-4.00E-08
2013/7/19,0.062531511,0.062531348,1.63E-07
2013/7/20,0.062531543,0.062531483,5.97E-08
2013/7/21,0.062531569,0.062531528,4.09E-08
2013/7/22,0.062531582,0.062531561,2.19E-08
2013/7/23,0.062531596,0.062531578,1.81E-08
2013/7/24,0.062531587,0.062531592,-4.50E-09
2013/7/25,0.062531578,0.062531588,-1.01E-08
2013/7/26,0.062531587,0.06253158,6.98E-09
2013/7/27,0.062531595,0.062531586,9.51E-09
2013/7/28,0.062531604,0.062531593,1.04E-08
2013/7/29,0.062531648,0.062531602,4.69E-08
2013/7/30,0.062531963,0.06253164,3.23E-07
2013/7/31,0.062532277,0.062531905,3.72E-07
2013/8/1,0.062530725,0.062532204,-1.48E-06
2013/8/2,0.062530439,0.062530977,-5.38E-07
2013/8/3,0.062530529,0.062530569,-4.05E-08
2013/8/4,0.062530482,0.062530549,-6.76E-08
2013/8/5,0.062530466,0.062530494,-2.84E-08
2013/8/6,0.06253045,0.062530473,-2.22E-08
2013/8/7,0.062530501,0.062530455,4.59E-08
2013/8/8,0.062530851,0.062530493,3.58E-07
2013/8/9,0.062531044,0.062530787,2.57E-07
2013/8/10,0.062531237,0.06253099,2.47E-07
2013/8/11,0.062531184,0.062531188,-3.87E-09
2013/8/12,0.062531028,0.062531178,-1.51E-07
2013/8/13,0.06253105,0.062531054,-4.16E-09
2013/8/14,0.062531036,0.062531054,-1.83E-08
2013/8/15,0.062531022,0.062531039,-1.73E-08
2013/8/16,0.062531033,0.062531026,7.08E-09
2013/8/17,0.062531082,0.062531032,5.01E-08
2013/8/18,0.062531075,0.062531073,1.75E-09
2013/8/19,0.062531083,0.062531073,9.46E-09
2013/8/20,0.062531091,0.062531081,9.66E-09
2013/8/21,0.062531095,0.062531089,6.11E-09
2013/8/22,0.062531123,0.062531093,2.94E-08
2013/8/23,0.062531134,0.062531117,1.62E-08
2013/8/24,0.062531145,0.06253113,1.44E-08
2013/8/25,0.062531126,0.062531142,-1.57E-08
2013/8/26,0.062531162,0.062531128,3.34E-08
2013/8/27,0.062530907,0.062531156,-2.49E-07
2013/8/28,0.062530757,0.06253095,-1.93E-07
2013/8/29,0.062530607,0.062530797,-1.90E-07
2013/8/30,0.062530616,0.062530645,-2.93E-08
2013/8/31,0.062530787,0.062530626,1.61E-07
2013/9/1,0.062530822,0.062530759,6.26E-08
2013/9/2,0.062530821,0.062530807,1.41E-08
2013/9/3,0.06253082,0.062530817,3.21E-09
2013/9/4,0.062530809,0.062530819,-1.05E-08
2013/9/5,0.062530855,0.06253081,4.49E-08
2013/9/6,0.062530851,0.062530848,3.42E-09
2013/9/7,0.062530865,0.062530849,1.60E-08
2013/9/8,0.062530884,0.062530862,2.11E-08
2013/9/9,0.062530865,0.062530879,-1.46E-08
2013/9/10,0.062530846,0.062530867,-2.08E-08
2013/9/11,0.062530865,0.06253085,1.47E-08
2013/9/12,0.062530885,0.062530863,2.19E-08
2013/9/13,0.062530889,0.06253088,8.81E-09
2013/9/14,0.062530887,0.062530887,7.63E-11
2013/9/15,0.062530885,0.062530887,-1.78E-09
2013/9/16,0.062530895,0.062530885,9.81E-09
2013/9/17,0.062530931,0.062530894,3.78E-08
2013/9/18,0.062530946,0.062530924,2.20E-08
2013/9/19,0.062530939,0.062530942,-3.01E-09
2013/9/20,0.062530931,0.062530939,-7.80E-09
2013/9/21,0.062530934,0.062530932,1.69E-09
2013/9/22,0.06253093,0.062530934,-4.21E-09
2013/9/23,0.062530975,0.06253093,4.50E-08
2013/9/24,0.062530995,0.062530967,2.71E-08
2013/9/25,0.062530971,0.062530989,-1.80E-08
2013/9/26,0.062530947,0.062530973,-2.63E-08
2013/9/27,0.062531006,0.062530952,5.38E-08
2013/9/28,0.062531005,0.062530997,8.20E-09
2013/9/29,0.062531007,0.062531002,5.04E-09
2013/9/30,0.06253101,0.062531006,3.39E-09
2013/10/1,0.062531049,0.062531009,3.98E-08
2013/10/2,0.06253101,0.062531042,-3.15E-08
2013/10/3,0.062531083,0.062531015,6.86E-08
2013/10/4,0.062531448,0.062531072,3.76E-07
2013/10/5,0.062531581,0.06253138,2.00E-07
2013/10/6,0.062531713,0.062531536,1.77E-07
2013/10/7,0.062531846,0.062531677,1.69E-07
2013/10/8,0.062531978,0.062531812,1.66E-07
2013/10/9,0.062532322,0.062531945,3.77E-07
2013/10/10,0.062532349,0.062532251,9.77E-08
2013/10/11,0.062531464,0.062532323,-8.59E-07
2013/10/12,0.062530989,0.062531613,-6.24E-07
2013/10/13,0.062530514,0.062531119,-6.05E-07
2013/10/14,0.062530771,0.062530636,1.36E-07
2013/10/15,0.062531029,0.062530762,2.67E-07
2013/10/16,0.062531093,0.062530979,1.14E-07
2013/10/17,0.062531096,0.062531066,2.94E-08
2013/10/18,0.062531121,0.062531088,3.26E-08
2013/10/19,0.062531138,0.062531114,2.39E-08
2013/10/20,0.06253113,0.062531133,-2.80E-09
2013/10/21,0.062531122,0.06253113,-7.71E-09
2013/10/22,0.06253114,0.062531124,1.67E-08
2013/10/23,0.062531179,0.062531138,4.10E-08
2013/10/24,0.06253118,0.062531171,8.66E-09
2013/10/25,0.062531181,0.062531177,3.55E-09
2013/10/26,0.062531208,0.06253118,2.79E-08
2013/10/27,0.062531219,0.062531203,1.65E-08
2013/10/28,0.062531235,0.062531216,1.93E-08
2013/10/29,0.062531214,0.062531231,-1.68E-08
2013/10/30,0.062531194,0.062531217,-2.31E-08
2013/10/31,0.06253116,0.062531198,-3.81E-08
2013/11/1,0.062531244,0.062531167,7.68E-08
2013/11/2,0.062531247,0.062531232,1.50E-08
2013/11/3,0.062531249,0.062531242,6.92E-09
2013/11/4,0.06253128,0.062531248,3.28E-08
2013/11/5,0.062531305,0.062531274,3.03E-08
2013/11/6,0.062531304,0.062531299,5.84E-09
2013/11/7,0.062531304,0.062531303,1.47E-09
2013/11/8,0.06253128,0.062531304,-2.32E-08
2013/11/9,0.062531109,0.062531285,-1.75E-07
2013/11/10,0.062531062,0.062531141,-7.93E-08
2013/11/11,0.062531109,0.06253108,2.93E-08
2013/11/12,0.062531157,0.062531106,5.07E-08
2013/11/13,0.062531204,0.062531147,5.70E-08
2013/11/14,0.062531233,0.062531193,4.06E-08
2013/11/15,0.062531257,0.062531225,3.27E-08
2013/11/16,0.062531299,0.062531251,4.89E-08
2013/11/17,0.06253132,0.06253129,3.00E-08
2013/11/18,0.062531341,0.062531314,2.71E-08
2013/11/19,0.062531358,0.062531335,2.32E-08
2013/11/20,0.062531391,0.062531354,3.75E-08
2013/11/21,0.062531392,0.062531384,7.99E-09
2013/11/22,0.062531393,0.06253139,3.14E-09
2013/11/23,0.062531433,0.062531392,4.13E-08
2013/11/24,0.062531452,0.062531426,2.57E-08
2013/11/25,0.062531436,0.062531446,-1.05E-08
2013/11/26,0.06253142,0.062531437,-1.72E-08
2013/11/27,0.062531159,0.062531423,-2.64E-07
2013/11/28,0.062531046,0.062531206,-1.60E-07
2013/11/29,0.062531174,0.06253108,9.35E-08
2013/11/30,0.062531201,0.062531161,4.01E-08
2013/12/1,0.062531229,0.062531192,3.68E-08
2013/12/2,0.062531244,0.062531221,2.27E-08
2013/12/3,0.062531275,0.062531239,3.59E-08
2013/12/4,0.062531279,0.062531268,1.10E-08
2013/12/5,0.062531283,0.062531276,6.92E-09
2013/12/6,0.062531325,0.062531282,4.32E-08
2013/12/7,0.062531326,0.062531317,8.69E-09
2013/12/8,0.062531337,0.062531323,1.34E-08
2013/12/9,0.062531348,0.062531334,1.35E-08
2013/12/10,0.062531388,0.062531345,4.32E-08
2013/12/11,0.062531394,0.06253138,1.34E-08
2013/12/12,0.062531441,0.06253139,5.10E-08
2013/12/13,0.062531326,0.062531432,-1.06E-07
2013/12/14,0.062531211,0.062531343,-1.33E-07
2013/12/15,0.062531075,0.062531237,-1.62E-07
2013/12/16,0.062531209,0.062531106,1.03E-07
2013/12/17,0.062531245,0.062531195,4.99E-08
2013/12/18,0.062531281,0.062531234,4.70E-08
2013/12/19,0.062531315,0.062531271,4.38E-08
2013/12/20,0.062531314,0.062531306,8.14E-09
2013/12/21,0.062531354,0.062531312,4.22E-08
2013/12/22,0.062531361,0.062531346,1.46E-08
2013/12/23,0.062531368,0.062531357,1.06E-08
2013/12/24,0.06253138,0.062531366,1.40E-08
2013/12/25,0.062531403,0.062531377,2.58E-08
2013/12/26,0.0625314,0.062531398,2.10E-09
2013/12/27,0.062531389,0.062531399,-9.68E-09
2013/12/28,0.062531379,0.062531391,-1.23E-08
2013/12/29,0.06253107,0.062531381,-3.11E-07
2013/12/30,0.062530904,0.062531125,-2.22E-07
2013/12/31,0.062531039,0.06253095,8.86E-08
2014/1/1,0.06253107,0.062531028,4.19E-08
2014/1/2,0.062531102,0.062531061,4.12E-08
2014/1/3,0.062531112,0.062531094,1.86E-08
2014/1/4,0.062531165,0.062531108,5.71E-08
2014/1/5,0.062531163,0.062531155,7.91E-09
2014/1/6,0.062531181,0.06253116,2.17E-08
2014/1/7,0.0625312,0.062531177,2.29E-08
2014/1/8,0.062531192,0.062531196,-4.16E-09
2014/1/9,0.062531209,0.062531192,1.67E-08
2014/1/10,0.062531279,0.062531206,7.38E-08
2014/1/11,0.062531276,0.062531266,9.90E-09
2014/1/12,0.062531272,0.062531272,2.62E-11
2014/1/13,0.062531291,0.062531272,1.93E-08
2014/1/14,0.06253135,0.062531288,6.22E-08
2014/1/15,0.062531306,0.062531339,-3.26E-08
2014/1/16,0.062531298,0.06253131,-1.20E-08
2014/1/17,0.062531291,0.062531301,-1.06E-08
2014/1/18,0.062531389,0.062531293,9.60E-08
2014/1/19,0.062531365,0.062531372,-6.75E-09
2014/1/20,0.062531387,0.062531364,2.27E-08
2014/1/21,0.062531338,0.062531383,-4.51E-08
2014/1/22,0.062531396,0.062531345,5.02E-08
2014/1/23,0.062531413,0.062531388,2.51E-08
2014/1/24,0.06253143,0.062531407,2.30E-08
2014/1/25,0.062531428,0.062531426,2.09E-09
2014/1/26,0.062531472,0.062531427,4.56E-08
2014/1/27,0.062531463,0.062531464,-1.57E-09
2014/1/28,0.062531472,0.062531462,1.04E-08
2014/1/29,0.062531105,0.06253147,-3.66E-07
2014/1/30,0.062530962,0.062531169,-2.07E-07
2014/1/31,0.06253082,0.062531007,-1.88E-07
2014/2/1,0.062530781,0.062530858,-7.66E-08
2014/2/2,0.062531039,0.062530799,2.40E-07
2014/2/3,0.062531055,0.062530999,5.66E-08
2014/2/4,0.062531126,0.06253104,8.69E-08
2014/2/5,0.062531079,0.06253111,-3.09E-08
2014/2/6,0.062531105,0.062531082,2.29E-08
2014/2/7,0.062531079,0.062531102,-2.27E-08
2014/2/8,0.062531053,0.062531083,-2.94E-08
2014/2/9,0.062531146,0.062531059,8.73E-08
2014/2/10,0.06253137,0.062531132,2.39E-07
2014/2/11,0.062531328,0.062531326,1.70E-09
2014/2/12,0.062531263,0.062531322,-5.84E-08
2014/2/13,0.062531199,0.062531274,-7.48E-08
2014/2/14,0.06253121,0.062531213,-3.31E-09
2014/2/15,0.062531467,0.062531212,2.55E-07
2014/2/16,0.0625312,0.062531422,-2.22E-07
2014/2/17,0.062531399,0.062531233,1.66E-07
2014/2/18,0.062531346,0.062531376,-2.98E-08
2014/2/19,0.062531292,0.062531347,-5.49E-08
2014/2/20,0.062531226,0.062531302,-7.66E-08
2014/2/21,0.062531409,0.062531241,1.68E-07
2014/2/22,0.062531627,0.062531381,2.46E-07
2014/2/23,0.062531248,0.062531579,-3.31E-07
2014/2/24,0.062531419,0.062531301,1.19E-07
2014/2/25,0.062531656,0.062531406,2.50E-07
2014/2/26,0.062531582,0.062531609,-2.75E-08
2014/2/27,0.062531508,0.062531581,-7.32E-08
2014/2/28,0.062531313,0.062531521,-2.08E-07
2014/3/1,0.062531651,0.062531351,3.00E-07
2014/3/2,0.062531568,0.062531603,-3.50E-08
2014/3/3,0.062531486,0.062531567,-8.17E-08
2014/3/4,0.062531308,0.062531501,-1.93E-07
2014/3/5,0.062530544,0.062531344,-8.00E-07
2014/3/6,0.062531471,0.062530689,7.82E-07
2014/3/7,0.062531138,0.062531353,-2.15E-07
2014/3/8,0.062531082,0.062531157,-7.52E-08
2014/3/9,0.062531134,0.0625311,3.38E-08
2014/3/10,0.062531352,0.06253113,2.23E-07
2014/3/11,0.062530976,0.062531312,-3.36E-07
2014/3/12,0.062531315,0.06253103,2.85E-07
2014/3/13,0.06253126,0.062531273,-1.26E-08
2014/3/14,0.062531205,0.062531255,-5.01E-08
2014/3/15,0.062531085,0.062531215,-1.30E-07
2014/3/16,0.062531256,0.062531109,1.47E-07
2014/3/17,0.062531462,0.062531233,2.28E-07
2014/3/18,0.06253137,0.062531418,-4.81E-08
2014/3/19,0.06253138,0.062531373,7.52E-09
2014/3/20,0.062531391,0.06253138,1.06E-08
2014/3/21,0.062531269,0.062531389,-1.20E-07
2014/3/22,0.062531323,0.06253129,3.29E-08
2014/3/23,0.062531538,0.06253132,2.18E-07
2014/3/24,0.062531565,0.062531499,6.60E-08
2014/3/25,0.06253162,0.062531548,7.19E-08
2014/3/26,0.062531388,0.062531606,-2.17E-07
2014/3/27,0.062531157,0.062531425,-2.68E-07
2014/3/28,0.062531121,0.062531209,-8.80E-08
2014/3/29,0.062531219,0.062531143,7.62E-08
2014/3/30,0.062531125,0.062531208,-8.30E-08
2014/3/31,0.062531031,0.062531138,-1.07E-07
2014/4/1,0.062531238,0.062531052,1.86E-07
2014/4/2,0.062531317,0.062531207,1.09E-07
2014/4/3,0.062531218,0.062531293,-7.48E-08
2014/4/4,0.062531287,0.062531229,5.78E-08
2014/4/5,0.062531273,0.062531278,-4.87E-09
2014/4/6,0.06253126,0.062531273,-1.27E-08
2014/4/7,0.06253138,0.062531262,1.18E-07
2014/4/8,0.062531466,0.06253136,1.06E-07
2014/4/9,0.062531452,0.062531444,7.98E-09
2014/4/10,0.062531399,0.062531448,-4.91E-08
2014/4/11,0.062531346,0.062531408,-6.15E-08
2014/4/12,0.062531263,0.062531358,-9.58E-08
2014/4/13,0.062531448,0.062531281,1.67E-07
2014/4/14,0.062531612,0.062531421,1.92E-07
2014/4/15,0.062531625,0.062531575,5.05E-08
2014/4/16,0.062531552,0.062531612,-5.95E-08
2014/4/17,0.062531504,0.062531561,-5.68E-08
2014/4/18,0.062531457,0.062531516,-5.90E-08
2014/4/19,0.06253078,0.062531469,-6.88E-07
2014/4/20,0.0625311,0.062530903,1.97E-07
2014/4/21,0.062530992,0.062531082,-8.97E-08
2014/4/22,0.062530884,0.062531003,-1.19E-07
2014/4/23,0.062531133,0.062530907,2.25E-07
2014/4/24,0.062531133,0.062531096,3.72E-08
2014/4/25,0.062531076,0.062531121,-4.45E-08
2014/4/26,0.0625312,0.062531083,1.17E-07
2014/4/27,0.062531432,0.06253118,2.51E-07
2014/4/28,0.062531115,0.062531385,-2.70E-07
2014/4/29,0.062531369,0.062531156,2.12E-07
2014/4/30,0.062531349,0.062531338,1.12E-08
2014/5/1,0.062531329,0.062531342,-1.27E-08
2014/5/2,0.062531057,0.062531331,-2.74E-07
2014/5/3,0.062531308,0.062531106,2.03E-07
2014/5/4,0.062531184,0.062531279,-9.56E-08
2014/5/5,0.062531059,0.062531196,-1.37E-07
2014/5/6,0.062531123,0.062531085,3.80E-08
2014/5/7,0.062531188,0.06253112,6.78E-08
2014/5/8,0.062531173,0.062531175,-2.09E-09
2014/5/9,0.06253147,0.062531172,2.99E-07
2014/5/10,0.062531547,0.062531418,1.29E-07
2014/5/11,0.062531216,0.062531517,-3.01E-07
2014/5/12,0.062531571,0.062531266,3.04E-07
2014/5/13,0.062531468,0.062531524,-5.63E-08
2014/5/14,0.062531365,0.062531471,-1.05E-07
2014/5/15,0.062531427,0.062531385,4.17E-08
2014/5/16,0.062531373,0.062531422,-4.91E-08
2014/5/17,0.062531592,0.062531381,2.11E-07
2014/5/18,0.062531503,0.062531556,-5.22E-08
2014/5/19,0.062531415,0.062531508,-9.23E-08
2014/5/20,0.062530968,0.062531433,-4.65E-07
2014/5/21,0.062531179,0.062531052,1.27E-07
2014/5/22,0.062531311,0.062531167,1.44E-07
2014/5/23,0.062531267,0.062531283,-1.62E-08
2014/5/24,0.062531208,0.062531266,-5.84E-08
2014/5/25,0.062531149,0.062531218,-6.96E-08
2014/5/26,0.062531121,0.062531162,-4.12E-08
2014/5/27,0.062531254,0.06253113,1.24E-07
2014/5/28,0.062531359,0.062531233,1.26E-07
2014/5/29,0.062531262,0.062531334,-7.17E-08
2014/5/30,0.062531165,0.062531272,-1.07E-07
2014/5/31,0.062531299,0.062531186,1.14E-07
2014/6/1,0.06253127,0.062531282,-1.23E-08
2014/6/2,0.062531313,0.062531269,4.35E-08
2014/6/3,0.062531264,0.062531305,-4.14E-08
2014/6/4,0.062531215,0.06253127,-5.50E-08
2014/6/5,0.06253125,0.062531226,2.47E-08
2014/6/6,0.062531351,0.062531247,1.04E-07
2014/6/7,0.06253143,0.062531332,9.80E-08
2014/6/8,0.062531322,0.062531411,-8.83E-08
2014/6/9,0.062531214,0.062531335,-1.21E-07
2014/6/10,0.062531261,0.062531238,2.36E-08
2014/6/11,0.062531356,0.06253126,9.59E-08
2014/6/12,0.062531499,0.062531338,1.61E-07
2014/6/13,0.062531277,0.062531469,-1.92E-07
2014/6/14,0.062531463,0.062531307,1.57E-07
2014/6/15,0.062531495,0.06253144,5.46E-08
2014/6/16,0.062531451,0.062531482,-3.11E-08
2014/6/17,0.062531406,0.062531455,-4.86E-08
2014/6/18,0.062531402,0.062531415,-1.36E-08
2014/6/19,0.062531327,0.062531405,-7.79E-08
2014/6/20,0.062531614,0.062531341,2.72E-07
2014/6/21,0.062531345,0.062531568,-2.22E-07
2014/6/22,0.062531537,0.062531378,1.59E-07
2014/6/23,0.062531556,0.062531514,4.16E-08
2014/6/24,0.062531442,0.062531545,-1.03E-07
2014/6/25,0.062531327,0.062531459,-1.31E-07
2014/6/26,0.062531299,0.062531353,-5.43E-08
2014/6/27,0.06253129,0.062531311,-2.10E-08
2014/6/28,0.062531335,0.062531295,3.99E-08
2014/6/29,0.062531283,0.062531329,-4.54E-08
2014/6/30,0.062531626,0.06253129,3.36E-07
2014/7/1,0.062531297,0.062531568,-2.71E-07
2014/7/2,0.062531137,0.062531337,-2.00E-07
2014/7/3,0.062531362,0.062531178,1.84E-07
2014/7/4,0.062531631,0.062531334,2.97E-07
2014/7/5,0.062531182,0.062531575,-3.93E-07
2014/7/6,0.062531359,0.062531244,1.16E-07
2014/7/7,0.062531523,0.062531349,1.75E-07
2014/7/8,0.062531686,0.06253149,1.96E-07
2014/7/9,0.062531362,0.062531647,-2.85E-07
2014/7/10,0.062531164,0.062531408,-2.44E-07
2014/7/11,0.062531348,0.062531213,1.34E-07
2014/7/12,0.062531234,0.06253133,-9.62E-08
2014/7/13,0.06253112,0.062531247,-1.28E-07
2014/7/14,0.062531134,0.062531145,-1.03E-08
2014/7/15,0.062531491,0.062531139,3.52E-07
2014/7/16,0.062531227,0.062531429,-2.02E-07
2014/7/17,0.062531325,0.062531254,7.11E-08
2014/7/18,0.062531269,0.062531317,-4.83E-08
2014/7/19,0.062531213,0.062531276,-6.27E-08
2014/7/20,0.062531208,0.062531225,-1.71E-08
2014/7/21,0.0625315,0.062531213,2.87E-07
2014/7/22,0.062531199,0.06253145,-2.51E-07
2014/7/23,0.062531321,0.062531236,8.54E-08
2014/7/24,0.062531223,0.062531312,-8.94E-08
2014/7/25,0.062531125,0.062531237,-1.12E-07
2014/7/26,0.062531103,0.062531147,-4.38E-08
2014/7/27,0.062531073,0.062531113,-4.00E-08
2014/7/28,0.062531121,0.062531081,3.96E-08
2014/7/29,0.062531125,0.062531115,1.05E-08
2014/7/30,0.062531157,0.062531122,3.42E-08
2014/7/31,0.062531188,0.06253115,3.77E-08
2014/8/1,0.062531269,0.062531181,8.81E-08
2014/8/2,0.062531521,0.062531252,2.69E-07
2014/8/3,0.062531422,0.062531471,-4.92E-08
2014/8/4,0.062531422,0.062531424,-2.53E-09
2014/8/5,0.062531422,0.062531424,-1.98E-09
2014/8/6,0.062531351,0.062531422,-7.05E-08
2014/8/7,0.062531309,0.062531364,-5.52E-08
2014/8/8,0.062531476,0.06253132,1.56E-07
2014/8/9,0.062531427,0.06253145,-2.31E-08
2014/8/10,0.062531378,0.062531427,-4.95E-08
2014/8/11,0.06253138,0.062531387,-6.65E-09
2014/8/12,0.06253159,0.062531383,2.07E-07
2014/8/13,0.062531383,0.062531553,-1.70E-07
2014/8/14,0.062531177,0.062531408,-2.32E-07
2014/8/15,0.062530993,0.062531221,-2.29E-07
2014/8/16,0.062531287,0.062531039,2.48E-07
2014/8/17,0.06253135,0.062531249,1.01E-07
2014/8/18,0.062530989,0.062531326,-3.37E-07
2014/8/19,0.062531254,0.062531046,2.09E-07
2014/8/20,0.06253118,0.062531226,-4.59E-08
2014/8/21,0.062531007,0.062531183,-1.76E-07
2014/8/22,0.062531112,0.062531039,7.21E-08
2014/8/23,0.062531466,0.062531103,3.63E-07
2014/8/24,0.062531028,0.0625314,-3.72E-07
2014/8/25,0.062531257,0.062531085,1.71E-07
2014/8/26,0.062531273,0.062531235,3.79E-08
2014/8/27,0.06253129,0.062531263,2.75E-08
2014/8/28,0.062531307,0.062531284,2.24E-08
2014/8/29,0.062531323,0.062531302,2.13E-08
2014/8/30,0.062531246,0.062531319,-7.33E-08
2014/8/31,0.062531309,0.062531258,5.06E-08
2014/9/1,0.062531304,0.062531301,2.05E-09
2014/9/2,0.062531298,0.062531302,-3.51E-09
2014/9/3,0.062531145,0.062531299,-1.54E-07
2014/9/4,0.06253125,0.062531172,7.80E-08
2014/9/5,0.062531345,0.06253124,1.05E-07
2014/9/6,0.062531561,0.062531325,2.36E-07
2014/9/7,0.062531117,0.062531517,-4.00E-07
2014/9/8,0.062531266,0.062531182,8.39E-08
2014/9/9,0.062531281,0.062531261,2.01E-08
2014/9/10,0.062531658,0.062531275,3.83E-07
2014/9/11,0.062531364,0.06253159,-2.26E-07
2014/9/12,0.06253136,0.062531395,-3.49E-08
2014/9/13,0.062530961,0.062531372,-4.11E-07
2014/9/14,0.062531056,0.062531034,2.22E-08
2014/9/15,0.062531152,0.062531062,8.93E-08
2014/9/16,0.062531055,0.062531135,-8.06E-08
2014/9/17,0.062531224,0.062531067,1.57E-07
2014/9/18,0.062531184,0.062531198,-1.41E-08
2014/9/19,0.062531144,0.062531183,-3.84E-08
2014/9/20,0.062531134,0.062531151,-1.70E-08
2014/9/21,0.062531124,0.062531138,-1.38E-08
2014/9/22,0.062531254,0.062531127,1.26E-07
2014/9/23,0.062531488,0.062531232,2.57E-07
2014/9/24,0.062531311,0.06253144,-1.29E-07
2014/9/25,0.062531324,0.062531328,-3.95E-09
2014/9/26,0.062531336,0.062531328,8.73E-09
2014/9/27,0.062531517,0.062531335,1.82E-07
2014/9/28,0.062531069,0.062531485,-4.16E-07
2014/9/29,0.06253108,0.062531137,-5.70E-08
2014/9/30,0.062531219,0.062531101,1.19E-07
2014/10/1,0.062531147,0.0625312,-5.29E-08
2014/10/2,0.062531138,0.062531153,-1.53E-08
2014/10/3,0.062531398,0.062531142,2.57E-07
2014/10/4,0.062531322,0.062531353,-3.18E-08
2014/10/5,0.062531689,0.062531321,3.68E-07
2014/10/6,0.062531172,0.062531625,-4.53E-07
2014/10/7,0.062529476,0.062531243,-1.77E-06
2014/10/8,0.062527136,0.062529798,-2.66E-06
2014/10/9,0.062527733,0.062527647,8.61E-08
2014/10/10,0.062528331,0.062527782,5.49E-07
2014/10/11,0.062532197,0.062528232,3.96E-06
2014/10/12,0.062534105,0.062531485,2.62E-06
2014/10/13,0.062532832,0.062533548,-7.16E-07
2014/10/14,0.062532799,0.062532895,-9.53E-08
2014/10/15,0.062532712,0.062532833,-1.21E-07
2014/10/16,0.062532892,0.062532736,1.56E-07
2014/10/17,0.062531197,0.062532867,-1.67E-06
2014/10/18,0.062530565,0.062531487,-9.22E-07
2014/10/19,0.062531417,0.062530768,6.48E-07
2014/10/20,0.06253104,0.062531325,-2.85E-07
2014/10/21,0.062531012,0.062531074,-6.18E-08
2014/10/22,0.062531105,0.06253103,7.49E-08
2014/10/23,0.062531074,0.062531093,-1.99E-08
2014/10/24,0.062531103,0.062531075,2.81E-08
2014/10/25,0.062531107,0.062531099,8.02E-09
2014/10/26,0.062531135,0.062531105,3.04E-08
2014/10/27,0.062531163,0.06253113,3.38E-08
2014/10/28,0.062531675,0.062531157,5.19E-07
2014/10/29,0.062531373,0.062531583,-2.10E-07
2014/10/30,0.062531363,0.062531397,-3.40E-08
2014/10/31,0.062531673,0.062531374,2.99E-07
2014/11/1,0.062531526,0.062531622,-9.53E-08
2014/11/2,0.062531379,0.062531536,-1.57E-07
2014/11/3,0.062531438,0.062531409,2.91E-08
2014/11/4,0.062531572,0.062531437,1.35E-07
2014/11/5,0.062530927,0.062531547,-6.20E-07
2014/11/6,0.062531398,0.062531033,3.65E-07
2014/11/7,0.062530979,0.062531349,-3.70E-07
2014/11/8,0.062531074,0.062531035,3.93E-08
2014/11/9,0.062531295,0.062531076,2.19E-07
2014/11/10,0.062531443,0.062531256,1.88E-07
2014/11/11,0.062531132,0.062531405,-2.73E-07
2014/11/12,0.062531252,0.062531176,7.63E-08
2014/11/13,0.062531502,0.062531245,2.56E-07
2014/11/14,0.062531126,0.062531455,-3.29E-07
2014/11/15,0.062531321,0.062531178,1.44E-07
2014/11/16,0.062531605,0.062531304,3.01E-07
2014/11/17,0.062531208,0.062531549,-3.40E-07
2014/11/18,0.062531334,0.062531261,7.27E-08
2014/11/19,0.062531453,0.062531329,1.24E-07
2014/11/20,0.062531528,0.06253143,9.85E-08
2014/11/21,0.062531557,0.062531508,4.87E-08
2014/11/22,0.062531139,0.062531546,-4.06E-07
2014/11/23,0.062531231,0.06253121,2.10E-08
2014/11/24,0.062531375,0.062531237,1.38E-07
2014/11/25,0.062531165,0.06253135,-1.85E-07
2014/11/26,0.062531402,0.062531194,2.07E-07
2014/11/27,0.062531232,0.06253137,-1.38E-07
2014/11/28,0.062531291,0.062531251,4.04E-08
2014/11/29,0.062531253,0.062531288,-3.44E-08
2014/11/30,0.062531215,0.062531258,-4.33E-08
2014/12/1,0.062531295,0.062531223,7.20E-08
2014/12/2,0.062531425,0.062531284,1.41E-07
2014/12/3,0.062531421,0.062531399,2.28E-08
2014/12/4,0.062531439,0.062531414,2.46E-08
2014/12/5,0.062531456,0.062531434,2.20E-08
2014/12/6,0.062531477,0.062531451,2.62E-08
2014/12/7,0.062531381,0.062531472,-9.09E-08
2014/12/8,0.062531619,0.062531397,2.23E-07
2014/12/9,0.062531539,0.062531582,-4.37E-08
2014/12/10,0.062531458,0.062531541,-8.31E-08
2014/12/11,0.062531275,0.062531474,-1.98E-07
2014/12/12,0.06253091,0.062531312,-4.03E-07
2014/12/13,0.062531192,0.062530985,2.07E-07
2014/12/14,0.062531166,0.062531166,6.39E-10
2014/12/15,0.062531157,0.062531161,-4.09E-09
2014/12/16,0.062531288,0.062531158,1.30E-07
2014/12/17,0.06253132,0.062531265,5.55E-08
2014/12/18,0.062531353,0.062531307,4.56E-08
2014/12/19,0.06253126,0.062531344,-8.33E-08
2014/12/20,0.062531379,0.062531274,1.05E-07
2014/12/21,0.06253138,0.062531362,1.78E-08
2014/12/22,0.062531381,0.062531374,7.02E-09
2014/12/23,0.062531426,0.06253138,4.65E-08
2014/12/24,0.062531453,0.062531418,3.50E-08
2014/12/25,0.062531616,0.062531446,1.71E-07
2014/12/26,0.062531422,0.062531585,-1.63E-07
2014/12/27,0.062531229,0.062531447,-2.18E-07
2014/12/28,0.062530859,0.062531271,-4.13E-07
2014/12/29,0.062531178,0.062530936,2.42E-07
2014/12/30,0.062531132,0.062531146,-1.41E-08
2014/12/31,0.062531085,0.062531128,-4.34E-08
2015/1/1,0.062531167,0.062531093,7.46E-08
2015/1/2,0.062531232,0.062531155,7.64E-08
2015/1/3,0.062531268,0.062531216,5.15E-08
2015/1/4,0.06253126,0.062531257,3.36E-09
2015/1/5,0.062531274,0.062531259,1.59E-08
2015/1/6,0.062531289,0.062531272,1.70E-08
2015/1/7,0.062531354,0.062531285,6.89E-08
2015/1/8,0.06253132,0.062531341,-2.11E-08
2015/1/9,0.062531351,0.062531322,2.84E-08
2015/1/10,0.062531275,0.062531346,-7.17E-08
2015/1/11,0.062531199,0.062531287,-8.81E-08
2015/1/12,0.062531323,0.062531216,1.07E-07
2015/1/13,0.062531486,0.062531306,1.80E-07
2015/1/14,0.062531444,0.062531452,-7.58E-09
2015/1/15,0.062531518,0.062531441,7.71E-08
2015/1/16,0.062531536,0.062531505,3.16E-08
2015/1/17,0.062531554,0.062531529,2.56E-08
2015/1/18,0.062531428,0.062531549,-1.21E-07
2015/1/19,0.062531597,0.062531449,1.48E-07
2015/1/20,0.062531505,0.062531574,-6.85E-08
2015/1/21,0.062531414,0.062531514,-1.00E-07
2015/1/22,0.062531515,0.062531433,8.19E-08
2015/1/23,0.062531,0.062531503,-5.03E-07
2015/1/24,0.06253101,0.062531087,-7.66E-08
2015/1/25,0.062531159,0.062531036,1.23E-07
2015/1/26,0.062531079,0.062531139,-5.93E-08
2015/1/27,0.062531,0.062531087,-8.66E-08
2015/1/28,0.062531145,0.062531017,1.28E-07
2015/1/29,0.062531196,0.062531124,7.13E-08
2015/1/30,0.062531102,0.06253118,-7.78E-08
2015/1/31,0.062531139,0.062531114,2.47E-08
2015/2/1,0.062531176,0.062531136,3.92E-08
2015/2/2,0.062531164,0.062531168,-4.51E-09
2015/2/3,0.062531126,0.062531163,-3.76E-08
2015/2/4,0.062531201,0.062531133,6.81E-08
2015/2/5,0.062531295,0.06253119,1.05E-07
2015/2/6,0.062531261,0.062531274,-1.38E-08
2015/2/7,0.062531227,0.06253126,-3.38E-08
2015/2/8,0.062531315,0.062531233,8.24E-08
2015/2/9,0.06253138,0.062531302,7.81E-08
2015/2/10,0.062531377,0.062531364,1.28E-08
2015/2/11,0.062531374,0.062531373,1.18E-09
2015/2/12,0.062531365,0.062531373,-8.43E-09
2015/2/13,0.062531529,0.062531366,1.63E-07
2015/2/14,0.062531452,0.062531501,-4.85E-08
2015/2/15,0.062531375,0.062531457,-8.17E-08
2015/2/16,0.062531385,0.062531391,-6.30E-09
2015/2/17,0.062531468,0.062531388,8.03E-08
2015/2/18,0.062531482,0.062531454,2.81E-08
2015/2/19,0.062531482,0.062531475,6.52E-09
2015/2/20,0.062531481,0.06253148,1.46E-09
2015/2/21,0.062531429,0.062531481,-5.19E-08
2015/2/22,0.062530934,0.062531438,-5.04E-07
2015/2/23,0.062530827,0.062531024,-1.96E-07
2015/2/24,0.062530926,0.062530874,5.16E-08
2015/2/25,0.0625311,0.062530921,1.78E-07
2015/2/26,0.062531103,0.062531067,3.64E-08
2015/2/27,0.062531107,0.062531093,1.45E-08
2015/2/28,0.06253106,0.062531104,-4.35E-08
2015/3/1,0.062531173,0.062531067,1.05E-07
2015/3/2,0.062531181,0.062531155,2.61E-08
2015/3/3,0.062531153,0.062531174,-2.10E-08
2015/3/4,0.062531125,0.062531156,-3.12E-08
2015/3/5,0.062531118,0.062531131,-1.28E-08
2015/3/6,0.062531208,0.062531121,8.66E-08
2015/3/7,0.062531204,0.062531193,1.07E-08
2015/3/8,0.062531199,0.0625312,-2.50E-10
2015/3/9,0.062531239,0.062531199,3.98E-08
2015/3/10,0.062531167,0.062531232,-6.55E-08
2015/3/11,0.062531369,0.062531177,1.92E-07
2015/3/12,0.062531365,0.062531337,2.83E-08
2015/3/13,0.062531277,0.062531356,-7.89E-08
2015/3/14,0.062531188,0.06253129,-1.02E-07
2015/3/15,0.062531305,0.062531208,9.75E-08
2015/3/16,0.062531411,0.062531291,1.20E-07
2015/3/17,0.062531429,0.062531387,4.18E-08
2015/3/18,0.062531352,0.062531419,-6.65E-08
2015/3/19,0.062531276,0.062531363,-8.74E-08
2015/3/20,0.062531484,0.062531293,1.92E-07
2015/3/21,0.062531446,0.062531453,-6.63E-09
2015/3/22,0.062531533,0.062531443,9.01E-08
2015/3/23,0.062531536,0.062531517,1.91E-08
2015/3/24,0.062531539,0.062531531,8.91E-09
2015/3/25,0.062531473,0.062531537,-6.46E-08
2015/3/26,0.062531626,0.062531484,1.42E-07
2015/3/27,0.062531635,0.062531603,3.20E-08
2015/3/28,0.062531592,0.062531625,-3.34E-08
2015/3/29,0.062531568,0.062531597,-2.92E-08
2015/3/30,0.062531544,0.062531574,-3.00E-08
2015/3/31,0.062531554,0.06253155,4.53E-09
2015/4/1,0.062530508,0.062531554,-1.05E-06
2015/4/2,0.0625299,0.062530692,-7.92E-07
2015/4/3,0.062530551,0.062530065,4.86E-07
2015/4/4,0.062530487,0.062530485,2.70E-09
2015/4/5,0.062530423,0.062530475,-5.16E-08
2015/4/6,0.062530495,0.062530432,6.26E-08
2015/4/7,0.062530477,0.062530485,-7.99E-09
2015/4/8,0.06253046,0.062530477,-1.77E-08
2015/4/9,0.062530487,0.062530463,2.40E-08
2015/4/10,0.06253115,0.062530483,6.67E-07
2015/4/11,0.062531747,0.062531032,7.15E-07
2015/4/12,0.062531642,0.062531605,3.74E-08
2015/4/13,0.062531538,0.062531619,-8.07E-08
2015/4/14,0.062531521,0.062531551,-3.03E-08
2015/4/15,0.062531442,0.062531528,-8.61E-08
2015/4/16,0.062531461,0.062531458,2.84E-09
2015/4/17,0.062531529,0.062531462,6.69E-08
2015/4/18,0.06253156,0.062531517,4.29E-08
2015/4/19,0.062531591,0.062531551,4.03E-08
2015/4/20,0.062531534,0.062531583,-4.92E-08
2015/4/21,0.062531741,0.062531542,2.00E-07
2015/4/22,0.062531669,0.062531707,-3.83E-08
2015/4/23,0.062531687,0.062531671,1.59E-08
2015/4/24,0.062531705,0.062531685,1.97E-08
2015/4/25,0.062531673,0.062531701,-2.79E-08
2015/4/26,0.062531751,0.062531677,7.33E-08
2015/4/27,0.062531793,0.062531738,5.48E-08
2015/4/28,0.062531836,0.062531782,5.40E-08
2015/4/29,0.062531805,0.062531825,-1.96E-08
2015/4/30,0.062531728,0.062531807,-7.98E-08
2015/5/1,0.062531742,0.062531742,-4.06E-12
2015/5/2,0.06253181,0.062531744,6.55E-08
2015/5/3,0.062531788,0.062531798,-1.00E-08
2015/5/4,0.06253188,0.062531788,9.15E-08
2015/5/5,0.062531805,0.062531864,-5.90E-08
2015/5/6,0.06253173,0.062531813,-8.31E-08
2015/5/7,0.062531754,0.062531746,8.60E-09
2015/5/8,0.062531856,0.062531755,1.01E-07
2015/5/9,0.062531922,0.062531838,8.39E-08
2015/5/10,0.062532007,0.062531904,1.03E-07
2015/5/11,0.062531896,0.062531987,-9.10E-08
2015/5/12,0.062531819,0.06253191,-9.08E-08
2015/5/13,0.062531742,0.062531837,-9.54E-08
2015/5/14,0.062531819,0.062531761,5.82E-08
2015/5/15,0.062531896,0.062531811,8.52E-08
2015/5/16,0.062531929,0.06253188,4.90E-08
2015/5/17,0.062532083,0.062531918,1.65E-07
2015/5/18,0.062532079,0.062532053,2.60E-08
2015/5/19,0.062532143,0.06253207,7.23E-08
2015/5/20,0.062532068,0.062532129,-6.13E-08
2015/5/21,0.062531993,0.062532077,-8.37E-08
2015/5/22,0.062532006,0.062532009,-3.17E-09
2015/5/23,0.062532216,0.062532009,2.07E-07
2015/5/24,0.062532071,0.062532179,-1.08E-07
2015/5/25,0.062531927,0.062532085,-1.58E-07
2015/5/26,0.062532115,0.062531957,1.58E-07
2015/5/27,0.062531662,0.062532091,-4.29E-07
2015/5/28,0.062531631,0.062531734,-1.03E-07
2015/5/29,0.062531599,0.062531659,-5.98E-08
2015/5/30,0.062531609,0.062531612,-3.77E-09
2015/5/31,0.062531621,0.062531611,1.07E-08
2015/6/1,0.062531628,0.06253162,8.55E-09
2015/6/2,0.062531635,0.062531626,8.53E-09
2015/6/3,0.062531644,0.062531633,1.08E-08
2015/6/4,0.062531649,0.062531642,6.95E-09
2015/6/5,0.062531654,0.062531647,6.33E-09
2015/6/6,0.062531667,0.062531652,1.43E-08
2015/6/7,0.062531674,0.062531664,1.02E-08
2015/6/8,0.062531693,0.062531672,2.13E-08
2015/6/9,0.062531703,0.062531689,1.33E-08
2015/6/10,0.062531705,0.0625317,5.44E-09
2015/6/11,0.062531721,0.062531704,1.67E-08
2015/6/12,0.06253174,0.062531717,2.23E-08
2015/6/13,0.062531751,0.062531735,1.56E-08
2015/6/14,0.062531764,0.062531748,1.64E-08
2015/6/15,0.062531766,0.062531761,5.42E-09
2015/6/16,0.062531783,0.062531765,1.77E-08
2015/6/17,0.062531091,0.062531779,-6.88E-07
2015/6/18,0.062531106,0.062531212,-1.05E-07
2015/6/19,0.062531116,0.062531142,-2.51E-08
2015/6/20,0.062531127,0.062531123,3.64E-09
2015/6/21,0.062531132,0.062531127,4.83E-09
2015/6/22,0.062531137,0.062531131,5.73E-09
2015/6/23,0.062531146,0.062531135,1.10E-08
2015/6/24,0.062531161,0.062531144,1.63E-08
2015/6/25,0.062531166,0.062531158,8.44E-09
2015/6/26,0.062531174,0.062531164,1.04E-08
2015/6/27,0.062531179,0.062531172,6.81E-09
2015/6/28,0.062531184,0.062531178,6.23E-09
2015/6/29,0.062531191,0.062531183,8.24E-09
2015/6/30,0.062531198,0.062531189,8.74E-09
2015/7/1,0.062531206,0.062531196,9.18E-09
2015/7/2,0.062531209,0.062531204,5.12E-09
2015/7/3,0.062531212,0.062531208,4.41E-09
2015/7/4,0.062531223,0.062531211,1.18E-08
2015/7/5,0.062531245,0.062531221,2.43E-08
2015/7/6,0.062531245,0.062531241,4.95E-09
2015/7/7,0.062531253,0.062531244,9.40E-09
2015/7/8,0.062531261,0.062531252,9.72E-09
2015/7/9,0.0625309,0.062531259,-3.59E-07
2015/7/10,0.062530539,0.062530963,-4.24E-07
2015/7/11,0.062530562,0.062530623,-6.05E-08
2015/7/12,0.06253057,0.062530583,-1.32E-08
2015/7/13,0.062530576,0.062530574,2.76E-09
2015/7/14,0.062530583,0.062530576,6.70E-09
2015/7/15,0.062530592,0.062530582,1.04E-08
2015/7/16,0.062530598,0.06253059,7.56E-09
2015/7/17,0.062530604,0.062530596,7.71E-09
2015/7/18,0.06253061,0.062530602,7.96E-09
2015/7/19,0.062530615,0.062530609,6.52E-09
2015/7/20,0.062530618,0.062530614,4.53E-09
2015/7/21,0.062530622,0.062530617,4.15E-09
2015/7/22,0.062530628,0.062530621,7.45E-09
2015/7/23,0.062530636,0.062530627,9.44E-09
2015/7/24,0.062530643,0.062530634,9.06E-09
2015/7/25,0.062530648,0.062530642,6.02E-09
2015/7/26,0.062530652,0.062530646,5.47E-09
2015/7/27,0.06253066,0.062530651,8.92E-09
2015/7/28,0.062530667,0.062530658,9.53E-09
2015/7/29,0.062530674,0.062530665,8.11E-09
2015/7/30,0.062530679,0.062530672,7.17E-09
2015/7/31,0.062530682,0.062530678,4.29E-09
2015/8/1,0.062530687,0.062530681,5.90E-09
2015/8/2,0.062530692,0.062530686,6.11E-09
2015/8/3,0.062530697,0.062530691,6.91E-09
2015/8/4,0.062530705,0.062530696,8.61E-09
2015/8/5,0.062530708,0.062530703,5.15E-09
2015/8/6,0.062530712,0.062530707,4.58E-09
2015/8/7,0.062530725,0.062530711,1.40E-08
2015/8/8,0.062530736,0.062530722,1.38E-08
2015/8/9,0.06253074,0.062530733,6.97E-09
2015/8/10,0.062530744,0.062530738,5.76E-09
2015/8/11,0.062530752,0.062530743,8.51E-09
2015/8/12,0.062531191,0.06253075,4.41E-07
2015/8/13,0.06253163,0.062531113,5.17E-07
2015/8/14,0.062531633,0.062531528,1.05E-07
2015/8/15,0.062531645,0.062531602,4.32E-08
2015/8/16,0.062531654,0.062531635,1.91E-08
2015/8/17,0.062531657,0.06253165,7.46E-09
2015/8/18,0.06253166,0.062531656,4.17E-09
2015/8/19,0.062531661,0.062531659,1.85E-09
2015/8/20,0.062531666,0.06253166,5.33E-09
2015/8/21,0.06253167,0.062531665,5.41E-09
2015/8/22,0.062531677,0.062531669,8.52E-09
2015/8/23,0.062531685,0.062531676,8.90E-09
2015/8/24,0.062531689,0.062531683,6.48E-09
2015/8/25,0.062531419,0.062531688,-2.69E-07
2015/8/26,0.062531148,0.062531466,-3.18E-07
2015/8/27,0.062531159,0.062531211,-5.16E-08
2015/8/28,0.062531169,0.062531176,-6.84E-09
2015/8/29,0.06253117,0.062531171,-1.04E-09
2015/8/30,0.062531179,0.062531171,7.86E-09
2015/8/31,0.062531187,0.062531177,9.63E-09
2015/9/1,0.062531193,0.062531185,7.88E-09
2015/9/2,0.062531193,0.062531191,1.89E-09
2015/9/3,0.062531197,0.062531193,4.86E-09
2015/9/4,0.062531202,0.062531197,5.46E-09
2015/9/5,0.062531206,0.062531201,5.57E-09
2015/9/6,0.062531212,0.062531205,6.50E-09
2015/9/7,0.062531213,0.062531211,2.34E-09
2015/9/8,0.062531219,0.062531212,6.41E-09
2015/9/9,0.06253123,0.062531218,1.24E-08
2015/9/10,0.062531237,0.062531228,9.65E-09
2015/9/11,0.062531247,0.062531235,1.19E-08
2015/9/12,0.062531253,0.062531245,8.25E-09
2015/9/13,0.062531261,0.062531251,9.38E-09
2015/9/14,0.062531262,0.062531259,3.54E-09
2015/9/15,0.062531272,0.062531261,1.04E-08
2015/9/16,0.062531276,0.06253127,6.29E-09
2015/9/17,0.062531282,0.062531275,6.83E-09
2015/9/18,0.062531282,0.06253128,2.11E-09
2015/9/19,0.06253129,0.062531282,7.76E-09
2015/9/20,0.062531297,0.062531288,8.57E-09
2015/9/21,0.062531302,0.062531295,6.69E-09
2015/9/22,0.062531308,0.0625313,7.36E-09
2015/9/23,0.062531309,0.062531306,2.30E-09
2015/9/24,0.062531317,0.062531308,9.05E-09
2015/9/25,0.062531325,0.062531315,9.53E-09
2015/9/26,0.06253133,0.062531323,7.43E-09
2015/9/27,0.062531341,0.062531329,1.20E-08
2015/9/28,0.062531347,0.062531339,8.68E-09
2015/9/29,0.062531356,0.062531345,1.05E-08
2015/9/30,0.062531358,0.062531354,4.22E-09
2015/10/1,0.06253137,0.062531357,1.25E-08
2015/10/2,0.062531382,0.062531367,1.49E-08
2015/10/3,0.062531389,0.062531379,9.41E-09
2015/10/4,0.062531393,0.062531387,6.83E-09
2015/10/5,0.0625314,0.062531392,8.28E-09
2015/10/6,0.062531401,0.062531399,2.83E-09
2015/10/7,0.062531409,0.062531401,8.18E-09
2015/10/8,0.062531418,0.062531407,1.12E-08
2015/10/9,0.062531423,0.062531416,6.33E-09
2015/10/10,0.062531429,0.062531421,7.84E-09
2015/10/11,0.06253143,0.062531428,2.11E-09
2015/10/12,0.062531435,0.062531429,6.36E-09
2015/10/13,0.062531442,0.062531434,8.04E-09
2015/10/14,0.062531451,0.062531441,9.97E-09
2015/10/15,0.062531459,0.062531449,1.06E-08
2015/10/16,0.062531461,0.062531457,4.06E-09
2015/10/17,0.062531472,0.06253146,1.15E-08
2015/10/18,0.062531483,0.06253147,1.36E-08
2015/10/19,0.062531499,0.062531481,1.80E-08
2015/10/20,0.06253151,0.062531495,1.54E-08
2015/10/21,0.062531514,0.062531507,7.10E-09
2015/10/22,0.062531003,0.062531513,-5.10E-07
2015/10/23,0.062531004,0.062531093,-8.87E-08
2015/10/24,0.062531012,0.062531032,-1.96E-08
2015/10/25,0.062531039,0.062531018,2.15E-08
2015/10/26,0.062531048,0.062531036,1.20E-08
2015/10/27,0.062531056,0.062531045,1.11E-08
2015/10/28,0.062531058,0.062531054,3.44E-09
2015/10/29,0.062531065,0.062531057,8.46E-09
2015/10/30,0.062531077,0.062531064,1.32E-08
2015/10/31,0.062531086,0.062531074,1.19E-08
2015/11/1,0.062531098,0.062531084,1.42E-08
2015/11/2,0.062531096,0.062531095,1.18E-09
2015/11/3,0.062531104,0.062531096,8.36E-09
2015/11/4,0.062531122,0.062531102,1.94E-08
2015/11/5,0.06253113,0.062531118,1.17E-08
2015/11/6,0.062531138,0.062531127,1.10E-08
2015/11/7,0.062531155,0.062531136,1.93E-08
2015/11/8,0.062531157,0.062531152,5.52E-09
2015/11/9,0.062531167,0.062531156,1.06E-08
2015/11/10,0.062531182,0.062531164,1.70E-08
2015/11/11,0.062531192,0.062531178,1.34E-08
2015/11/12,0.062531581,0.062531189,3.92E-07
2015/11/13,0.062531594,0.062531512,8.25E-08
2015/11/14,0.062531597,0.06253157,2.64E-08
2015/11/15,0.062531605,0.06253159,1.49E-08
2015/11/16,0.06253162,0.062531602,1.82E-08
2015/11/17,0.062531632,0.062531616,1.55E-08
2015/11/18,0.062531645,0.062531629,1.69E-08
2015/11/19,0.062531656,0.062531642,1.43E-08
2015/11/20,0.062531658,0.062531653,4.80E-09
2015/11/21,0.06253167,0.062531657,1.28E-08
2015/11/22,0.062531688,0.062531667,2.07E-08
2015/11/23,0.062531703,0.062531684,1.84E-08
2015/11/24,0.062531714,0.062531699,1.56E-08
2015/11/25,0.062531722,0.062531711,1.07E-08
2015/11/26,0.062531723,0.06253172,3.67E-09
2015/11/27,0.062531328,0.062531722,-3.95E-07
2015/11/28,0.062531338,0.062531397,-5.96E-08
2015/11/29,0.062531342,0.062531358,-1.51E-08
2015/11/30,0.062531342,0.062531347,-4.09E-09
2015/12/1,0.062531352,0.062531344,8.38E-09
2015/12/2,0.062531359,0.062531351,8.64E-09
2015/12/3,0.062531366,0.062531357,8.25E-09
2015/12/4,0.062531373,0.062531364,9.43E-09
2015/12/5,0.062531384,0.062531372,1.27E-08
2015/12/6,0.062531385,0.062531382,3.15E-09
2015/12/7,0.062531397,0.062531384,1.27E-08
2015/12/8,0.06253141,0.062531394,1.54E-08
2015/12/9,0.062531419,0.062531407,1.20E-08
2015/12/10,0.062531419,0.062531416,2.88E-09
2015/12/11,0.062531429,0.062531418,1.03E-08
2015/12/12,0.062531445,0.062531427,1.86E-08
2015/12/13,0.062531455,0.062531442,1.29E-08
2015/12/14,0.062531467,0.062531452,1.45E-08
2015/12/15,0.062531468,0.062531464,4.67E-09
2015/12/16,0.06253148,0.062531467,1.32E-08
2015/12/17,0.062531489,0.062531478,1.12E-08
2015/12/18,0.062531498,0.062531487,1.16E-08
2015/12/19,0.062531498,0.062531496,2.28E-09
2015/12/20,0.062531514,0.062531498,1.60E-08
2015/12/21,0.062531531,0.062531511,1.98E-08
2015/12/22,0.062531542,0.062531527,1.54E-08
2015/12/23,0.062531547,0.062531539,8.18E-09
2015/12/24,0.062531555,0.062531545,9.82E-09
2015/12/25,0.062531574,0.062531553,2.04E-08
2015/12/26,0.062531584,0.06253157,1.40E-08
2015/12/27,0.062531592,0.062531581,1.16E-08
2015/12/28,0.062531594,0.06253159,3.92E-09
2015/12/29,0.0625316,0.062531593,7.36E-09
2015/12/30,0.062531607,0.062531599,8.39E-09
2015/12/31,0.06253162,0.062531606,1.47E-08
2016/1/1,0.062531627,0.062531618,9.04E-09
2016/1/2,0.062531633,0.062531625,8.38E-09
2016/1/3,0.062531634,0.062531631,2.41E-09
2016/1/4,0.062531642,0.062531633,9.46E-09
2016/1/5,0.06253165,0.062531641,9.52E-09
2016/1/6,0.062531657,0.062531648,8.82E-09
2016/1/7,0.062531657,0.062531655,1.53E-09
2016/1/8,0.062531061,0.062531656,-5.95E-07
2016/1/9,0.062531068,0.062531166,-9.79E-08
2016/1/10,0.062531078,0.062531099,-2.14E-08
2016/1/11,0.062531085,0.062531084,9.78E-10
2016/1/12,0.062531086,0.062531085,8.21E-10
2016/1/13,0.062531101,0.062531086,1.52E-08
2016/1/14,0.062531108,0.062531099,9.79E-09
2016/1/15,0.062531114,0.062531106,7.50E-09
2016/1/16,0.062531119,0.062531112,6.29E-09
2016/1/17,0.062531128,0.062531117,1.08E-08
2016/1/18,0.062531136,0.062531126,1.04E-08
2016/1/19,0.062531144,0.062531134,9.64E-09
2016/1/20,0.062531144,0.062531142,2.18E-09
2016/1/21,0.062531153,0.062531143,9.93E-09
2016/1/22,0.062531162,0.062531152,1.02E-08
2016/1/23,0.06253117,0.06253116,1.05E-08
2016/1/24,0.062531176,0.062531168,7.50E-09
2016/1/25,0.062531182,0.062531174,7.51E-09
2016/1/26,0.062531182,0.06253118,1.91E-09
2016/1/27,0.062531191,0.062531181,9.14E-09
2016/1/28,0.062531196,0.062531189,7.42E-09
2016/1/29,0.062531204,0.062531195,9.08E-09
2016/1/30,0.062531209,0.062531202,6.71E-09
2016/1/31,0.06253121,0.062531207,2.46E-09
2016/2/1,0.062531225,0.062531209,1.58E-08
2016/2/2,0.06253123,0.062531222,8.26E-09
2016/2/3,0.062531237,0.062531229,8.25E-09
2016/2/4,0.062531238,0.062531235,2.76E-09
2016/2/5,0.062531249,0.062531237,1.19E-08
2016/2/6,0.062531259,0.062531247,1.22E-08
2016/2/7,0.062531269,0.062531257,1.19E-08
2016/2/8,0.06253127,0.062531266,4.24E-09
2016/2/9,0.062531278,0.062531269,9.04E-09
2016/2/10,0.062531288,0.062531277,1.16E-08
2016/2/11,0.062531298,0.062531286,1.19E-08
2016/2/12,0.062531307,0.062531296,1.14E-08
2016/2/13,0.062531308,0.062531305,3.79E-09
2016/2/14,0.062531324,0.062531307,1.66E-08
2016/2/15,0.062531332,0.062531321,1.11E-08
2016/2/16,0.062531351,0.06253133,2.09E-08
2016/2/17,0.062531355,0.062531347,8.38E-09
2016/2/18,0.062531366,0.062531353,1.29E-08
2016/2/19,0.062531375,0.062531364,1.14E-08
2016/2/20,0.062531381,0.062531373,8.51E-09
2016/2/21,0.062531389,0.062531379,9.87E-09
2016/2/22,0.062531397,0.062531387,9.43E-09
2016/2/23,0.062531398,0.062531395,2.87E-09
2016/2/24,0.062531406,0.062531397,8.74E-09
2016/2/25,0.062531411,0.062531404,6.89E-09
2016/2/26,0.062531413,0.062531409,3.47E-09
2016/2/27,0.062531418,0.062531412,5.55E-09
2016/2/28,0.062531418,0.062531417,1.86E-09
2016/2/29,0.062531422,0.062531418,3.95E-09
2016/3/1,0.062531431,0.062531421,1.01E-08
2016/3/2,0.062531438,0.062531429,8.20E-09
2016/3/3,0.062531445,0.062531436,9.56E-09
2016/3/4,0.062531447,0.062531444,3.69E-09
2016/3/5,0.06253146,0.062531446,1.40E-08
2016/3/6,0.06253147,0.062531458,1.19E-08
2016/3/7,0.062531485,0.062531467,1.77E-08
2016/3/8,0.062531492,0.062531482,1.03E-08
2016/3/9,0.062531493,0.06253149,3.21E-09
2016/3/10,0.062531502,0.062531492,1.01E-08
2016/3/11,0.062531512,0.0625315,1.21E-08
2016/3/12,0.062531522,0.06253151,1.25E-08
2016/3/13,0.062531527,0.06253152,6.78E-09
2016/3/14,0.062531527,0.062531525,1.81E-09
2016/3/15,0.062531536,0.062531527,9.70E-09
2016/3/16,0.062531542,0.062531534,7.53E-09
2016/3/17,0.062531552,0.06253154,1.12E-08
2016/3/18,0.06253076,0.062531549,-7.90E-07
2016/3/19,0.062530779,0.062530899,-1.19E-07
2016/3/20,0.062530783,0.062530819,-3.61E-08
2016/3/21,0.062530784,0.062530792,-8.27E-09
2016/3/22,0.062530799,0.062530786,1.25E-08
2016/3/23,0.062530801,0.062530797,3.80E-09
2016/3/24,0.062530811,0.0625308,1.17E-08
2016/3/25,0.062530817,0.062530809,7.63E-09
2016/3/26,0.062530821,0.062530815,6.03E-09
2016/3/27,0.062530822,0.06253082,1.78E-09
2016/3/28,0.062530828,0.062530821,6.26E-09
2016/3/29,0.062530835,0.062530826,8.15E-09
2016/3/30,0.062530841,0.062530833,7.52E-09
2016/3/31,0.062530845,0.062530839,6.16E-09
2016/4/1,0.062530846,0.062530844,2.37E-09
2016/4/2,0.062530852,0.062530846,6.00E-09
2016/4/3,0.062530859,0.062530851,8.86E-09
2016/4/4,0.062530863,0.062530858,5.65E-09
2016/4/5,0.062530871,0.062530862,8.91E-09
2016/4/6,0.062530877,0.062530869,7.75E-09
2016/4/7,0.062530878,0.062530875,2.38E-09
2016/4/8,0.062531536,0.062530877,6.59E-07
2016/4/9,0.062531542,0.06253142,1.22E-07
2016/4/10,0.062531548,0.062531505,4.28E-08
2016/4/11,0.062531558,0.062531537,2.05E-08
2016/4/12,0.062531565,0.062531553,1.16E-08
2016/4/13,0.062531568,0.062531562,6.32E-09
2016/4/14,0.062531574,0.062531567,6.67E-09
2016/4/15,0.062531579,0.062531572,6.23E-09
2016/4/16,0.062531586,0.062531577,9.22E-09
2016/4/17,0.062531593,0.062531585,8.56E-09
2016/4/18,0.062531594,0.062531591,2.50E-09
2016/4/19,0.0625316,0.062531593,6.65E-09
2016/4/20,0.062531606,0.062531599,6.90E-09
2016/4/21,0.062531612,0.062531604,7.30E-09
2016/4/22,0.062531616,0.06253161,6.36E-09
2016/4/23,0.06253162,0.062531615,4.54E-09
2016/4/24,0.062531622,0.062531619,2.98E-09
2016/4/25,0.062531628,0.062531621,7.42E-09
2016/4/26,0.062531634,0.062531627,7.18E-09
2016/4/27,0.062531641,0.062531633,8.65E-09
2016/4/28,0.062531642,0.06253164,2.06E-09
2016/4/29,0.062531652,0.062531641,1.05E-08
2016/4/30,0.062531658,0.06253165,8.15E-09
2016/5/1,0.062531667,0.062531656,1.10E-08
2016/5/2,0.062531675,0.062531665,9.83E-09
2016/5/3,0.062531676,0.062531673,3.51E-09
2016/5/4,0.062531684,0.062531676,8.82E-09
2016/5/5,0.062531691,0.062531683,8.03E-09
2016/5/6,0.062531696,0.062531689,6.68E-09
2016/5/7,0.062531703,0.062531694,8.55E-09
2016/5/8,0.062531704,0.062531701,2.73E-09
2016/5/9,0.062531711,0.062531703,7.32E-09
2016/5/10,0.06253172,0.062531709,1.13E-08
2016/5/11,0.062531725,0.062531718,6.41E-09
2016/5/12,0.06253173,0.062531723,6.92E-09
2016/5/13,0.062531732,0.062531729,3.44E-09
2016/5/14,0.062531742,0.062531731,1.05E-08
2016/5/15,0.062531752,0.06253174,1.17E-08
2016/5/16,0.062531763,0.062531749,1.35E-08
2016/5/17,0.062531763,0.06253176,3.11E-09
2016/5/18,0.062531772,0.062531762,9.12E-09
2016/5/19,0.062531779,0.06253177,9.18E-09
2016/5/20,0.062531787,0.062531777,9.37E-09
2016/5/21,0.062531792,0.062531785,7.36E-09
2016/5/22,0.062531792,0.062531791,1.89E-09
2016/5/23,0.062531796,0.062531792,4.59E-09
2016/5/24,0.062531801,0.062531796,5.06E-09
2016/5/25,0.062531804,0.0625318,4.14E-09
2016/5/26,0.062531808,0.062531803,4.62E-09
2016/5/27,0.062531808,0.062531807,1.01E-09
2016/5/28,0.062531811,0.062531807,3.49E-09
2016/5/29,0.062531819,0.06253181,8.69E-09
2016/5/30,0.062531826,0.062531817,8.62E-09
2016/5/31,0.062531833,0.062531824,8.82E-09
2016/6/1,0.062531835,0.062531831,4.15E-09
2016/6/2,0.062531844,0.062531834,9.39E-09
2016/6/3,0.062531852,0.062531842,9.82E-09
2016/6/4,0.062531859,0.06253185,8.92E-09
2016/6/5,0.062531865,0.062531857,8.55E-09
2016/6/6,0.062531872,0.062531864,8.42E-09
2016/6/7,0.062531869,0.06253187,-1.40E-09
2016/6/8,0.062531873,0.062531869,4.16E-09
2016/6/9,0.062531877,0.062531873,4.36E-09
2016/6/10,0.062531879,0.062531876,2.80E-09
2016/6/11,0.062531879,0.062531878,9.18E-10
2016/6/12,0.062531885,0.062531879,6.40E-09
2016/6/13,0.062531887,0.062531884,3.17E-09
2016/6/14,0.062531895,0.062531887,8.63E-09
2016/6/15,0.062531898,0.062531894,4.12E-09
2016/6/16,0.062531901,0.062531897,4.49E-09
2016/6/17,0.062531907,0.0625319,6.73E-09
2016/6/18,0.062531917,0.062531906,1.15E-08
2016/6/19,0.062531923,0.062531915,7.79E-09
2016/6/20,0.062531928,0.062531921,7.02E-09
2016/6/21,0.062531933,0.062531927,6.16E-09
2016/6/22,0.062531934,0.062531932,2.01E-09
2016/6/23,0.062531938,0.062531933,4.84E-09
2016/6/24,0.062531941,0.062531937,3.91E-09
2016/6/25,0.062531945,0.06253194,4.93E-09
2016/6/26,0.062531946,0.062531944,2.07E-09
2016/6/27,0.062531947,0.062531946,8.02E-10
2016/6/28,0.06253195,0.062531946,3.18E-09
2016/6/29,0.062531954,0.062531949,4.79E-09
2016/6/30,0.062531958,0.062531953,5.00E-09
2016/7/1,0.062531961,0.062531957,4.61E-09
2016/7/2,0.062531962,0.06253196,1.16E-09
2016/7/3,0.062531966,0.062531961,4.92E-09
2016/7/4,0.062531972,0.062531965,6.59E-09
2016/7/5,0.062519175,0.062531971,-1.28E-05
2016/7/6,0.062519181,0.062521428,-2.25E-06
2016/7/7,0.062519187,0.062519886,-6.99E-07
2016/7/8,0.062519192,0.062519364,-1.72E-07
2016/7/9,0.062519196,0.062519239,-4.30E-08
2016/7/10,0.062519196,0.062519208,-1.15E-08
2016/7/11,0.062519201,0.0625192,1.18E-09
2016/7/12,0.062519206,0.062519201,4.99E-09
2016/7/13,0.062519211,0.062519205,6.01E-09
2016/7/14,0.062519216,0.06251921,6.60E-09
2016/7/15,0.062519216,0.062519215,1.08E-09
2016/7/16,0.062519221,0.062519216,5.56E-09
2016/7/17,0.062519227,0.06251922,6.81E-09
2016/7/18,0.06251923,0.062519226,4.51E-09
2016/7/19,0.062519231,0.062519229,1.60E-09
2016/7/20,0.062519236,0.062519231,4.97E-09
2016/7/21,0.062519241,0.062519235,6.52E-09
2016/7/22,0.062519248,0.06251924,7.86E-09
2016/7/23,0.062519253,0.062519246,6.27E-09
2016/7/24,0.062519258,0.062519251,6.61E-09
2016/7/25,0.06251926,0.062519257,3.88E-09
2016/7/26,0.062519261,0.06251926,1.36E-09
2016/7/27,0.062519266,0.062519261,5.24E-09
2016/7/28,0.062519267,0.062519265,2.36E-09
2016/7/29,0.062519269,0.062519267,2.32E-09
2016/7/30,0.062519273,0.062519269,4.52E-09
2016/7/31,0.062519275,0.062519272,2.76E-09
2016/8/1,0.062519276,0.062519274,1.26E-09
2016/8/2,0.062519281,0.062519275,5.26E-09
2016/8/3,0.062519285,0.06251928,5.23E-09
2016/8/4,0.062519288,0.062519284,4.47E-09
2016/8/5,0.062519293,0.062519288,5.08E-09
2016/8/6,0.062519298,0.062519292,6.83E-09
2016/8/7,0.062519299,0.062519297,1.53E-09
2016/8/8,0.062519304,0.062519298,6.06E-09
2016/8/9,0.062519309,0.062519303,5.62E-09
2016/8/10,0.062519315,0.062519308,6.85E-09
2016/8/11,0.062519317,0.062519313,4.00E-09
2016/8/12,0.062519322,0.062519316,5.29E-09
2016/8/13,0.062519322,0.062519321,1.59E-09
2016/8/14,0.062519327,0.062519322,4.85E-09
2016/8/15,0.062519333,0.062519326,7.11E-09
2016/8/16,0.062519335,0.062519332,3.39E-09
2016/8/17,0.062519336,0.062519334,1.33E-09
2016/8/18,0.062519341,0.062519335,6.03E-09
2016/8/19,0.062519345,0.06251934,4.62E-09
2016/8/20,0.062519351,0.062519344,7.27E-09
2016/8/21,0.062519354,0.06251935,4.13E-09
2016/8/22,0.062519354,0.062519353,1.11E-09
2016/8/23,0.062519361,0.062519354,7.23E-09
2016/8/24,0.062519364,0.06251936,4.70E-09
2016/8/25,0.062519368,0.062519363,4.66E-09
2016/8/26,0.062519372,0.062519367,4.81E-09
2016/8/27,0.062519372,0.062519371,7.31E-10
2016/8/28,0.062519376,0.062519372,4.27E-09
2016/8/29,0.062519381,0.062519375,5.70E-09
2016/8/30,0.062519385,0.06251938,5.05E-09
2016/8/31,0.062519389,0.062519384,5.39E-09
2016/9/1,0.062519392,0.062519388,4.21E-09
2016/9/2,0.062519394,0.062519391,2.39E-09
2016/9/3,0.062519402,0.062519393,9.03E-09
2016/9/4,0.062519407,0.062519401,6.47E-09
2016/9/5,0.062519414,0.062519406,8.10E-09
2016/9/6,0.062519418,0.062519412,5.64E-09
2016/9/7,0.062519419,0.062519417,1.79E-09
2016/9/8,0.062519424,0.062519418,5.99E-09
2016/9/9,0.062519432,0.062519423,9.04E-09
2016/9/10,0.062519438,0.06251943,7.56E-09
2016/9/11,0.062519441,0.062519436,4.73E-09
2016/9/12,0.062519442,0.06251944,1.72E-09
2016/9/13,0.062519449,0.062519441,7.50E-09
2016/9/14,0.062519452,0.062519447,4.37E-09
2016/9/15,0.062519456,0.062519451,5.05E-09
2016/9/16,0.06251946,0.062519455,5.48E-09
2016/9/17,0.062519462,0.062519459,2.52E-09
2016/9/18,0.062519468,0.062519461,6.29E-09
2016/9/19,0.062519473,0.062519466,6.36E-09
2016/9/20,0.062519479,0.062519472,7.51E-09
2016/9/21,0.06251948,0.062519478,2.71E-09
2016/9/22,0.062519486,0.06251948,6.42E-09
2016/9/23,0.062519493,0.062519485,7.84E-09
2016/9/24,0.062519498,0.062519491,7.08E-09
2016/9/25,0.0625195,0.062519497,2.87E-09
2016/9/26,0.062519506,0.062519499,6.84E-09
2016/9/27,0.062519509,0.062519505,4.68E-09
2016/9/28,0.062519513,0.062519508,4.40E-09
2016/9/29,0.06251952,0.062519512,8.37E-09
2016/9/30,0.062519524,0.062519519,5.17E-09
2016/10/1,0.062519528,0.062519523,5.12E-09
2016/10/2,0.062519532,0.062519527,5.39E-09
2016/10/3,0.062519537,0.062519531,6.00E-09
2016/10/4,0.062519538,0.062519536,1.83E-09
2016/10/5,0.062519546,0.062519537,8.28E-09
2016/10/6,0.062519551,0.062519544,7.13E-09
2016/10/7,0.062519559,0.06251955,8.83E-09
2016/10/8,0.062519564,0.062519557,7.02E-09
2016/10/9,0.062519571,0.062519563,8.82E-09
2016/10/10,0.062519572,0.06251957,2.65E-09
2016/10/11,0.062519579,0.062519572,7.24E-09
2016/10/12,0.062519586,0.062519578,8.41E-09
2016/10/13,0.062519593,0.062519584,8.31E-09
2016/10/14,0.062519594,0.062519591,2.57E-09
2016/10/15,0.062519601,0.062519593,8.05E-09
2016/10/16,0.062519608,0.062519599,8.59E-09
2016/10/17,0.062519613,0.062519606,6.96E-09
2016/10/18,0.062519617,0.062519612,5.36E-09
2016/10/19,0.062519623,0.062519616,7.32E-09
2016/10/20,0.062519624,0.062519622,2.41E-09
2016/10/21,0.06251963,0.062519624,6.25E-09
2016/10/22,0.062519637,0.062519629,8.33E-09
2016/10/23,0.062519645,0.062519636,8.86E-09
2016/10/24,0.062519646,0.062519643,2.73E-09
2016/10/25,0.062519651,0.062519645,6.03E-09
2016/10/26,0.062519658,0.06251965,8.26E-09
2016/10/27,0.062519663,0.062519656,6.40E-09
2016/10/28,0.062519667,0.062519662,5.97E-09
2016/10/29,0.062519669,0.062519666,2.48E-09
2016/10/30,0.062519673,0.062519668,4.94E-09
2016/10/31,0.062519679,0.062519672,6.88E-09
2016/11/1,0.062519683,0.062519678,4.99E-09
2016/11/2,0.062519689,0.062519682,7.72E-09
2016/11/3,0.06251969,0.062519688,1.95E-09
2016/11/4,0.062519694,0.062519689,4.78E-09
2016/11/5,0.062519701,0.062519693,7.39E-09
2016/11/6,0.062519707,0.062519699,7.80E-09
2016/11/7,0.062519714,0.062519706,8.23E-09
2016/11/8,0.062519715,0.062519712,2.56E-09
2016/11/9,0.062519721,0.062519714,6.50E-09
2016/11/10,0.062519727,0.062519719,7.20E-09
2016/11/11,0.062519734,0.062519725,8.45E-09
2016/11/12,0.062519738,0.062519732,5.98E-09
2016/11/13,0.062519744,0.062519737,6.90E-09
2016/11/14,0.062519743,0.062519742,1.04E-09
2016/11/15,0.062519747,0.062519743,3.55E-09
2016/11/16,0.062519751,0.062519746,5.25E-09
2016/11/17,0.062519755,0.06251975,4.89E-09
2016/11/18,0.06251976,0.062519754,5.85E-09
2016/11/19,0.06251976,0.062519759,1.57E-09
2016/11/20,0.062519764,0.06251976,4.27E-09
2016/11/21,0.062519774,0.062519763,1.08E-08
2016/11/22,0.06251978,0.062519772,7.71E-09
2016/11/23,0.062519785,0.062519778,6.48E-09
2016/11/24,0.062519786,0.062519783,2.15E-09
2016/11/25,0.062519794,0.062519785,8.84E-09
2016/11/26,0.062519801,0.062519792,8.48E-09
2016/11/27,0.062519805,0.062519799,5.67E-09
2016/11/28,0.062519805,0.062519804,1.24E-09
2016/11/29,0.062519809,0.062519804,4.69E-09
2016/11/30,0.062519814,0.062519808,5.57E-09
2016/12/1,0.062519819,0.062519813,5.76E-09
2016/12/2,0.062519822,0.062519817,4.59E-09
2016/12/3,0.062519822,0.062519821,1.04E-09
2016/12/4,0.062519828,0.062519822,6.66E-09
2016/12/5,0.062519833,0.062519827,5.82E-09
2016/12/6,0.06251984,0.062519832,8.30E-09
2016/12/7,0.062519841,0.062519839,2.64E-09
2016/12/8,0.062519848,0.062519841,7.45E-09
2016/12/9,0.062519854,0.062519847,7.75E-09
2016/12/10,0.06251986,0.062519853,6.91E-09
2016/12/11,0.062519863,0.062519858,4.58E-09
2016/12/12,0.062519868,0.062519862,6.16E-09
2016/12/13,0.062519868,0.062519867,1.19E-09
2016/12/14,0.062519872,0.062519868,3.95E-09
2016/12/15,0.062519874,0.062519871,2.59E-09
2016/12/16,0.062519876,0.062519873,2.51E-09
2016/12/17,0.062519878,0.062519875,3.09E-09
2016/12/18,0.06251988,0.062519878,2.82E-09
2016/12/19,0.062519881,0.06251988,1.31E-09
2016/12/20,0.062519888,0.062519881,6.80E-09
2016/12/21,0.062519893,0.062519887,6.20E-09
2016/12/22,0.062519899,0.062519891,7.84E-09
2016/12/23,0.062519905,0.062519898,6.74E-09
2016/12/24,0.062519905,0.062519903,1.98E-09
2016/12/25,0.062519909,0.062519905,4.61E-09
2016/12/26,0.062519918,0.062519908,9.20E-09
2016/12/27,0.062519921,0.062519916,5.17E-09
2016/12/28,0.062519925,0.06251992,4.79E-09
2016/12/29,0.062519925,0.062519924,1.15E-09
2016/12/30,0.062519928,0.062519925,3.17E-09
2016/12/31,0.062519931,0.062519927,3.55E-09
2017/1/1,0.062519933,0.06251993,3.36E-09
2017/1/2,0.062519933,0.062519933,5.80E-10
2017/1/3,0.062519938,0.062519933,5.33E-09
2017/1/4,0.062519942,0.062519938,4.74E-09
2017/1/5,0.062519948,0.062519941,6.88E-09
2017/1/6,0.062519952,0.062519947,5.29E-09
2017/1/7,0.062519956,0.062519951,4.64E-09
2017/1/8,0.062519959,0.062519955,4.49E-09
2017/1/9,0.062519964,0.062519958,5.61E-09
2017/1/10,0.062519968,0.062519963,4.93E-09
2017/1/11,0.062519973,0.062519967,5.70E-09
2017/1/12,0.062519974,0.062519971,2.64E-09
2017/1/13,0.062519976,0.062519973,2.78E-09
2017/1/14,0.062519977,0.062519976,1.55E-09
2017/1/15,0.062519977,0.062519977,-6.28E-11
2017/1/16,0.062519981,0.062519977,3.69E-09
2017/1/17,0.062519982,0.06251998,2.34E-09
2017/1/18,0.062519985,0.062519982,3.71E-09
2017/1/19,0.062519989,0.062519985,3.83E-09
2017/1/20,0.062519989,0.062519988,1.58E-09
2017/1/21,0.062519997,0.062519989,8.01E-09
2017/1/22,0.062520002,0.062519996,6.53E-09
2017/1/23,0.062520008,0.062520001,7.50E-09
2017/1/24,0.062520012,0.062520007,5.14E-09
2017/1/25,0.062520014,0.062520011,3.26E-09
2017/1/26,0.062520019,0.062520013,5.65E-09
2017/1/27,0.062520024,0.062520018,5.52E-09
2017/1/28,0.062520024,0.062520022,1.96E-09
2017/1/29,0.062520027,0.062520024,2.74E-09
2017/1/30,0.062520027,0.062520026,9.58E-10
2017/1/31,0.06252003,0.062520027,2.61E-09
2017/2/1,0.062520033,0.062520029,3.61E-09
2017/2/2,0.062520036,0.062520032,3.83E-09
2017/2/3,0.062520039,0.062520035,4.26E-09
2017/2/4,0.062520043,0.062520038,4.34E-09
2017/2/5,0.062520048,0.062520042,5.82E-09
2017/2/6,0.062520049,0.062520047,2.30E-09
2017/2/7,0.062520057,0.062520048,8.12E-09
2017/2/8,0.06252006,0.062520055,5.23E-09
2017/2/9,0.062520065,0.062520059,5.42E-09
2017/2/10,0.062520065,0.062520064,1.42E-09
2017/2/11,0.062520069,0.062520065,4.17E-09
2017/2/12,0.062520072,0.062520068,3.54E-09
2017/2/13,0.062520072,0.062520071,1.46E-09
2017/2/14,0.062520075,0.062520072,2.59E-09
2017/2/15,0.062520074,0.062520074,1.76E-10
2017/2/16,0.062520077,0.062520074,2.43E-09
2017/2/17,0.06252008,0.062520076,4.07E-09
2017/2/18,0.062520083,0.062520079,3.98E-09
2017/2/19,0.062520084,0.062520083,1.75E-09
2017/2/20,0.062520092,0.062520084,7.95E-09
2017/2/21,0.062520097,0.062520091,6.37E-09
2017/2/22,0.062520105,0.062520096,9.15E-09
2017/2/23,0.062520109,0.062520103,5.80E-09
2017/2/24,0.062520116,0.062520108,8.40E-09
2017/2/25,0.062520117,0.062520114,2.75E-09
2017/2/26,0.06252012,0.062520116,4.04E-09
2017/2/27,0.062520124,0.06252012,4.60E-09
2017/2/28,0.062520125,0.062520123,1.93E-09
2017/3/1,0.06252013,0.062520125,4.85E-09
2017/3/2,0.06252013,0.062520129,1.33E-09
2017/3/3,0.062520133,0.06252013,2.90E-09
2017/3/4,0.062520137,0.062520132,4.82E-09
2017/3/5,0.062520142,0.062520136,5.55E-09
2017/3/6,0.062520146,0.062520141,5.85E-09
2017/3/7,0.062520148,0.062520145,2.90E-09
2017/3/8,0.062520155,0.062520148,7.18E-09
2017/3/9,0.062520162,0.062520153,8.12E-09
2017/3/10,0.062520167,0.06252016,7.58E-09
2017/3/11,0.062520168,0.062520166,2.18E-09
2017/3/12,0.062520171,0.062520168,3.57E-09
2017/3/13,0.062520178,0.06252017,7.62E-09
2017/3/14,0.06252018,0.062520177,3.67E-09
2017/3/15,0.062520182,0.06252018,2.57E-09
2017/3/16,0.062520183,0.062520182,1.26E-09
2017/3/17,0.062520184,0.062520183,1.79E-09
2017/3/18,0.062520186,0.062520184,2.21E-09
2017/3/19,0.062520189,0.062520186,2.85E-09
2017/3/20,0.062520192,0.062520188,3.74E-09
2017/3/21,0.062520195,0.062520191,3.80E-09
2017/3/22,0.062520201,0.062520194,7.04E-09
2017/3/23,0.062520208,0.0625202,7.66E-09
2017/3/24,0.062520212,0.062520206,5.75E-09
2017/3/25,0.062520217,0.062520211,6.56E-09
2017/3/26,0.062520223,0.062520216,6.70E-09
2017/3/27,0.062520228,0.062520221,6.38E-09
2017/3/28,0.062520233,0.062520226,6.21E-09
2017/3/29,0.062520236,0.062520231,4.47E-09
2017/3/30,0.062520238,0.062520235,3.38E-09
2017/3/31,0.062520241,0.062520238,3.01E-09
2017/4/1,0.062520242,0.06252024,2.29E-09
2017/4/2,0.062520244,0.062520242,2.30E-09
2017/4/3,0.062520248,0.062520244,4.58E-09
2017/4/4,0.062520252,0.062520247,4.96E-09
2017/4/5,0.062520257,0.062520251,6.11E-09
2017/4/6,0.062520262,0.062520256,5.91E-09
2017/4/7,0.062520267,0.062520261,5.59E-09
2017/4/8,0.062520273,0.062520265,7.34E-09
2017/4/9,0.062520278,0.062520271,6.40E-09
2017/4/10,0.062520284,0.062520277,7.02E-09
2017/4/11,0.062520287,0.062520282,5.25E-09
2017/4/12,0.062520291,0.062520286,4.58E-09
2017/4/13,0.062520294,0.06252029,4.18E-09
2017/4/14,0.062520296,0.062520293,2.41E-09
2017/4/15,0.062520298,0.062520295,2.81E-09
2017/4/16,0.0625203,0.062520297,2.90E-09
2017/4/17,0.062520302,0.0625203,2.56E-09
2017/4/18,0.062520306,0.062520302,4.05E-09
2017/4/19,0.062520309,0.062520305,4.22E-09
2017/4/20,0.062520315,0.062520309,6.42E-09
2017/4/21,0.062520322,0.062520314,8.08E-09
2017/4/22,0.062520329,0.06252032,9.06E-09
2017/4/23,0.062520338,0.062520328,1.06E-08
2017/4/24,0.062520344,0.062520336,7.54E-09
2017/4/25,0.062520348,0.062520342,5.51E-09
2017/4/26,0.062520354,0.062520346,7.65E-09
2017/4/27,0.062520357,0.062520353,4.62E-09
2017/4/28,0.062520361,0.062520356,5.27E-09
2017/4/29,0.062520364,0.06252036,4.05E-09
2017/4/30,0.062520367,0.062520364,3.15E-09
2017/5/1,0.062520369,0.062520366,3.31E-09
2017/5/2,0.062520372,0.062520369,2.75E-09
2017/5/3,0.062520373,0.062520371,1.73E-09
2017/5/4,0.062520375,0.062520372,2.85E-09
2017/5/5,0.062520378,0.062520375,2.85E-09
2017/5/6,0.062520382,0.062520377,5.46E-09
2017/5/7,0.062520387,0.062520381,5.71E-09
2017/5/8,0.062520392,0.062520386,6.39E-09
2017/5/9,0.062520397,0.062520391,5.89E-09
2017/5/10,0.062520399,0.062520396,3.54E-09
2017/5/11,0.062520403,0.062520399,4.58E-09
2017/5/12,0.062520409,0.062520402,6.21E-09
2017/5/13,0.062520413,0.062520407,5.33E-09
2017/5/14,0.062520413,0.062520412,1.74E-09
2017/5/15,0.062520416,0.062520413,3.60E-09
2017/5/16,0.062520418,0.062520416,1.85E-09
2017/5/17,0.06252042,0.062520417,2.28E-09
2017/5/18,0.062520423,0.062520419,3.80E-09
2017/5/19,0.062520424,0.062520422,2.11E-09
2017/5/20,0.062520429,0.062520424,5.02E-09
2017/5/21,0.062520435,0.062520428,6.87E-09
2017/5/22,0.06252044,0.062520433,6.58E-09
2017/5/23,0.062520443,0.062520439,4.46E-09
2017/5/24,0.062520447,0.062520442,4.69E-09
2017/5/25,0.062520454,0.062520446,7.98E-09
2017/5/26,0.06252046,0.062520453,7.10E-09
2017/5/27,0.062520463,0.062520458,5.02E-09
2017/5/28,0.06252047,0.062520462,7.84E-09
2017/5/29,0.062520471,0.062520469,2.12E-09
2017/5/30,0.062520473,0.06252047,3.11E-09
2017/5/31,0.062520477,0.062520473,4.17E-09
2017/6/1,0.062520478,0.062520476,2.31E-09
2017/6/2,0.062520479,0.062520478,7.80E-10
2017/6/3,0.062520485,0.062520478,6.52E-09
2017/6/4,0.062520487,0.062520484,2.78E-09
2017/6/5,0.062520489,0.062520486,3.37E-09
2017/6/6,0.062520495,0.062520489,6.00E-09
2017/6/7,0.0625205,0.062520493,6.20E-09
2017/6/8,0.062520503,0.062520498,4.44E-09
2017/6/9,0.062520509,0.062520502,6.56E-09
2017/6/10,0.062520512,0.062520507,5.06E-09
2017/6/11,0.062520515,0.062520511,4.04E-09
2017/6/12,0.062520518,0.062520514,3.18E-09
2017/6/13,0.062520521,0.062520517,4.35E-09
2017/6/14,0.062520523,0.062520521,2.49E-09
2017/6/15,0.062520511,0.062520522,-1.19E-08
2017/6/16,0.062520528,0.062520513,1.57E-08
2017/6/17,0.062520529,0.062520526,3.47E-09
2017/6/18,0.062520531,0.062520528,3.08E-09
2017/6/19,0.062520533,0.062520531,2.34E-09
2017/6/20,0.062520538,0.062520533,5.63E-09
2017/6/21,0.062520541,0.062520537,3.84E-09
2017/6/22,0.062520546,0.06252054,6.00E-09
2017/6/23,0.062520551,0.062520545,5.99E-09
2017/6/24,0.062520554,0.06252055,3.73E-09
2017/6/25,0.062520556,0.062520553,2.91E-09
2017/6/26,0.06252056,0.062520555,4.77E-09
2017/6/27,0.062520565,0.062520559,5.82E-09
2017/6/28,0.062520567,0.062520564,2.84E-09
2017/6/29,0.062520569,0.062520566,3.12E-09
2017/6/30,0.062520571,0.062520568,2.17E-09
2017/7/1,0.062520572,0.06252057,2.24E-09
2017/7/2,0.062520575,0.062520572,3.28E-09
2017/7/3,0.062520574,0.062520575,-1.63E-10
2017/7/4,0.062520576,0.062520574,1.72E-09
2017/7/5,0.062520581,0.062520576,4.84E-09
2017/7/6,0.062520584,0.06252058,3.83E-09
2017/7/7,0.062520588,0.062520583,4.73E-09
2017/7/8,0.062520592,0.062520587,5.07E-09
2017/7/9,0.062520595,0.062520591,4.36E-09
2017/7/10,0.062520599,0.062520594,5.15E-09
2017/7/11,0.0625206,0.062520598,2.05E-09
2017/7/12,0.062520604,0.0625206,3.56E-09
2017/7/13,0.062520609,0.062520603,5.89E-09
2017/7/14,0.062520611,0.062520608,2.91E-09
2017/7/15,0.062520614,0.06252061,4.36E-09
2017/7/16,0.062520616,0.062520613,2.38E-09
2017/7/17,0.062520617,0.062520615,1.93E-09
2017/7/18,0.062520622,0.062520617,5.02E-09
2017/7/19,0.062520623,0.062520621,2.23E-09
2017/7/20,0.062520625,0.062520623,2.43E-09
2017/7/21,0.062520627,0.062520625,2.22E-09
2017/7/22,0.062520632,0.062520626,5.42E-09
2017/7/23,0.062520635,0.062520631,4.23E-09
2017/7/24,0.062520638,0.062520634,4.10E-09
2017/7/25,0.062520639,0.062520637,1.91E-09
2017/7/26,0.062520643,0.062520639,4.08E-09
2017/7/27,0.062520647,0.062520642,5.11E-09
2017/7/28,0.062520651,0.062520646,4.99E-09
2017/7/29,0.062520653,0.06252065,2.99E-09
2017/7/30,0.062520656,0.062520653,2.78E-09
2017/7/31,0.062520658,0.062520655,2.61E-09
2017/8/1,0.062520658,0.062520657,1.45E-09
2017/8/2,0.062520662,0.062520658,3.76E-09
2017/8/3,0.062520663,0.062520661,2.15E-09
2017/8/4,0.062520664,0.062520663,1.47E-09
2017/8/5,0.062520669,0.062520664,4.63E-09
2017/8/6,0.06252067,0.062520668,2.24E-09
2017/8/7,0.062520673,0.06252067,2.95E-09
2017/8/8,0.062520676,0.062520672,3.67E-09
2017/8/9,0.06252068,0.062520675,4.54E-09
2017/8/10,0.062520684,0.062520679,5.75E-09
2017/8/11,0.062520686,0.062520683,2.43E-09
2017/8/12,0.06252069,0.062520685,5.06E-09
2017/8/13,0.062520694,0.062520689,4.42E-09
2017/8/14,0.062520694,0.062520693,1.33E-09
2017/8/15,0.062520696,0.062520694,2.26E-09
2017/8/16,0.062520699,0.062520696,3.61E-09
2017/8/17,0.062520702,0.062520699,3.41E-09
2017/8/18,0.062520704,0.062520701,3.13E-09
2017/8/19,0.062520707,0.062520704,3.64E-09
2017/8/20,0.062520709,0.062520707,1.93E-09
2017/8/21,0.062520712,0.062520708,3.44E-09
2017/8/22,0.062520715,0.062520711,4.10E-09
2017/8/23,0.062520719,0.062520714,5.15E-09
2017/8/24,0.062520725,0.062520718,6.15E-09
2017/8/25,0.062520726,0.062520723,3.06E-09
2017/8/26,0.062520731,0.062520726,4.74E-09
2017/8/27,0.062520734,0.06252073,4.68E-09
2017/8/28,0.062520738,0.062520733,4.25E-09
2017/8/29,0.062520739,0.062520737,2.16E-09
2017/8/30,0.062520743,0.062520738,4.98E-09
2017/8/31,0.062520749,0.062520743,6.71E-09
2017/9/1,0.062520752,0.062520748,4.00E-09
2017/9/2,0.062520754,0.062520751,2.80E-09
2017/9/3,0.062520755,0.062520753,1.76E-09
2017/9/4,0.06252076,0.062520755,5.15E-09
2017/9/5,0.062520764,0.062520759,5.01E-09
2017/9/6,0.06252077,0.062520763,7.01E-09
2017/9/7,0.062520776,0.062520769,7.55E-09
2017/9/8,0.062520778,0.062520775,3.76E-09
2017/9/9,0.062520786,0.062520778,8.44E-09
2017/9/10,0.062520791,0.062520784,6.16E-09
2017/9/11,0.062520796,0.062520789,6.74E-09
2017/9/12,0.062520802,0.062520795,7.75E-09
2017/9/13,0.062520807,0.062520801,6.06E-09
2017/9/14,0.062520807,0.062520806,1.42E-09
2017/9/15,0.062520812,0.062520807,5.52E-09
2017/9/16,0.062520817,0.062520811,5.59E-09
2017/9/17,0.062520821,0.062520816,5.32E-09
2017/9/18,0.062520822,0.06252082,1.94E-09
2017/9/19,0.062520824,0.062520822,2.17E-09
2017/9/20,0.062520827,0.062520823,3.65E-09
2017/9/21,0.062520831,0.062520826,4.27E-09
2017/9/22,0.062520833,0.06252083,3.15E-09
2017/9/23,0.062520836,0.062520832,4.10E-09
2017/9/24,0.06252084,0.062520835,4.42E-09
2017/9/25,0.062520842,0.062520839,3.23E-09
2017/9/26,0.062520848,0.062520842,6.65E-09
2017/9/27,0.062520855,0.062520847,7.80E-09
2017/9/28,0.062520862,0.062520853,8.88E-09
2017/9/29,0.062520865,0.06252086,4.24E-09
2017/9/30,0.062520868,0.062520864,3.99E-09
2017/10/1,0.062520876,0.062520867,9.20E-09
2017/10/2,0.062520879,0.062520874,4.99E-09
2017/10/3,0.062520884,0.062520878,6.05E-09
2017/10/4,0.062520887,0.062520883,4.32E-09
2017/10/5,0.062520892,0.062520887,5.84E-09
2017/10/6,0.062520894,0.062520891,2.92E-09
2017/10/7,0.062520898,0.062520894,3.99E-09
2017/10/8,0.0625209,0.062520897,3.47E-09
2017/10/9,0.062520904,0.0625209,4.72E-09
2017/10/10,0.062520907,0.062520903,3.31E-09
2017/10/11,0.062520911,0.062520906,5.34E-09
2017/10/12,0.062520918,0.06252091,8.15E-09
2017/10/13,0.062520923,0.062520917,5.60E-09
2017/10/14,0.062520929,0.062520921,7.53E-09
2017/10/15,0.062520932,0.062520927,4.64E-09
2017/10/16,0.062520937,0.062520931,5.95E-09
2017/10/17,0.062520941,0.062520936,4.65E-09
2017/10/18,0.062520941,0.06252094,1.80E-09
2017/10/19,0.062520946,0.062520941,5.53E-09
2017/10/20,0.062520949,0.062520945,3.78E-09
2017/10/21,0.062520951,0.062520948,2.58E-09
2017/10/22,0.062520954,0.06252095,3.86E-09
2017/10/23,0.062520955,0.062520954,1.87E-09
2017/10/24,0.062520962,0.062520955,7.25E-09
2017/10/25,0.062520968,0.062520961,7.34E-09
2017/10/26,0.062520972,0.062520967,5.46E-09
2017/10/27,0.062520976,0.062520971,4.67E-09
2017/10/28,0.062520981,0.062520975,6.51E-09
2017/10/29,0.062520987,0.06252098,6.78E-09
2017/10/30,0.062520994,0.062520986,8.47E-09
2017/10/31,0.062520998,0.062520992,5.20E-09
2017/11/1,0.062521001,0.062520997,4.48E-09
2017/11/2,0.062521005,0.062521,4.99E-09
2017/11/3,0.062521008,0.062521004,3.43E-09
2017/11/4,0.062521012,0.062521007,5.32E-09
2017/11/5,0.062521013,0.062521011,2.24E-09
2017/11/6,0.062521015,0.062521013,2.04E-09
2017/11/7,0.062521019,0.062521015,4.49E-09
2017/11/8,0.062521026,0.062521018,7.71E-09
2017/11/9,0.062521031,0.062521024,6.81E-09
2017/11/10,0.062521035,0.06252103,4.89E-09
2017/11/11,0.062521036,0.062521034,2.33E-09
2017/11/12,0.062521044,0.062521036,8.93E-09
2017/11/13,0.06252105,0.062521043,6.80E-09
2017/11/14,0.062521055,0.062521048,7.06E-09
2017/11/15,0.062521057,0.062521054,3.24E-09
2017/11/16,0.062521064,0.062521056,7.83E-09
2017/11/17,0.06252107,0.062521063,6.78E-09
2017/11/18,0.062521073,0.062521068,4.50E-09
2017/11/19,0.062521075,0.062521072,2.87E-09
2017/11/20,0.062521078,0.062521074,4.15E-09
2017/11/21,0.062521078,0.062521077,1.12E-09
2017/11/22,0.062521084,0.062521078,5.97E-09
2017/11/23,0.062521087,0.062521083,3.87E-09
2017/11/24,0.062521088,0.062521086,2.39E-09
2017/11/25,0.062521093,0.062521088,5.42E-09
2017/11/26,0.0625211,0.062521092,8.06E-09
2017/11/27,0.062521107,0.062521099,8.05E-09
2017/11/28,0.062521115,0.062521105,9.56E-09
2017/11/29,0.062521118,0.062521113,5.21E-09
2017/11/30,0.062521123,0.062521117,6.21E-09
2017/12/1,0.062521126,0.062521122,4.14E-09
2017/12/2,0.062521131,0.062521125,5.35E-09
2017/12/3,0.062520483,0.06252113,-6.47E-07
2017/12/4,0.062520483,0.062520597,-1.13E-07
2017/12/5,0.062520484,0.062520519,-3.44E-08
2017/12/6,0.062520491,0.062520493,-2.13E-09
2017/12/7,0.062520491,0.062520492,-1.13E-09
2017/12/8,0.062520494,0.062520491,2.47E-09
2017/12/9,0.062520499,0.062520494,5.53E-09
2017/12/10,0.062520502,0.062520498,4.30E-09
2017/12/11,0.062520505,0.062520501,3.37E-09
2017/12/12,0.062520513,0.062520504,8.70E-09
2017/12/13,0.062520518,0.062520511,6.28E-09
2017/12/14,0.062520523,0.062520516,7.16E-09
2017/12/15,0.062520527,0.062520522,5.09E-09
2017/12/16,0.062520529,0.062520526,2.90E-09
2017/12/17,0.062520536,0.062520528,7.70E-09
2017/12/18,0.062520539,0.062520535,4.26E-09
2017/12/19,0.062520541,0.062520538,3.51E-09
2017/12/20,0.062520543,0.062520541,1.89E-09
2017/12/21,0.062520545,0.062520542,2.55E-09
2017/12/22,0.062520548,0.062520544,3.37E-09
2017/12/23,0.062520549,0.062520547,2.39E-09
2017/12/24,0.062520553,0.062520549,3.99E-09
2017/12/25,0.062520558,0.062520552,6.17E-09
2017/12/26,0.062520559,0.062520557,2.14E-09
2017/12/27,0.062520567,0.062520559,7.86E-09
2017/12/28,0.062520572,0.062520565,6.89E-09
2017/12/29,0.062520576,0.062520571,5.02E-09
2017/12/30,0.062520579,0.062520575,4.36E-09
2017/12/31,0.062520584,0.062520578,6.30E-09
2018/1/1,0.062520588,0.062520583,4.38E-09
2018/1/2,0.062520591,0.062520587,4.85E-09
2018/1/3,0.062520592,0.062520591,1.34E-09
2018/1/4,0.062520594,0.062520592,2.05E-09
2018/1/5,0.062520596,0.062520593,2.81E-09
2018/1/6,0.062520598,0.062520595,2.13E-09
2018/1/7,0.062520598,0.062520597,7.59E-10
2018/1/8,0.0625206,0.062520598,1.86E-09
2018/1/9,0.062520604,0.062520599,4.27E-09
2018/1/10,0.062520607,0.062520603,4.33E-09
2018/1/11,0.062520611,0.062520606,5.18E-09
2018/1/12,0.062520615,0.06252061,4.24E-09
2018/1/13,0.06252062,0.062520614,6.28E-09
2018/1/14,0.062520626,0.062520619,7.27E-09
2018/1/15,0.062520631,0.062520625,6.17E-09
2018/1/16,0.062520631,0.06252063,1.49E-09
2018/1/17,0.062520636,0.062520631,5.03E-09
2018/1/18,0.062520637,0.062520635,2.56E-09
2018/1/19,0.062520639,0.062520637,2.56E-09
2018/1/20,0.06252064,0.062520639,1.60E-09
2018/1/21,0.062520641,0.06252064,1.15E-09
2018/1/22,0.062520642,0.062520641,5.82E-10
2018/1/23,0.062520644,0.062520642,2.70E-09
2018/1/24,0.062520648,0.062520644,4.05E-09
2018/1/25,0.062520652,0.062520647,5.03E-09
2018/1/26,0.062520655,0.062520651,4.34E-09
2018/1/27,0.062520659,0.062520655,4.62E-09
2018/1/28,0.062520662,0.062520658,3.31E-09
2018/1/29,0.062520668,0.062520661,7.22E-09
2018/1/30,0.062520672,0.062520667,5.32E-09
2018/1/31,0.062520676,0.062520671,5.24E-09
2018/2/1,0.062520678,0.062520675,3.05E-09
2018/2/2,0.06252068,0.062520678,2.71E-09
2018/2/3,0.062520681,0.06252068,1.14E-09
2018/2/4,0.062520681,0.062520681,6.51E-10
2018/2/5,0.062520684,0.062520681,3.02E-09
2018/2/6,0.062520685,0.062520684,1.00E-09
2018/2/7,0.062520686,0.062520684,1.58E-09
2018/2/8,0.062520689,0.062520686,3.51E-09
2018/2/9,0.062520691,0.062520689,2.44E-09
2018/2/10,0.062520693,0.06252069,3.04E-09
2018/2/11,0.0625207,0.062520693,6.90E-09
2018/2/12,0.062520703,0.062520699,4.56E-09
2018/2/13,0.062520709,0.062520702,7.12E-09
2018/2/14,0.062520713,0.062520708,5.29E-09
2018/2/15,0.062520717,0.062520712,4.88E-09
2018/2/16,0.062520719,0.062520716,3.08E-09
2018/2/17,0.062520721,0.062520718,2.82E-09
2018/2/18,0.062520724,0.062520721,3.78E-09
2018/2/19,0.062520725,0.062520724,1.25E-09
2018/2/20,0.062520726,0.062520725,1.27E-09
2018/2/21,0.062520728,0.062520726,2.52E-09
2018/2/22,0.062520729,0.062520728,1.02E-09
2018/2/23,0.06252073,0.062520729,1.67E-09
2018/2/24,0.062520733,0.06252073,3.61E-09
2018/2/25,0.062520738,0.062520733,5.24E-09
2018/2/26,0.06252074,0.062520737,2.88E-09
2018/2/27,0.062520746,0.062520739,6.46E-09
2018/2/28,0.06252075,0.062520745,5.79E-09
2018/3/1,0.062520756,0.062520749,6.65E-09
2018/3/2,0.062520758,0.062520755,3.49E-09
2018/3/3,0.062520762,0.062520757,5.03E-09
2018/3/4,0.062520763,0.062520761,2.05E-09
2018/3/5,0.062520766,0.062520763,2.90E-09
2018/3/6,0.062520768,0.062520765,2.39E-09
2018/3/7,0.062520768,0.062520767,9.46E-10
2018/3/8,0.062520767,0.062520768,-4.13E-10
2018/3/9,0.06252077,0.062520768,2.26E-09
2018/3/10,0.062520772,0.062520769,2.42E-09
2018/3/11,0.062520775,0.062520771,4.12E-09
2018/3/12,0.06252078,0.062520775,4.93E-09
2018/3/13,0.062520781,0.062520779,2.31E-09
2018/3/14,0.062520787,0.06252078,6.81E-09
2018/3/15,0.062520792,0.062520786,6.25E-09
2018/3/16,0.062520798,0.062520791,7.29E-09
2018/3/17,0.062520803,0.062520797,6.10E-09
2018/3/18,0.062520805,0.062520802,3.73E-09
2018/3/19,0.062520808,0.062520805,2.83E-09
2018/3/20,0.062520812,0.062520807,4.99E-09
2018/3/21,0.062520814,0.062520811,3.02E-09
2018/3/22,0.062520816,0.062520813,2.20E-09
2018/3/23,0.062520815,0.062520815,1.47E-10
2018/3/24,0.062520819,0.062520815,3.42E-09
2018/3/25,0.062520822,0.062520818,4.22E-09
2018/3/26,0.062520824,0.062520821,2.64E-09
2018/3/27,0.062520825,0.062520824,1.65E-09
2018/3/28,0.062520832,0.062520825,6.99E-09
2018/3/29,0.062520837,0.062520831,5.98E-09
2018/3/30,0.062520841,0.062520835,5.74E-09
2018/3/31,0.062520845,0.06252084,5.56E-09
2018/4/1,0.062520846,0.062520844,1.72E-09
2018/4/2,0.062520851,0.062520846,4.89E-09
2018/4/3,0.062520855,0.06252085,5.31E-09
2018/4/4,0.062520858,0.062520854,4.44E-09
2018/4/5,0.06252086,0.062520857,2.28E-09
2018/4/6,0.062520861,0.062520859,1.59E-09
2018/4/7,0.062520861,0.06252086,8.78E-10
2018/4/8,0.062520864,0.062520861,2.59E-09
2018/4/9,0.062520866,0.062520863,2.48E-09
2018/4/10,0.06252087,0.062520865,4.95E-09
2018/4/11,0.062520871,0.062520869,2.02E-09
2018/4/12,0.062520875,0.062520871,4.27E-09
2018/4/13,0.062520882,0.062520874,7.37E-09
2018/4/14,0.062520886,0.06252088,5.98E-09
2018/4/15,0.062520892,0.062520885,6.55E-09
2018/4/16,0.062520895,0.06252089,5.14E-09
2018/4/17,0.062520897,0.062520894,2.63E-09
2018/4/18,0.062520903,0.062520896,7.05E-09
2018/4/19,0.062520906,0.062520902,3.77E-09
2018/4/20,0.062520909,0.062520905,4.15E-09
2018/4/21,0.062520912,0.062520908,3.92E-09
2018/4/22,0.062520912,0.062520912,5.02E-10
2018/4/23,0.062520916,0.062520912,4.20E-09
2018/4/24,0.062520919,0.062520915,3.15E-09
2018/4/25,0.062520922,0.062520918,3.95E-09
2018/4/26,0.062520925,0.062520921,4.41E-09
2018/4/27,0.062520926,0.062520925,1.52E-09
2018/4/28,0.062520932,0.062520926,6.15E-09
2018/4/29,0.062520937,0.062520931,5.96E-09
2018/4/30,0.06252094,0.062520936,4.77E-09
2018/5/1,0.062520945,0.062520939,5.52E-09
2018/5/2,0.062520948,0.062520944,4.62E-09
2018/5/3,0.06252095,0.062520947,2.12E-09
2018/5/4,0.062520954,0.062520949,5.05E-09
2018/5/5,0.062520956,0.062520953,2.77E-09
2018/5/6,0.06252096,0.062520955,4.73E-09
2018/5/7,0.062520961,0.062520959,1.55E-09
2018/5/8,0.062520963,0.06252096,3.04E-09
2018/5/9,0.062520967,0.062520963,4.45E-09
2018/5/10,0.06252097,0.062520967,3.49E-09
2018/5/11,0.062520971,0.062520969,1.98E-09
2018/5/12,0.062520979,0.062520971,7.92E-09
2018/5/13,0.062520983,0.062520977,5.24E-09
2018/5/14,0.062520989,0.062520981,7.14E-09
2018/5/15,0.062520992,0.062520987,4.58E-09
2018/5/16,0.062520997,0.062520991,6.00E-09
2018/5/17,0.062521001,0.062520996,5.05E-09
2018/5/18,0.062521005,0.062521,5.13E-09
2018/5/19,0.062521008,0.062521004,3.93E-09
2018/5/20,0.06252101,0.062521007,3.52E-09
2018/5/21,0.062521013,0.06252101,2.85E-09
2018/5/22,0.062521013,0.062521012,1.45E-09
2018/5/23,0.062521017,0.062521013,4.34E-09
2018/5/24,0.06252102,0.062521017,3.28E-09
2018/5/25,0.062521023,0.062521019,3.60E-09
2018/5/26,0.062521023,0.062521022,1.21E-09
2018/5/27,0.062521026,0.062521023,3.09E-09
2018/5/28,0.062521032,0.062521026,6.88E-09
2018/5/29,0.062521035,0.062521031,4.01E-09
2018/5/30,0.062521039,0.062521034,4.80E-09
2018/5/31,0.062521041,0.062521038,2.64E-09
2018/6/1,0.062521045,0.06252104,4.90E-09
2018/6/2,0.062521051,0.062521044,6.97E-09
2018/6/3,0.062521054,0.06252105,3.77E-09
2018/6/4,0.062521057,0.062521053,4.28E-09
2018/6/5,0.062521059,0.062521056,2.76E-09
2018/6/6,0.062521061,0.062521058,2.46E-09
2018/6/7,0.062521067,0.06252106,6.13E-09
2018/6/8,0.062521068,0.062521065,2.53E-09
2018/6/9,0.062521072,0.062521067,4.27E-09
2018/6/10,0.062521075,0.062521071,4.65E-09
2018/6/11,0.062521077,0.062521075,2.38E-09
2018/6/12,0.062521077,0.062521076,9.17E-10
2018/6/13,0.06252108,0.062521077,2.70E-09
2018/6/14,0.062521084,0.062521079,4.86E-09
2018/6/15,0.062521089,0.062521083,5.41E-09
2018/6/16,0.062521091,0.062521088,3.73E-09
2018/6/17,0.062521095,0.062521091,4.89E-09
2018/6/18,0.062521097,0.062521095,1.99E-09
2018/6/19,0.062521101,0.062521096,4.90E-09
2018/6/20,0.062521105,0.0625211,4.97E-09
2018/6/21,0.062521107,0.062521104,3.35E-09
2018/6/22,0.06252111,0.062521107,3.24E-09
2018/6/23,0.062521113,0.062521109,3.88E-09
2018/6/24,0.062521116,0.062521112,3.26E-09
2018/6/25,0.062521118,0.062521115,3.15E-09
2018/6/26,0.062521122,0.062521118,4.23E-09
2018/6/27,0.062521124,0.062521121,3.44E-09
2018/6/28,0.062521127,0.062521124,2.93E-09
2018/6/29,0.06252113,0.062521126,3.65E-09
2018/6/30,0.062521132,0.062521129,3.33E-09
2018/7/1,0.062521136,0.062521132,4.36E-09
2018/7/2,0.062521138,0.062521135,2.79E-09
2018/7/3,0.062521139,0.062521137,1.94E-09
2018/7/4,0.062521144,0.062521139,5.50E-09
2018/7/5,0.062521146,0.062521143,3.06E-09
2018/7/6,0.06252115,0.062521146,3.94E-09
2018/7/7,0.062521152,0.062521149,3.12E-09
2018/7/8,0.062521156,0.062521151,4.66E-09
2018/7/9,0.062521157,0.062521155,1.34E-09
2018/7/10,0.06252116,0.062521156,4.23E-09
2018/7/11,0.062521161,0.06252116,1.47E-09
2018/7/12,0.062521163,0.062521161,2.63E-09
2018/7/13,0.062521166,0.062521163,2.85E-09
2018/7/14,0.062521167,0.062521165,2.26E-09
2018/7/15,0.06252117,0.062521167,3.24E-09
2018/7/16,0.062521173,0.06252117,3.28E-09
2018/7/17,0.062521175,0.062521172,2.88E-09
2018/7/18,0.062521179,0.062521175,4.67E-09
2018/7/19,0.062521183,0.062521178,4.21E-09
2018/7/20,0.062521187,0.062521182,5.20E-09
2018/7/21,0.06252119,0.062521186,3.81E-09
2018/7/22,0.06252119,0.062521189,1.05E-09
2018/7/23,0.062521196,0.06252119,6.10E-09
2018/7/24,0.062521198,0.062521195,2.99E-09
2018/7/25,0.062521201,0.062521197,3.81E-09
2018/7/26,0.0625212,0.0625212,2.12E-10
2018/7/27,0.062521203,0.0625212,3.18E-09
2018/7/28,0.062521205,0.062521203,1.81E-09
2018/7/29,0.062521206,0.062521204,1.68E-09
2018/7/30,0.062521206,0.062521206,6.39E-10
2018/7/31,0.06252121,0.062521206,4.43E-09
2018/8/1,0.062521213,0.06252121,3.04E-09
2018/8/2,0.062521217,0.062521212,4.77E-09
2018/8/3,0.06252122,0.062521216,4.12E-09
2018/8/4,0.06252122,0.062521219,1.16E-09
2018/8/5,0.062521227,0.06252122,6.85E-09
2018/8/6,0.06252123,0.062521226,4.33E-09
2018/8/7,0.062521233,0.062521229,3.46E-09
2018/8/8,0.062521235,0.062521232,2.93E-09
2018/8/9,0.062521235,0.062521234,8.12E-10
2018/8/10,0.062521238,0.062521235,3.05E-09
2018/8/11,0.06252124,0.062521237,2.30E-09
2018/8/12,0.062521241,0.062521239,2.03E-09
2018/8/13,0.062521243,0.062521241,2.28E-09
2018/8/14,0.062521245,0.062521243,2.00E-09
2018/8/15,0.062521246,0.062521244,2.06E-09
2018/8/16,0.062521249,0.062521246,2.79E-09
2018/8/17,0.062521253,0.062521248,4.51E-09
2018/8/18,0.062521257,0.062521252,5.69E-09
2018/8/19,0.062521257,0.062521256,9.91E-10
2018/8/20,0.06252126,0.062521257,3.10E-09
2018/8/21,0.062521266,0.06252126,6.64E-09
2018/8/22,0.06252127,0.062521265,5.10E-09
2018/8/23,0.062521273,0.062521269,3.94E-09
2018/8/24,0.062521274,0.062521272,1.64E-09
2018/8/25,0.062521276,0.062521273,2.30E-09
2018/8/26,0.06252128,0.062521275,4.81E-09
2018/8/27,0.062521281,0.062521279,1.73E-09
2018/8/28,0.062521284,0.062521281,3.28E-09
2018/8/29,0.062521285,0.062521283,1.99E-09
2018/8/30,0.062521285,0.062521285,5.11E-10
2018/8/31,0.062521289,0.062521285,3.98E-09
2018/9/1,0.062521292,0.062521288,3.83E-09
2018/9/2,0.062521297,0.062521291,5.66E-09
2018/9/3,0.062521297,0.062521296,1.36E-09
2018/9/4,0.062521301,0.062521297,4.39E-09
2018/9/5,0.062521307,0.062521301,6.65E-09
2018/9/6,0.062521311,0.062521306,5.20E-09
2018/9/7,0.062521313,0.06252131,3.01E-09
2018/9/8,0.062521314,0.062521313,1.87E-09
2018/9/9,0.062521317,0.062521314,3.45E-09
2018/9/10,0.062521318,0.062521317,1.55E-09
2018/9/11,0.06252132,0.062521318,2.05E-09
2018/9/12,0.06252132,0.06252132,6.98E-10
2018/9/13,0.062521321,0.06252132,7.77E-10
2018/9/14,0.062521324,0.062521321,3.12E-09
2018/9/15,0.062521326,0.062521323,2.83E-09
2018/9/16,0.06252133,0.062521326,4.85E-09
2018/9/17,0.062521334,0.06252133,4.06E-09
2018/9/18,0.062521334,0.062521333,1.52E-09
2018/9/19,0.062521342,0.062521334,7.89E-09
2018/9/20,0.062521345,0.06252134,4.93E-09
2018/9/21,0.06252135,0.062521344,5.60E-09
2018/9/22,0.062521353,0.062521349,4.48E-09
2018/9/23,0.062521356,0.062521352,3.80E-09
2018/9/24,0.062521358,0.062521355,3.04E-09
2018/9/25,0.062521359,0.062521358,1.28E-09
2018/9/26,0.06252136,0.062521359,1.47E-09
2018/9/27,0.062521362,0.06252136,1.58E-09
2018/9/28,0.062521362,0.062521361,5.69E-10
2018/9/29,0.062521361,0.062521362,-6.55E-10
2018/9/30,0.062521366,0.062521361,4.98E-09
2018/10/1,0.062521369,0.062521365,3.39E-09
2018/10/2,0.062521373,0.062521368,4.97E-09
2018/10/3,0.062521376,0.062521372,4.38E-09
2018/10/4,0.062521382,0.062521375,6.26E-09
2018/10/5,0.062521383,0.062521381,2.38E-09
2018/10/6,0.062521389,0.062521382,6.74E-09
2018/10/7,0.062521394,0.062521388,6.22E-09
2018/10/8,0.062521399,0.062521393,5.73E-09
2018/10/9,0.062521398,0.062521397,8.02E-10
2018/10/10,0.0625214,0.062521398,2.28E-09
2018/10/11,0.062521402,0.0625214,2.34E-09
2018/10/12,0.062521404,0.062521402,1.90E-09
2018/10/13,0.062521406,0.062521403,2.50E-09
2018/10/14,0.062521407,0.062521405,1.44E-09
2018/10/15,0.062521409,0.062521406,2.27E-09
2018/10/16,0.062521411,0.062521408,3.16E-09
2018/10/17,0.062521416,0.062521411,5.12E-09
2018/10/18,0.062521422,0.062521415,7.59E-09
2018/10/19,0.062521425,0.062521421,4.05E-09
2018/10/20,0.06252143,0.062521424,5.65E-09
2018/10/21,0.062521433,0.062521429,4.36E-09
2018/10/22,0.062521438,0.062521432,5.64E-09
2018/10/23,0.062521442,0.062521437,5.52E-09
2018/10/24,0.062521445,0.062521441,3.72E-09
2018/10/25,0.062521448,0.062521444,3.40E-09
2018/10/26,0.062521448,0.062521447,9.01E-10
2018/10/27,0.062521449,0.062521448,1.04E-09
2018/10/28,0.062521449,0.062521448,9.85E-10
2018/10/29,0.062521451,0.062521449,2.26E-09
2018/10/30,0.062521453,0.062521451,1.79E-09
2018/10/31,0.062521454,0.062521452,1.41E-09
2018/11/1,0.062521458,0.062521454,4.45E-09
2018/11/2,0.062521461,0.062521457,4.28E-09
2018/11/3,0.062521467,0.062521461,6.82E-09
2018/11/4,0.062521471,0.062521466,5.25E-09
2018/11/5,0.062521479,0.06252147,8.64E-09
2018/11/6,0.062521479,0.062521477,1.64E-09
2018/11/7,0.062521484,0.062521478,6.01E-09
2018/11/8,0.062521488,0.062521483,5.00E-09
2018/11/9,0.06252149,0.062521487,3.07E-09
2018/11/10,0.062521492,0.06252149,1.92E-09
2018/11/11,0.062521495,0.062521491,3.35E-09
2018/11/12,0.062521495,0.062521494,8.93E-10
2018/11/13,0.062521497,0.062521495,1.87E-09
2018/11/14,0.062521499,0.062521496,3.23E-09
2018/11/15,0.062521501,0.062521499,2.42E-09
2018/11/16,0.062521505,0.062521501,4.45E-09
2018/11/17,0.062521507,0.062521504,2.63E-09
2018/11/18,0.062521513,0.062521506,6.17E-09
2018/11/19,0.062521519,0.062521511,7.76E-09
2018/11/20,0.062521524,0.062521518,6.01E-09
2018/11/21,0.062521525,0.062521522,2.03E-09
2018/11/22,0.062521531,0.062521524,6.59E-09
2018/11/23,0.062521533,0.062521529,3.78E-09
2018/11/24,0.062521536,0.062521532,4.03E-09
2018/11/25,0.062521539,0.062521536,3.15E-09
2018/11/26,0.062521539,0.062521538,9.08E-10
2018/11/27,0.06252154,0.062521539,1.38E-09
2018/11/28,0.062521541,0.06252154,1.59E-09
2018/11/29,0.062521544,0.062521541,2.51E-09
2018/11/30,0.062521546,0.062521543,2.76E-09
2018/12/1,0.062521546,0.062521545,6.29E-10
2018/12/2,0.062521551,0.062521546,5.50E-09
2018/12/3,0.062521556,0.06252155,5.19E-09
2018/12/4,0.062521561,0.062521555,6.68E-09
2018/12/5,0.062521562,0.06252156,1.91E-09
2018/12/6,0.062521568,0.062521561,6.23E-09
2018/12/7,0.062521572,0.062521566,5.83E-09
2018/12/8,0.062521577,0.062521571,5.39E-09
2018/12/9,0.062521579,0.062521575,4.03E-09
2018/12/10,0.062521583,0.062521579,4.29E-09
2018/12/11,0.062521583,0.062521582,5.40E-10
2018/12/12,0.062521585,0.062521582,2.11E-09
2018/12/13,0.062521587,0.062521584,2.43E-09
2018/12/14,0.062521588,0.062521586,2.20E-09
2018/12/15,0.062521588,0.062521588,-1.73E-10
2018/12/16,0.062521591,0.062521588,3.16E-09
2018/12/17,0.062521595,0.06252159,4.32E-09
2018/12/18,0.0625216,0.062521594,5.86E-09
2018/12/19,0.062521603,0.062521599,4.01E-09
2018/12/20,0.062521607,0.062521602,4.99E-09
2018/12/21,0.062521611,0.062521606,5.65E-09
2018/12/22,0.062521615,0.06252161,4.39E-09
2018/12/23,0.062521619,0.062521614,5.32E-09
2018/12/24,0.062521619,0.062521618,1.34E-09
2018/12/25,0.062521623,0.062521619,4.07E-09
2018/12/26,0.062521625,0.062521622,3.12E-09
2018/12/27,0.062521626,0.062521625,1.52E-09
2018/12/28,0.062521627,0.062521626,1.34E-09
2018/12/29,0.062521629,0.062521627,2.19E-09
2018/12/30,0.062521629,0.062521629,4.12E-10
2018/12/31,0.062521632,0.062521629,2.87E-09
2019/1/1,0.062521636,0.062521631,4.40E-09
2019/1/2,0.06252164,0.062521635,4.81E-09
2019/1/3,0.06252164,0.062521639,9.22E-10
2019/1/4,0.062521644,0.06252164,4.60E-09
2019/1/5,0.062521648,0.062521643,5.15E-09
2019/1/6,0.062521655,0.062521647,7.85E-09
2019/1/7,0.062521658,0.062521654,3.90E-09
2019/1/8,0.062521658,0.062521657,1.40E-09
2019/1/9,0.062521663,0.062521658,5.40E-09
2019/1/10,0.062521664,0.062521662,2.10E-09
2019/1/11,0.062521666,0.062521664,1.89E-09
2019/1/12,0.062521667,0.062521665,2.02E-09
2019/1/13,0.062521666,0.062521667,-1.20E-09
2019/1/14,0.062521668,0.062521666,1.47E-09
2019/1/15,0.06252167,0.062521667,2.32E-09
2019/1/16,0.062521673,0.062521669,3.44E-09
2019/1/17,0.062521675,0.062521672,2.97E-09
2019/1/18,0.062521676,0.062521674,2.00E-09
2019/1/19,0.062521681,0.062521676,5.47E-09
2019/1/20,0.062521685,0.06252168,5.05E-09
2019/1/21,0.062521688,0.062521684,3.86E-09
2019/1/22,0.06252169,0.062521687,2.85E-09
2019/1/23,0.062521695,0.06252169,5.26E-09
2019/1/24,0.062521698,0.062521694,3.87E-09
2019/1/25,0.062521701,0.062521697,3.54E-09
2019/1/26,0.062521702,0.0625217,1.85E-09
2019/1/27,0.062521703,0.062521701,1.23E-09
2019/1/28,0.062521705,0.062521702,2.42E-09
2019/1/29,0.062521706,0.062521704,1.74E-09
2019/1/30,0.062521709,0.062521706,2.85E-09
2019/1/31,0.062521708,0.062521708,1.01E-10
2019/2/1,0.062521711,0.062521708,3.47E-09
2019/2/2,0.062521715,0.062521711,4.50E-09
2019/2/3,0.06252172,0.062521714,5.11E-09
2019/2/4,0.062521724,0.062521719,5.62E-09
2019/2/5,0.062521727,0.062521723,3.64E-09
2019/2/6,0.062521727,0.062521726,8.14E-10
2019/2/7,0.062521732,0.062521727,5.71E-09
2019/2/8,0.062521735,0.062521731,3.27E-09
2019/2/9,0.062521738,0.062521734,4.45E-09
2019/2/10,0.06252174,0.062521737,2.11E-09
2019/2/11,0.062521741,0.062521739,2.33E-09
2019/2/12,0.062521741,0.062521741,3.68E-10
2019/2/13,0.062521743,0.062521741,2.30E-09
2019/2/14,0.062521745,0.062521743,2.36E-09
2019/2/15,0.062521748,0.062521745,2.89E-09
2019/2/16,0.06252175,0.062521747,2.77E-09
2019/2/17,0.062521753,0.06252175,3.68E-09
2019/2/18,0.062521753,0.062521752,8.40E-10
2019/2/19,0.062521758,0.062521753,4.45E-09
2019/2/20,0.062521762,0.062521757,4.93E-09
2019/2/21,0.062521763,0.062521761,2.72E-09
2019/2/22,0.062521769,0.062521763,6.30E-09
2019/2/23,0.062521772,0.062521768,4.31E-09
2019/2/24,0.062521772,0.062521771,7.31E-10
2019/2/25,0.062521773,0.062521772,1.56E-09
2019/2/26,0.062521776,0.062521773,2.98E-09
2019/2/27,0.062521778,0.062521776,1.98E-09
2019/2/28,0.06252178,0.062521777,2.93E-09
2019/3/1,0.06252178,0.06252178,9.08E-10
2019/3/2,0.062521782,0.06252178,2.17E-09
2019/3/3,0.062521787,0.062521782,4.86E-09
2019/3/4,0.062521786,0.062521786,5.09E-10
2019/3/5,0.06252179,0.062521786,3.78E-09
2019/3/6,0.062521793,0.062521789,3.95E-09
2019/3/7,0.062521796,0.062521793,3.25E-09
2019/3/8,0.062521801,0.062521795,5.67E-09
2019/3/9,0.062521803,0.0625218,3.30E-09
2019/3/10,0.062521804,0.062521802,1.61E-09
2019/3/11,0.062521809,0.062521804,5.15E-09
2019/3/12,0.062521811,0.062521808,3.59E-09
2019/3/13,0.062521815,0.062521811,4.40E-09
2019/3/14,0.062521815,0.062521814,4.19E-10
2019/3/15,0.062521817,0.062521814,2.47E-09
2019/3/16,0.062521821,0.062521816,4.79E-09
2019/3/17,0.062521823,0.06252182,2.23E-09
2019/3/18,0.062521822,0.062521822,6.63E-11
2019/3/19,0.062521826,0.062521822,4.08E-09
2019/3/20,0.062521829,0.062521825,3.23E-09
2019/3/21,0.062521831,0.062521828,3.33E-09
2019/3/22,0.062521835,0.062521831,4.62E-09
2019/3/23,0.062521838,0.062521834,3.64E-09
2019/3/24,0.062521839,0.062521837,1.31E-09
2019/3/25,0.062521843,0.062521838,4.84E-09
2019/3/26,0.062521847,0.062521842,4.42E-09
2019/3/27,0.06252185,0.062521846,4.32E-09
2019/3/28,0.062521852,0.062521849,2.64E-09
2019/3/29,0.062521853,0.062521851,1.26E-09
2019/3/30,0.062521857,0.062521852,4.37E-09
2019/3/31,0.06252186,0.062521856,3.77E-09
2019/4/1,0.062521862,0.062521859,3.21E-09
2019/4/2,0.062521862,0.062521861,2.57E-10
2019/4/3,0.062521866,0.062521862,3.96E-09
2019/4/4,0.062521869,0.062521865,3.78E-09
2019/4/5,0.06252187,0.062521868,2.07E-09
2019/4/6,0.062521871,0.062521869,1.76E-09
2019/4/7,0.062521877,0.062521871,6.19E-09
2019/4/8,0.062521881,0.062521876,5.43E-09
2019/4/9,0.062521882,0.06252188,1.63E-09
2019/4/10,0.062521887,0.062521881,5.86E-09
2019/4/11,0.062521892,0.062521886,6.18E-09
2019/4/12,0.062521897,0.062521891,5.57E-09
2019/4/13,0.062521899,0.062521896,3.68E-09
2019/4/14,0.0625219,0.062521899,1.36E-09
2019/4/15,0.062521906,0.0625219,6.29E-09
2019/4/16,0.062521908,0.062521905,3.63E-09
2019/4/17,0.062521912,0.062521908,4.24E-09
2019/4/18,0.062521913,0.062521911,2.23E-09
2019/4/19,0.062521913,0.062521913,8.00E-12
2019/4/20,0.062521917,0.062521913,4.35E-09
2019/4/21,0.062521918,0.062521916,1.81E-09
2019/4/22,0.062521922,0.062521918,4.59E-09
2019/4/23,0.062521923,0.062521921,1.81E-09
2019/4/24,0.062521924,0.062521923,9.04E-10
2019/4/25,0.062521928,0.062521924,4.90E-09
2019/4/26,0.062521932,0.062521928,4.86E-09
2019/4/27,0.062521938,0.062521931,6.06E-09
2019/4/28,0.062521942,0.062521936,5.37E-09
2019/4/29,0.062521941,0.062521941,3.44E-10
2019/4/30,0.062521947,0.062521941,6.10E-09
2019/5/1,0.06252195,0.062521946,4.09E-09
2019/5/2,0.062521952,0.062521949,2.89E-09
2019/5/3,0.062521953,0.062521951,1.61E-09
2019/5/4,0.062521956,0.062521953,3.69E-09
2019/5/5,0.062521959,0.062521956,3.13E-09
2019/5/6,0.062521961,0.062521958,3.41E-09
2019/5/7,0.062521961,0.062521961,4.71E-10
2019/5/8,0.062521965,0.062521961,3.57E-09
2019/5/9,0.062521969,0.062521964,5.12E-09
2019/5/10,0.062521973,0.062521968,5.00E-09
2019/5/11,0.062521976,0.062521972,4.01E-09
2019/5/12,0.062521979,0.062521975,3.66E-09
2019/5/13,0.062521983,0.062521978,4.45E-09
2019/5/14,0.062521988,0.062521982,6.11E-09
2019/5/15,0.062521994,0.062521987,7.34E-09
2019/5/16,0.062521998,0.062521993,5.72E-09
2019/5/17,0.062522001,0.062521997,3.56E-09
2019/5/18,0.062522005,0.062522,4.95E-09
2019/5/19,0.062522006,0.062522004,2.33E-09
2019/5/20,0.062522006,0.062522006,5.24E-10
2019/5/21,0.062522008,0.062522006,1.89E-09
2019/5/22,0.06252201,0.062522008,2.22E-09
2019/5/23,0.062522011,0.06252201,1.85E-09
2019/5/24,0.062522014,0.062522011,3.20E-09
2019/5/25,0.062522017,0.062522014,3.18E-09
2019/5/26,0.062522018,0.062522016,1.46E-09
2019/5/27,0.062522024,0.062522017,6.75E-09
2019/5/28,0.062522029,0.062522023,5.89E-09
2019/5/29,0.062522033,0.062522028,5.36E-09
2019/5/30,0.062522034,0.062522032,2.04E-09
2019/5/31,0.06252204,0.062522033,6.49E-09
2019/6/1,0.062522043,0.062522039,4.74E-09
2019/6/2,0.062520575,0.062522042,-1.47E-06
2019/6/3,0.062520587,0.062520833,-2.46E-07
2019/6/4,0.06252059,0.062520666,-7.54E-08
2019/6/5,0.062520589,0.062520609,-2.01E-08
2019/6/6,0.062520592,0.062520595,-2.83E-09
2019/6/7,0.062520593,0.062520593,4.27E-10
2019/6/8,0.062520595,0.062520593,2.12E-09
2019/6/9,0.0625206,0.062520595,4.57E-09
2019/6/10,0.062520603,0.062520599,4.08E-09
2019/6/11,0.062520607,0.062520602,4.58E-09
2019/6/12,0.062520612,0.062520606,6.40E-09
2019/6/13,0.062520612,0.062520611,1.27E-09
2019/6/14,0.062520618,0.062520612,6.59E-09
2019/6/15,0.062520621,0.062520617,4.33E-09
2019/6/16,0.062520624,0.062520621,3.54E-09
2019/6/17,0.062520627,0.062520623,3.71E-09
2019/6/18,0.062520627,0.062520626,1.08E-09
2019/6/19,0.062520626,0.062520627,-1.13E-09
2019/6/20,0.062520627,0.062520626,1.07E-09
2019/6/21,0.062520629,0.062520627,1.42E-09
2019/6/22,0.06252063,0.062520628,1.39E-09
2019/6/23,0.062520632,0.062520629,2.87E-09
2019/6/24,0.062520634,0.062520632,2.59E-09
2019/6/25,0.062520638,0.062520634,3.88E-09
2019/6/26,0.062520638,0.062520637,6.07E-10
2019/6/27,0.062520643,0.062520637,5.26E-09
2019/6/28,0.062520649,0.062520642,6.81E-09
2019/6/29,0.062520653,0.062520647,5.47E-09
2019/6/30,0.062520657,0.062520652,5.59E-09
2019/7/1,0.062520659,0.062520656,3.03E-09
2019/7/2,0.062520659,0.062520658,2.68E-10
2019/7/3,0.062520661,0.062520659,2.30E-09
2019/7/4,0.062520664,0.06252066,3.11E-09
2019/7/5,0.062520664,0.062520663,1.50E-09
2019/7/6,0.062520665,0.062520664,5.31E-10
2019/7/7,0.062520664,0.062520665,-5.34E-10
2019/7/8,0.062520664,0.062520664,1.29E-10
2019/7/9,0.06252067,0.062520664,5.33E-09
2019/7/10,0.062520672,0.062520669,3.86E-09
2019/7/11,0.062520676,0.062520672,4.58E-09
2019/7/12,0.06252068,0.062520675,4.67E-09
2019/7/13,0.062520686,0.062520679,7.13E-09
2019/7/14,0.062520686,0.062520685,1.27E-09
2019/7/15,0.062520691,0.062520686,5.21E-09
2019/7/16,0.062520695,0.06252069,4.81E-09
2019/7/17,0.062520696,0.062520694,2.06E-09
2019/7/18,0.062520696,0.062520695,5.14E-10
2019/7/19,0.062520698,0.062520696,2.49E-09
2019/7/20,0.062520698,0.062520698,1.63E-10
2019/7/21,0.062520698,0.062520698,1.32E-10
2019/7/22,0.062520699,0.062520698,5.87E-10
2019/7/23,0.0625207,0.062520699,1.30E-09
2019/7/24,0.0625207,0.0625207,4.54E-10
2019/7/25,0.062520704,0.0625207,3.60E-09
2019/7/26,0.062520709,0.062520703,6.49E-09
2019/7/27,0.062520711,0.062520708,3.03E-09
2019/7/28,0.062520716,0.062520711,5.75E-09
2019/7/29,0.062520722,0.062520715,6.54E-09
2019/7/30,0.062520725,0.062520721,4.47E-09
2019/7/31,0.062520727,0.062520724,3.02E-09
2019/8/1,0.062520729,0.062520726,2.73E-09
2019/8/2,0.06252073,0.062520729,9.21E-10
2019/8/3,0.062520731,0.062520729,1.31E-09
2019/8/4,0.062520732,0.06252073,1.28E-09
2019/8/5,0.062520732,0.062520731,3.80E-10
2019/8/6,0.062520731,0.062520732,-8.28E-10
2019/8/7,0.062520733,0.062520731,2.17E-09
2019/8/8,0.062520735,0.062520733,2.35E-09
2019/8/9,0.062520738,0.062520735,3.73E-09
2019/8/10,0.062520742,0.062520738,3.81E-09
2019/8/11,0.062520746,0.062520741,5.15E-09
2019/8/12,0.06252075,0.062520745,5.39E-09
2019/8/13,0.062520754,0.062520749,5.13E-09
2019/8/14,0.062520755,0.062520753,1.38E-09
2019/8/15,0.062520758,0.062520754,3.50E-09
2019/8/16,0.062520762,0.062520757,4.34E-09
2019/8/17,0.062520764,0.062520761,3.20E-09
2019/8/18,0.062520764,0.062520763,7.55E-10
2019/8/19,0.062520765,0.062520764,1.19E-09
2019/8/20,0.062520765,0.062520765,-1.30E-10
2019/8/21,0.062520765,0.062520765,8.55E-11
2019/8/22,0.062520767,0.062520765,2.04E-09
2019/8/23,0.062520768,0.062520766,1.29E-09
2019/8/24,0.06252077,0.062520768,2.15E-09
2019/8/25,0.062520773,0.062520769,4.25E-09
2019/8/26,0.062520777,0.062520773,4.59E-09
2019/8/27,0.062520781,0.062520776,4.84E-09
2019/8/28,0.062520784,0.06252078,3.40E-09
2019/8/29,0.062520788,0.062520783,5.21E-09
2019/8/30,0.062520791,0.062520787,4.01E-09
2019/8/31,0.062520796,0.06252079,5.31E-09
2019/9/1,0.062520797,0.062520795,1.98E-09
2019/9/2,0.062520799,0.062520796,2.72E-09
2019/9/3,0.062520799,0.062520798,3.20E-10
2019/9/4,0.0625208,0.062520799,1.06E-09
2019/9/5,0.062520801,0.062520799,1.98E-09
2019/9/6,0.062520802,0.062520801,1.11E-09
2019/9/7,0.062520802,0.062520802,1.68E-11
2019/9/8,0.062520805,0.062520802,3.01E-09
2019/9/9,0.062520808,0.062520804,3.93E-09
2019/9/10,0.062520813,0.062520808,5.63E-09
2019/9/11,0.062520818,0.062520812,5.67E-09
2019/9/12,0.062520823,0.062520817,5.89E-09
2019/9/13,0.062520823,0.062520821,1.60E-09
2019/9/14,0.062520828,0.062520823,5.00E-09
2019/9/15,0.062520831,0.062520827,4.35E-09
2019/9/16,0.062520833,0.06252083,3.06E-09
2019/9/17,0.062520833,0.062520833,5.49E-10
2019/9/18,0.062520835,0.062520833,2.15E-09
2019/9/19,0.062520836,0.062520835,8.66E-10
2019/9/20,0.062520836,0.062520835,1.03E-09
2019/9/21,0.062520837,0.062520836,1.21E-09
2019/9/22,0.062520838,0.062520837,1.24E-09
2019/9/23,0.06252084,0.062520838,1.99E-09
2019/9/24,0.062520845,0.06252084,4.72E-09
2019/9/25,0.062520848,0.062520844,4.24E-09
2019/9/26,0.062520854,0.062520847,6.46E-09
2019/9/27,0.062520855,0.062520852,2.50E-09
2019/9/28,0.062520859,0.062520854,5.22E-09
2019/9/29,0.062520864,0.062520858,5.56E-09
2019/9/30,0.062520866,0.062520863,3.54E-09
2019/10/1,0.06252087,0.062520866,4.25E-09
2019/10/2,0.062520872,0.062520869,2.79E-09
2019/10/3,0.062520872,0.062520871,5.87E-10
2019/10/4,0.062520874,0.062520872,2.63E-09
2019/10/5,0.062520875,0.062520874,1.39E-09
2019/10/6,0.062520878,0.062520875,2.63E-09
2019/10/7,0.062520878,0.062520877,8.83E-10
2019/10/8,0.062520881,0.062520878,3.42E-09
2019/10/9,0.062520884,0.062520881,3.82E-09
2019/10/10,0.062520888,0.062520884,4.57E-09
2019/10/11,0.062520892,0.062520887,4.53E-09
2019/10/12,0.062520899,0.062520891,7.50E-09
2019/10/13,0.062520899,0.062520897,1.55E-09
2019/10/14,0.062520901,0.062520898,3.29E-09
2019/10/15,0.062520907,0.062520901,5.85E-09
2019/10/16,0.062520909,0.062520906,3.11E-09
2019/10/17,0.062520912,0.062520908,4.00E-09
2019/10/18,0.062520914,0.062520911,2.78E-09
2019/10/19,0.062520915,0.062520913,1.73E-09
2019/10/20,0.062520917,0.062520915,2.39E-09
2019/10/21,0.062520917,0.062520917,4.56E-10
2019/10/22,0.062520918,0.062520917,1.37E-09
2019/10/23,0.062520922,0.062520918,4.06E-09
2019/10/24,0.062520925,0.062520922,3.16E-09
2019/10/25,0.062520929,0.062520924,4.54E-09
2019/10/26,0.062520932,0.062520928,4.47E-09
2019/10/27,0.062520937,0.062520931,6.00E-09
2019/10/28,0.062520943,0.062520936,6.71E-09
2019/10/29,0.062520944,0.062520942,2.08E-09
2019/10/30,0.062520948,0.062520943,4.67E-09
2019/10/31,0.062520954,0.062520947,6.74E-09
2019/11/1,0.062520956,0.062520952,3.26E-09
2019/11/2,0.062520957,0.062520955,2.01E-09
2019/11/3,0.062520959,0.062520956,2.52E-09
2019/11/4,0.062520962,0.062520959,3.08E-09
2019/11/5,0.062520964,0.062520961,3.37E-09
2019/11/6,0.062520966,0.062520964,2.34E-09
2019/11/7,0.062520967,0.062520966,1.03E-09
2019/11/8,0.062520969,0.062520966,3.06E-09
2019/11/9,0.062520972,0.062520969,3.38E-09
2019/11/10,0.062520975,0.062520972,3.39E-09
2019/11/11,0.062520982,0.062520974,7.24E-09
2019/11/12,0.062520984,0.06252098,4.06E-09
2019/11/13,0.062520989,0.062520983,5.65E-09
2019/11/14,0.062520992,0.062520988,4.27E-09
2019/11/15,0.062520995,0.062520991,3.86E-09
2019/11/16,0.062520998,0.062520994,3.76E-09
2019/11/17,0.062521002,0.062520997,4.09E-09
2019/11/18,0.062521005,0.062521001,4.54E-09
2019/11/19,0.062521008,0.062521004,3.34E-09
2019/11/20,0.062521008,0.062521007,1.49E-09
2019/11/21,0.06252101,0.062521008,2.23E-09
2019/11/22,0.062521014,0.06252101,3.94E-09
2019/11/23,0.062521017,0.062521013,3.80E-09
2019/11/24,0.06252102,0.062521016,3.96E-09
2019/11/25,0.062521024,0.062521019,4.41E-09
2019/11/26,0.062521025,0.062521023,1.87E-09
2019/11/27,0.062521031,0.062521024,6.30E-09
2019/11/28,0.062521035,0.06252103,5.32E-09
2019/11/29,0.062521038,0.062521034,4.66E-09
2019/11/30,0.062521039,0.062521037,1.95E-09
2019/12/1,0.062521044,0.062521039,5.14E-09
2019/12/2,0.062521048,0.062521043,5.18E-09
2019/12/3,0.062521051,0.062521047,3.32E-09
2019/12/4,0.062521054,0.06252105,3.80E-09
2019/12/5,0.062521055,0.062521053,2.07E-09
2019/12/6,0.062521056,0.062521055,1.85E-09
2019/12/7,0.062521059,0.062521056,2.79E-09
2019/12/8,0.062521061,0.062521058,2.41E-09
2019/12/9,0.062521061,0.06252106,8.52E-10
2019/12/10,0.062521066,0.062521061,4.88E-09
2019/12/11,0.062521069,0.062521065,3.62E-09
2019/12/12,0.062521073,0.062521068,4.86E-09
2019/12/13,0.062521074,0.062521072,1.90E-09
2019/12/14,0.062521078,0.062521073,4.44E-09
2019/12/15,0.062521082,0.062521077,5.10E-09
2019/12/16,0.062521084,0.062521081,3.23E-09
2019/12/17,0.062521088,0.062521083,4.79E-09
2019/12/18,0.062521092,0.062521087,4.47E-09
2019/12/19,0.062521092,0.062521091,8.96E-10
2019/12/20,0.062521096,0.062521092,4.28E-09
2019/12/21,0.062521098,0.062521095,3.36E-09
2019/12/22,0.0625211,0.062521098,2.00E-09
2019/12/23,0.062521102,0.062521099,3.09E-09
2019/12/24,0.062521104,0.062521102,2.16E-09
2019/12/25,0.062521106,0.062521104,2.63E-09
2019/12/26,0.062521107,0.062521106,1.08E-09
2019/12/27,0.06252111,0.062521106,3.54E-09
2019/12/28,0.062521113,0.062521109,4.05E-09
2019/12/29,0.062521116,0.062521113,3.79E-09
2019/12/30,0.06252112,0.062521116,4.38E-09
2019/12/31,0.062521124,0.062521119,5.05E-09
2020/1/1,0.062521124,0.062521123,7.26E-10
2020/1/2,0.062521127,0.062521124,3.65E-09
2020/1/3,0.062521131,0.062521127,4.02E-09
2020/1/4,0.062521133,0.06252113,2.58E-09
2020/1/5,0.062521136,0.062521132,3.52E-09
2020/1/6,0.062521138,0.062521135,2.90E-09
2020/1/7,0.062521138,0.062521137,7.64E-10
2020/1/8,0.062521141,0.062521138,3.65E-09
2020/1/9,0.062521142,0.062521141,1.73E-09
2020/1/10,0.062521145,0.062521142,2.74E-09
2020/1/11,0.062521148,0.062521144,3.40E-09
2020/1/12,0.06252115,0.062521147,3.39E-09
2020/1/13,0.062521152,0.06252115,2.11E-09
2020/1/14,0.062521155,0.062521151,4.03E-09
2020/1/15,0.062521159,0.062521155,4.03E-09
2020/1/16,0.062521161,0.062521158,2.94E-09
2020/1/17,0.062521164,0.06252116,3.67E-09
2020/1/18,0.062521166,0.062521163,2.75E-09
2020/1/19,0.062521169,0.062521165,4.02E-09
2020/1/20,0.062521172,0.062521169,3.68E-09
2020/1/21,0.062521173,0.062521172,1.74E-09
2020/1/22,0.062521175,0.062521173,1.57E-09
2020/1/23,0.062521177,0.062521174,2.57E-09
2020/1/24,0.062521179,0.062521176,3.10E-09
2020/1/25,0.062521181,0.062521179,1.83E-09
2020/1/26,0.062521182,0.06252118,1.44E-09
2020/1/27,0.062521184,0.062521181,2.41E-09
2020/1/28,0.062521186,0.062521183,2.38E-09
2020/1/29,0.062521188,0.062521185,3.12E-09
2020/1/30,0.062521193,0.062521188,4.82E-09
2020/1/31,0.062521197,0.062521192,4.89E-09
2020/2/1,0.062521199,0.062521196,2.92E-09
2020/2/2,0.062521204,0.062521198,5.81E-09
2020/2/3,0.062521207,0.062521203,4.26E-09
2020/2/4,0.062521208,0.062521206,2.28E-09
2020/2/5,0.06252121,0.062521208,1.88E-09
2020/2/6,0.062521213,0.062521209,3.87E-09
2020/2/7,0.062521215,0.062521212,2.71E-09
2020/2/8,0.062521217,0.062521215,1.94E-09
2020/2/9,0.062521218,0.062521216,2.28E-09
2020/2/10,0.062521219,0.062521218,1.30E-09
2020/2/11,0.062521222,0.062521219,3.51E-09
2020/2/12,0.062521225,0.062521222,3.60E-09
2020/2/13,0.062521228,0.062521225,3.07E-09
2020/2/14,0.062521229,0.062521227,1.74E-09
2020/2/15,0.062521234,0.062521229,5.60E-09
2020/2/16,0.062521237,0.062521233,3.84E-09
2020/2/17,0.06252124,0.062521236,4.11E-09
2020/2/18,0.062521244,0.062521239,4.99E-09
2020/2/19,0.062521245,0.062521243,1.71E-09
2020/2/20,0.062521249,0.062521245,4.24E-09
2020/2/21,0.062521252,0.062521248,3.36E-09
2020/2/22,0.062521255,0.062521251,4.14E-09
2020/2/23,0.062521256,0.062521254,1.48E-09
2020/2/24,0.062521255,0.062521255,4.83E-12
2020/2/25,0.06252126,0.062521255,4.99E-09
2020/2/26,0.06252126,0.062521259,3.92E-10
2020/2/27,0.062521262,0.06252126,2.39E-09
2020/2/28,0.062521266,0.062521262,4.03E-09
2020/2/29,0.062521266,0.062521265,1.27E-09
2020/3/1,0.06252127,0.062521266,4.18E-09
2020/3/2,0.062521275,0.062521269,5.99E-09
2020/3/3,0.06252128,0.062521274,5.81E-09
2020/3/4,0.062521283,0.062521279,4.51E-09
2020/3/5,0.062521282,0.062521282,-6.02E-10
2020/3/6,0.062521287,0.062521282,5.66E-09
2020/3/7,0.062521291,0.062521286,4.93E-09
2020/3/8,0.062521291,0.06252129,9.11E-10
2020/3/9,0.062521294,0.062521291,3.40E-09
2020/3/10,0.062521297,0.062521294,3.26E-09
2020/3/11,0.0625213,0.062521296,3.32E-09
2020/3/12,0.062521302,0.062521299,3.32E-09
2020/3/13,0.062521305,0.062521302,3.33E-09
2020/3/14,0.062521304,0.062521304,-1.27E-10
2020/3/15,0.062521308,0.062521304,3.97E-09
2020/3/16,0.062521309,0.062521307,1.85E-09
2020/3/17,0.062521313,0.062521309,4.33E-09
2020/3/18,0.062521315,0.062521312,2.24E-09
2020/3/19,0.062521318,0.062521314,3.75E-09
2020/3/20,0.062521322,0.062521317,5.12E-09
2020/3/21,0.062521327,0.062521321,5.49E-09
2020/3/22,0.062521331,0.062521326,5.02E-09
2020/3/23,0.062521334,0.06252133,3.96E-09
2020/3/24,0.062521336,0.062521333,2.58E-09
2020/3/25,0.062521336,0.062521335,1.31E-09
2020/3/26,0.06252134,0.062521336,4.00E-09
2020/3/27,0.062521341,0.062521339,2.15E-09
2020/3/28,0.062521342,0.062521341,1.50E-09
2020/3/29,0.062521347,0.062521342,4.40E-09
2020/3/30,0.062521346,0.062521346,6.73E-10
2020/3/31,0.062521352,0.062521346,5.75E-09
2020/4/1,0.062521353,0.062521351,1.90E-09
2020/4/2,0.062521356,0.062521352,3.81E-09
2020/4/3,0.062521362,0.062521355,6.83E-09
2020/4/4,0.062521364,0.062521361,3.24E-09
2020/4/5,0.062521367,0.062521364,3.48E-09
2020/4/6,0.062521373,0.062521366,6.93E-09
2020/4/7,0.062521375,0.062521372,2.81E-09
2020/4/8,0.062521378,0.062521374,3.69E-09
2020/4/9,0.06252138,0.062521377,2.75E-09
2020/4/10,0.062521382,0.062521379,2.88E-09
2020/4/11,0.062521384,0.062521382,2.80E-09
2020/4/12,0.062521387,0.062521384,3.18E-09
2020/4/13,0.062521388,0.062521386,1.69E-09
2020/4/14,0.062521392,0.062521388,4.61E-09
2020/4/15,0.062521393,0.062521391,1.61E-09
2020/4/16,0.062521397,0.062521393,4.80E-09
2020/4/17,0.062521402,0.062521397,5.38E-09
2020/4/18,0.062521405,0.062521401,4.03E-09
2020/4/19,0.062521407,0.062521404,2.67E-09
2020/4/20,0.062521411,0.062521406,5.02E-09
2020/4/21,0.062521415,0.06252141,4.63E-09
2020/4/22,0.06252142,0.062521414,6.44E-09
2020/4/23,0.062521422,0.062521419,2.77E-09
2020/4/24,0.062521425,0.062521421,4.13E-09
2020/4/25,0.062521426,0.062521425,1.49E-09
2020/4/26,0.06252143,0.062521426,3.70E-09
2020/4/27,0.062521432,0.062521429,3.30E-09
2020/4/28,0.062521432,0.062521431,6.46E-10
2020/4/29,0.062521435,0.062521432,2.81E-09
2020/4/30,0.062521438,0.062521434,4.17E-09
2020/5/1,0.062521441,0.062521438,3.20E-09
2020/5/2,0.062521446,0.06252144,6.03E-09
2020/5/3,0.062521449,0.062521445,3.97E-09
2020/5/4,0.062521455,0.062521448,6.39E-09
2020/5/5,0.062521456,0.062521453,2.79E-09
2020/5/6,0.062521461,0.062521455,5.07E-09
2020/5/7,0.062521466,0.06252146,6.46E-09
2020/5/8,0.062521467,0.062521465,1.78E-09
2020/5/9,0.062521471,0.062521466,5.29E-09
2020/5/10,0.062521472,0.06252147,1.54E-09
2020/5/11,0.062521474,0.062521472,2.30E-09
2020/5/12,0.062521474,0.062521473,6.53E-10
2020/5/13,0.062521479,0.062521474,4.56E-09
2020/5/14,0.062521478,0.062521478,1.13E-10
2020/5/15,0.062521482,0.062521478,4.14E-09
2020/5/16,0.062521485,0.062521481,4.27E-09
2020/5/17,0.062521486,0.062521485,1.89E-09
2020/5/18,0.062521492,0.062521486,6.07E-09
2020/5/19,0.062521496,0.062521491,5.36E-09
2020/5/20,0.062521498,0.062521495,3.11E-09
2020/5/21,0.062521501,0.062521498,3.82E-09
2020/5/22,0.062521505,0.062521501,4.39E-09
2020/5/23,0.062521508,0.062521504,3.52E-09
2020/5/24,0.062521512,0.062521507,5.18E-09
2020/5/25,0.062521514,0.062521511,2.53E-09
2020/5/26,0.062521515,0.062521513,2.11E-09
2020/5/27,0.062521516,0.062521515,1.56E-09
2020/5/28,0.062521522,0.062521516,5.39E-09
2020/5/29,0.062521523,0.062521521,2.60E-09
2020/5/30,0.062521523,0.062521523,4.94E-10
2020/5/31,0.062521527,0.062521523,4.36E-09
2020/6/1,0.062521532,0.062521527,5.14E-09
2020/6/2,0.062521534,0.062521531,3.36E-09
2020/6/3,0.06252154,0.062521533,6.30E-09
2020/6/4,0.062521542,0.062521538,3.96E-09
2020/6/5,0.062521544,0.062521542,2.46E-09
2020/6/6,0.062521547,0.062521543,3.80E-09
2020/6/7,0.062521553,0.062521547,5.97E-09
2020/6/8,0.062521553,0.062521551,1.75E-09
2020/6/9,0.062521555,0.062521553,2.28E-09
2020/6/10,0.062521556,0.062521555,1.29E-09
2020/6/11,0.06252156,0.062521556,4.03E-09
2020/6/12,0.06252156,0.062521559,1.11E-09
2020/6/13,0.062521564,0.06252156,3.91E-09
2020/6/14,0.062521564,0.062521563,1.63E-09
2020/6/15,0.062521566,0.062521564,2.30E-09
2020/6/16,0.062521569,0.062521566,3.34E-09
2020/6/17,0.062521574,0.062521569,4.98E-09
2020/6/18,0.062521576,0.062521573,3.24E-09
2020/6/19,0.062521582,0.062521575,6.28E-09
2020/6/20,0.062521585,0.06252158,4.21E-09
2020/6/21,0.062521587,0.062521584,2.90E-09
2020/6/22,0.062521587,0.062521586,1.33E-09
2020/6/23,0.06252159,0.062521587,2.70E-09
2020/6/24,0.062521593,0.062521589,3.56E-09
2020/6/25,0.062521593,0.062521592,1.19E-09
2020/6/26,0.062521595,0.062521593,2.08E-09
2020/6/27,0.062521596,0.062521595,1.38E-09
2020/6/28,0.062521598,0.062521596,1.82E-09
2020/6/29,0.062521599,0.062521597,2.18E-09
2020/6/30,0.062521604,0.062521599,5.16E-09
2020/7/1,0.062521606,0.062521603,3.05E-09
2020/7/2,0.062521607,0.062521606,1.57E-09
2020/7/3,0.062521611,0.062521607,4.32E-09
2020/7/4,0.062521614,0.06252161,3.55E-09
2020/7/5,0.062521618,0.062521613,5.07E-09
2020/7/6,0.062521621,0.062521617,4.10E-09
2020/7/7,0.062521623,0.062521621,2.24E-09
2020/7/8,0.062521625,0.062521622,3.18E-09
2020/7/9,0.062521626,0.062521625,8.95E-10
2020/7/10,0.062521627,0.062521626,1.80E-09
2020/7/11,0.062521629,0.062521627,1.89E-09
2020/7/12,0.062521632,0.062521629,3.41E-09
2020/7/13,0.062521634,0.062521631,2.27E-09
2020/7/14,0.062521634,0.062521633,1.31E-09
2020/7/15,0.062521638,0.062521634,3.56E-09
2020/7/16,0.062521638,0.062521637,1.48E-09
2020/7/17,0.062521642,0.062521638,3.46E-09
2020/7/18,0.062521645,0.062521641,4.40E-09
2020/7/19,0.06252165,0.062521645,5.83E-09
2020/7/20,0.062521652,0.062521649,2.96E-09
2020/7/21,0.062521652,0.062521652,4.20E-10
2020/7/22,0.062521656,0.062521652,4.20E-09
2020/7/23,0.062521658,0.062521655,2.26E-09
2020/7/24,0.06252166,0.062521657,3.01E-09
2020/7/25,0.06252166,0.062521659,8.40E-10
2020/7/26,0.062521663,0.06252166,3.12E-09
2020/7/27,0.062521664,0.062521663,1.13E-09
2020/7/28,0.062521666,0.062521664,2.72E-09
2020/7/29,0.062521668,0.062521666,2.47E-09
2020/7/30,0.062521671,0.062521668,3.73E-09
2020/7/31,0.062521673,0.062521671,1.93E-09
2020/8/1,0.062521677,0.062521672,4.58E-09
2020/8/2,0.062521679,0.062521676,2.64E-09
2020/8/3,0.062521683,0.062521678,5.07E-09
2020/8/4,0.062521687,0.062521682,4.97E-09
2020/8/5,0.062521688,0.062521686,1.98E-09
2020/8/6,0.062521689,0.062521688,1.01E-09
2020/8/7,0.062521691,0.062521688,2.95E-09
2020/8/8,0.062521694,0.062521691,3.19E-09
2020/8/9,0.062521697,0.062521693,3.58E-09
2020/8/10,0.062521699,0.062521696,2.67E-09
2020/8/11,0.062521699,0.062521698,9.87E-10
2020/8/12,0.062521702,0.062521699,2.94E-09
2020/8/13,0.062521703,0.062521702,1.63E-09
2020/8/14,0.062521708,0.062521703,5.51E-09
2020/8/15,0.062521709,0.062521707,1.57E-09
2020/8/16,0.062521711,0.062521709,2.21E-09
2020/8/17,0.062521716,0.06252171,6.01E-09
2020/8/18,0.062521718,0.062521715,2.66E-09
2020/8/19,0.062521721,0.062521717,3.67E-09
2020/8/20,0.062521724,0.06252172,3.39E-09
2020/8/21,0.062521724,0.062521723,8.99E-10
2020/8/22,0.062521728,0.062521724,4.06E-09
2020/8/23,0.062521731,0.062521727,3.68E-09
2020/8/24,0.062521732,0.06252173,2.40E-09
2020/8/25,0.06252173,0.062521732,-1.29E-09
2020/8/26,0.062521735,0.062521731,3.89E-09
2020/8/27,0.062521736,0.062521734,1.92E-09
2020/8/28,0.062521739,0.062521735,3.27E-09
2020/8/29,0.062521741,0.062521738,2.76E-09
2020/8/30,0.062521745,0.06252174,5.08E-09
2020/8/31,0.062521748,0.062521744,3.23E-09
2020/9/1,0.062521751,0.062521747,4.05E-09
2020/9/2,0.062521754,0.06252175,3.58E-09
2020/9/3,0.062521754,0.062521753,7.92E-10
2020/9/4,0.062521757,0.062521754,3.78E-09
2020/9/5,0.062521761,0.062521757,3.96E-09
2020/9/6,0.062521761,0.06252176,8.95E-10
2020/9/7,0.062521763,0.062521761,2.02E-09
2020/9/8,0.062521766,0.062521762,3.47E-09
2020/9/9,0.062521767,0.062521765,2.23E-09
2020/9/10,0.062521769,0.062521767,2.17E-09
2020/9/11,0.062521773,0.062521768,4.91E-09
2020/9/12,0.062521777,0.062521772,4.32E-09
2020/9/13,0.062521778,0.062521776,1.92E-09
2020/9/14,0.06252178,0.062521777,2.73E-09
2020/9/15,0.062521783,0.06252178,3.54E-09
2020/9/16,0.062521786,0.062521782,3.83E-09
2020/9/17,0.062521789,0.062521786,2.96E-09
2020/9/18,0.062521791,0.062521788,3.58E-09
2020/9/19,0.062521792,0.062521791,1.09E-09
2020/9/20,0.062521794,0.062521792,2.28E-09
2020/9/21,0.062521795,0.062521793,1.51E-09
2020/9/22,0.062521797,0.062521795,2.15E-09
2020/9/23,0.062521801,0.062521796,4.45E-09
2020/9/24,0.062521804,0.0625218,3.49E-09
2020/9/25,0.062521808,0.062521803,4.97E-09
2020/9/26,0.062521811,0.062521807,3.84E-09
2020/9/27,0.062521812,0.06252181,2.45E-09
2020/9/28,0.062521818,0.062521812,6.63E-09
2020/9/29,0.062521822,0.062521817,4.63E-09
2020/9/30,0.062521824,0.062521821,3.46E-09
2020/10/1,0.062521828,0.062521824,4.43E-09
2020/10/2,0.062521829,0.062521827,1.47E-09
2020/10/3,0.062521832,0.062521828,3.29E-09
2020/10/4,0.062521835,0.062521831,3.62E-09
2020/10/5,0.062521837,0.062521834,2.88E-09
2020/10/6,0.062521838,0.062521836,1.48E-09
2020/10/7,0.06252184,0.062521837,2.64E-09
2020/10/8,0.062521844,0.062521839,4.12E-09
2020/10/9,0.062521849,0.062521843,5.83E-09
2020/10/10,0.06252185,0.062521848,2.82E-09
2020/10/11,0.062521854,0.06252185,4.36E-09
2020/10/12,0.062521858,0.062521853,5.09E-09
2020/10/13,0.062521862,0.062521857,4.86E-09
2020/10/14,0.062521864,0.062521861,3.03E-09
2020/10/15,0.062521866,0.062521864,2.61E-09
2020/10/16,0.062521868,0.062521866,1.93E-09
2020/10/17,0.062521871,0.062521867,3.69E-09
2020/10/18,0.062521873,0.06252187,2.92E-09
2020/10/19,0.062521874,0.062521873,1.71E-09
2020/10/20,0.062521879,0.062521874,5.00E-09
2020/10/21,0.062521879,0.062521878,1.02E-09
2020/10/22,0.062521883,0.062521879,4.71E-09
2020/10/23,0.062521887,0.062521883,4.12E-09
2020/10/24,0.062521889,0.062521886,2.97E-09
2020/10/25,0.062521896,0.062521888,7.71E-09
2020/10/26,0.0625219,0.062521894,5.68E-09
2020/10/27,0.062521901,0.062521899,1.94E-09
2020/10/28,0.062521906,0.0625219,5.98E-09
2020/10/29,0.062521908,0.062521905,3.12E-09
2020/10/30,0.062521912,0.062521908,4.40E-09
2020/10/31,0.062521916,0.062521911,4.75E-09
2020/11/1,0.062521921,0.062521915,6.18E-09
2020/11/2,0.062521924,0.06252192,3.69E-09
2020/11/3,0.062521924,0.062521923,4.87E-10
2020/11/4,0.062521928,0.062521923,4.51E-09
2020/11/5,0.062521932,0.062521927,5.13E-09
2020/11/6,0.062521935,0.062521931,3.38E-09
2020/11/7,0.062521937,0.062521934,2.77E-09
2020/11/8,0.062521941,0.062521936,4.89E-09
2020/11/9,0.062521945,0.06252194,5.25E-09
2020/11/10,0.06252195,0.062521944,5.37E-09
2020/11/11,0.062521954,0.062521949,5.39E-09
2020/11/12,0.062521957,0.062521953,4.54E-09
2020/11/13,0.062521964,0.062521956,7.06E-09
2020/11/14,0.062521965,0.062521962,3.23E-09
2020/11/15,0.06252197,0.062521965,4.99E-09
2020/11/16,0.062521972,0.062521969,3.75E-09
2020/11/17,0.062521976,0.062521972,4.33E-09
2020/11/18,0.062521977,0.062521975,2.22E-09
2020/11/19,0.06252198,0.062521977,3.33E-09
2020/11/20,0.062521983,0.06252198,3.51E-09
2020/11/21,0.062521987,0.062521982,5.06E-09
2020/11/22,0.062521993,0.062521987,6.41E-09
2020/11/23,0.062521998,0.062521992,5.98E-09
2020/11/24,0.062522001,0.062521996,4.57E-09
2020/11/25,0.062522006,0.062522,5.55E-09
2020/11/26,0.062522012,0.062522005,7.92E-09
2020/11/27,0.062522019,0.062522011,8.14E-09
2020/11/28,0.062522024,0.062522017,6.99E-09
2020/11/29,0.062522029,0.062522023,6.40E-09
2020/11/30,0.062522035,0.062522028,6.68E-09
2020/12/1,0.062522037,0.062522033,3.60E-09
2020/12/2,0.062522041,0.062522036,4.33E-09
2020/12/3,0.062522044,0.06252204,3.99E-09
2020/12/4,0.062522051,0.062522043,7.68E-09
2020/12/5,0.062522053,0.062522049,3.89E-09
2020/12/6,0.062522056,0.062522052,3.75E-09
2020/12/7,0.062522062,0.062522055,6.40E-09
2020/12/8,0.062522066,0.06252206,5.47E-09
2020/12/9,0.062522072,0.062522065,6.84E-09
2020/12/10,0.062522076,0.06252207,5.89E-09
2020/12/11,0.06252208,0.062522075,5.48E-09
2020/12/12,0.062522084,0.062522079,5.03E-09
2020/12/13,0.062522089,0.062522083,5.43E-09
2020/12/14,0.062522092,0.062522088,4.44E-09
2020/12/15,0.062522097,0.062522091,5.34E-09
2020/12/16,0.062522099,0.062522096,3.88E-09
2020/12/17,0.062522103,0.062522099,3.93E-09
2020/12/18,0.062522104,0.062522102,1.74E-09
2020/12/19,0.062522105,0.062522103,2.23E-09
2020/12/20,0.06252211,0.062522105,5.12E-09
2020/12/21,0.062522113,0.062522109,3.70E-09
2020/12/22,0.062522117,0.062522112,4.53E-09
2020/12/23,0.062522122,0.062522116,6.08E-09
2020/12/24,0.062522127,0.062522121,6.59E-09
2020/12/25,0.062522128,0.062522126,2.39E-09
2020/12/26,0.062522135,0.062522128,7.15E-09
2020/12/27,0.062522139,0.062522134,5.38E-09
2020/12/28,0.062522142,0.062522138,3.95E-09
2020/12/29,0.062522147,0.062522141,6.33E-09
2020/12/30,0.062522151,0.062522146,4.87E-09
2020/12/31,0.062522152,0.06252215,1.95E-09
2021/1/1,0.062522155,0.062522151,4.04E-09
2021/1/2,0.062522158,0.062522155,3.16E-09
2021/1/3,0.062522161,0.062522157,4.06E-09
2021/1/4,0.062522164,0.06252216,3.14E-09
2021/1/5,0.062522167,0.062522163,3.92E-09
2021/1/6,0.06252217,0.062522166,3.38E-09
2021/1/7,0.062522171,0.062522169,2.04E-09
2021/1/8,0.062522177,0.06252217,6.49E-09
2021/1/9,0.06252218,0.062522176,4.11E-09
2021/1/10,0.062522183,0.062522179,4.50E-09
2021/1/11,0.062522187,0.062522183,4.71E-09
2021/1/12,0.062522191,0.062522186,4.43E-09
2021/1/13,0.062522193,0.06252219,3.10E-09
2021/1/14,0.062522196,0.062522192,3.40E-09
2021/1/15,0.062522199,0.062522195,4.16E-09
2021/1/16,0.062522201,0.062522198,2.91E-09
2021/1/17,0.062522203,0.062522201,2.66E-09
2021/1/18,0.062522205,0.062522203,2.18E-09
2021/1/19,0.062522206,0.062522205,1.19E-09
2021/1/20,0.06252221,0.062522206,4.26E-09
2021/1/21,0.062522213,0.062522209,3.48E-09
2021/1/22,0.062522216,0.062522212,4.32E-09
2021/1/23,0.062522217,0.062522215,1.76E-09
2021/1/24,0.062522221,0.062522217,4.65E-09
2021/1/25,0.062522227,0.06252222,6.82E-09
2021/1/26,0.062522233,0.062522226,6.73E-09
2021/1/27,0.062522236,0.062522231,4.78E-09
2021/1/28,0.062522238,0.062522235,2.51E-09
2021/1/29,0.062522242,0.062522237,5.27E-09
2021/1/30,0.062522245,0.062522241,3.24E-09
2021/1/31,0.062522248,0.062522244,4.26E-09
2021/2/1,0.062522248,0.062522247,3.42E-10
2021/2/2,0.062522249,0.062522248,1.16E-09
2021/2/3,0.062522254,0.062522248,5.08E-09
2021/2/4,0.062522255,0.062522253,2.69E-09
2021/2/5,0.062522258,0.062522255,3.02E-09
2021/2/6,0.06252226,0.062522257,2.65E-09
2021/2/7,0.062522266,0.062522259,6.33E-09
2021/2/8,0.062522269,0.062522264,4.17E-09
2021/2/9,0.062522273,0.062522268,4.88E-09
2021/2/10,0.062522274,0.062522272,2.75E-09
2021/2/11,0.062522279,0.062522274,4.99E-09
2021/2/12,0.062522282,0.062522278,4.04E-09
2021/2/13,0.062522285,0.062522281,3.82E-09
2021/2/14,0.062522287,0.062522284,3.08E-09
2021/2/15,0.062522288,0.062522287,1.22E-09
2021/2/16,0.062522292,0.062522288,4.29E-09
2021/2/17,0.062522294,0.062522291,3.03E-09
2021/2/18,0.062522296,0.062522293,2.89E-09
2021/2/19,0.062522299,0.062522296,3.31E-09
2021/2/20,0.0625223,0.062522298,1.39E-09
2021/2/21,0.062522304,0.062522299,4.85E-09
2021/2/22,0.06252231,0.062522303,6.72E-09
2021/2/23,0.062522313,0.062522309,4.20E-09
2021/2/24,0.062522318,0.062522312,6.21E-09
2021/2/25,0.062522324,0.062522317,6.39E-09
2021/2/26,0.062522327,0.062522322,4.40E-09
2021/2/27,0.06252233,0.062522326,4.53E-09
2021/2/28,0.062522334,0.062522329,4.18E-09
2021/3/1,0.062522334,0.062522333,1.65E-09
2021/3/2,0.062522339,0.062522334,5.22E-09
2021/3/3,0.062522343,0.062522338,4.71E-09
2021/3/4,0.062522347,0.062522342,5.17E-09
2021/3/5,0.062522349,0.062522346,3.06E-09
2021/3/6,0.062522351,0.062522349,2.78E-09
2021/3/7,0.062522356,0.062522351,4.91E-09
2021/3/8,0.062522357,0.062522355,2.61E-09
2021/3/9,0.062522362,0.062522357,4.71E-09
2021/3/10,0.062522366,0.062522361,5.17E-09
2021/3/11,0.062522368,0.062522365,3.67E-09
2021/3/12,0.06252237,0.062522368,2.73E-09
2021/3/13,0.062522377,0.06252237,7.38E-09
2021/3/14,0.06252238,0.062522376,3.66E-09
2021/3/15,0.062522385,0.062522379,6.37E-09
2021/3/16,0.062522389,0.062522384,4.94E-09
2021/3/17,0.062522391,0.062522388,3.19E-09
2021/3/18,0.062522392,0.06252239,1.84E-09
2021/3/19,0.062522395,0.062522392,3.52E-09
2021/3/20,0.062522399,0.062522395,3.88E-09
2021/3/21,0.062522402,0.062522398,4.00E-09
2021/3/22,0.062522408,0.062522401,6.63E-09
2021/3/23,0.062522409,0.062522406,2.64E-09
2021/3/24,0.062522413,0.062522408,4.38E-09
2021/3/25,0.062522419,0.062522412,7.02E-09
2021/3/26,0.062522422,0.062522418,4.70E-09
2021/3/27,0.062522427,0.062522421,5.27E-09
2021/3/28,0.062522432,0.062522426,6.09E-09
2021/3/29,0.062522435,0.06252243,4.52E-09
2021/3/30,0.06252244,0.062522434,6.05E-09
2021/3/31,0.062522441,0.062522439,2.07E-09
2021/4/1,0.062522445,0.06252244,4.83E-09
2021/4/2,0.062522448,0.062522444,4.11E-09
2021/4/3,0.062522451,0.062522448,3.70E-09
2021/4/4,0.062522453,0.062522451,2.14E-09
2021/4/5,0.062522459,0.062522452,6.46E-09
2021/4/6,0.062522458,0.062522458,8.78E-10
2021/4/7,0.062522462,0.062522458,3.50E-09
2021/4/8,0.062522467,0.062522461,6.18E-09
2021/4/9,0.062522471,0.062522466,4.71E-09
2021/4/10,0.062522475,0.06252247,5.19E-09
2021/4/11,0.062522477,0.062522474,2.86E-09
2021/4/12,0.062522481,0.062522476,5.26E-09
2021/4/13,0.062522483,0.06252248,2.56E-09
2021/4/14,0.062522488,0.062522482,5.47E-09
2021/4/15,0.062522492,0.062522487,5.15E-09
2021/4/16,0.062522494,0.062522491,2.98E-09
2021/4/17,0.062522496,0.062522493,2.52E-09
2021/4/18,0.0625225,0.062522495,5.14E-09
2021/4/19,0.062522507,0.062522499,7.72E-09
2021/4/20,0.062522512,0.062522506,6.24E-09
2021/4/21,0.062522513,0.062522511,2.27E-09
2021/4/22,0.062522518,0.062522512,5.79E-09
2021/4/23,0.062522521,0.062522517,3.87E-09
2021/4/24,0.062522528,0.06252252,7.89E-09
2021/4/25,0.062522533,0.062522527,6.42E-09
2021/4/26,0.062522535,0.062522532,3.39E-09
2021/4/27,0.06252254,0.062522534,5.47E-09
2021/4/28,0.062522544,0.062522539,4.89E-09
2021/4/29,0.062522549,0.062522543,6.67E-09
2021/4/30,0.062522554,0.062522548,5.53E-09
2021/5/1,0.062522556,0.062522552,3.69E-09
2021/5/2,0.06252256,0.062522555,4.49E-09
2021/5/3,0.062522562,0.062522559,2.75E-09
2021/5/4,0.062522565,0.062522561,3.80E-09
2021/5/5,0.062522568,0.062522564,4.27E-09
2021/5/6,0.062522574,0.062522568,6.17E-09
2021/5/7,0.062522575,0.062522573,2.02E-09
2021/5/8,0.062522579,0.062522574,4.76E-09
2021/5/9,0.062522581,0.062522578,2.95E-09
2021/5/10,0.062522586,0.06252258,5.94E-09
2021/5/11,0.062522588,0.062522585,2.95E-09
2021/5/12,0.062522591,0.062522587,3.32E-09
2021/5/13,0.062522599,0.06252259,8.62E-09
2021/5/14,0.062522599,0.062522597,1.79E-09
2021/5/15,0.062522601,0.062522598,2.70E-09
2021/5/16,0.062522609,0.062522601,8.01E-09
2021/5/17,0.06252261,0.062522607,2.76E-09
2021/5/18,0.062522613,0.062522609,3.73E-09
2021/5/19,0.062522622,0.062522612,1.02E-08
2021/5/20,0.062522624,0.062522621,3.70E-09
2021/5/21,0.062522628,0.062522623,4.35E-09
2021/5/22,0.062522632,0.062522627,5.35E-09
2021/5/23,0.062522634,0.062522631,3.05E-09
2021/5/24,0.062522639,0.062522634,5.22E-09
2021/5/25,0.062522644,0.062522638,6.21E-09
2021/5/26,0.062522647,0.062522643,4.67E-09
2021/5/27,0.062522649,0.062522647,2.63E-09
2021/5/28,0.062522654,0.062522649,5.77E-09
2021/5/29,0.062522657,0.062522653,3.74E-09
2021/5/30,0.06252266,0.062522656,3.85E-09
2021/5/31,0.062522663,0.062522659,3.82E-09
2021/6/1,0.062522664,0.062522662,1.18E-09
2021/6/2,0.062522669,0.062522663,5.98E-09
2021/6/3,0.062522673,0.062522668,5.18E-09
2021/6/4,0.062522678,0.062522672,5.60E-09
2021/6/5,0.062522681,0.062522677,4.31E-09
2021/6/6,0.062522683,0.06252268,2.55E-09
2021/6/7,0.062522685,0.062522682,2.62E-09
2021/6/8,0.062522691,0.062522684,6.92E-09
2021/6/9,0.062522694,0.06252269,3.94E-09
2021/6/10,0.062522696,0.062522693,3.45E-09
2021/6/11,0.062522701,0.062522696,5.44E-09
2021/6/12,0.062522702,0.0625227,1.96E-09
2021/6/13,0.062522703,0.062522702,1.35E-09
2021/6/14,0.062522709,0.062522703,5.90E-09
2021/6/15,0.062522712,0.062522708,4.08E-09
2021/6/16,0.062522716,0.062522711,5.14E-09
2021/6/17,0.062522718,0.062522715,3.38E-09
2021/6/18,0.062522721,0.062522718,3.31E-09
2021/6/19,0.062522727,0.06252272,6.73E-09
2021/6/20,0.06252273,0.062522726,4.06E-09
2021/6/21,0.062522735,0.062522729,5.70E-09
2021/6/22,0.062522738,0.062522734,4.68E-09
2021/6/23,0.062522743,0.062522737,5.65E-09
2021/6/24,0.062522746,0.062522742,3.79E-09
2021/6/25,0.062522746,0.062522745,8.44E-10
2021/6/26,0.062522749,0.062522745,4.08E-09
2021/6/27,0.062522754,0.062522749,5.06E-09
2021/6/28,0.062522753,0.062522753,4.18E-10
2021/6/29,0.062522755,0.062522753,1.96E-09
2021/6/30,0.06252276,0.062522755,5.80E-09
2021/7/1,0.062522764,0.062522759,4.54E-09
2021/7/2,0.062522767,0.062522763,4.13E-09
2021/7/3,0.062522769,0.062522766,2.58E-09
2021/7/4,0.062522774,0.062522768,5.31E-09
2021/7/5,0.062522779,0.062522773,6.04E-09
2021/7/6,0.062522784,0.062522777,6.71E-09
2021/7/7,0.062522788,0.062522783,4.78E-09
2021/7/8,0.062522788,0.062522787,1.70E-09
2021/7/9,0.062522793,0.062522788,5.23E-09
2021/7/10,0.062522795,0.062522792,3.13E-09
2021/7/11,0.062522798,0.062522795,3.64E-09
2021/7/12,0.062522798,0.062522798,7.39E-10
2021/7/13,0.062522802,0.062522798,3.52E-09
2021/7/14,0.062522802,0.062522801,7.90E-10
2021/7/15,0.062522804,0.062522802,2.01E-09
2021/7/16,0.062522808,0.062522803,5.09E-09
2021/7/17,0.06252281,0.062522807,2.21E-09
2021/7/18,0.062522813,0.062522809,3.96E-09
2021/7/19,0.062522818,0.062522812,6.03E-09
2021/7/20,0.062522822,0.062522817,5.04E-09
2021/7/21,0.062522827,0.062522821,5.71E-09
2021/7/22,0.062522832,0.062522826,6.32E-09
2021/7/23,0.062522834,0.062522831,2.78E-09
2021/7/24,0.062522839,0.062522833,5.69E-09
2021/7/25,0.062522841,0.062522838,3.64E-09
2021/7/26,0.062522844,0.06252284,3.77E-09
2021/7/27,0.062522846,0.062522843,2.22E-09
2021/7/28,0.062522846,0.062522845,9.58E-10
2021/7/29,0.062522851,0.062522846,4.70E-09
2021/7/30,0.062522852,0.06252285,2.49E-09
2021/7/31,0.062522855,0.062522852,3.76E-09
2021/8/1,0.062522859,0.062522855,4.56E-09
2021/8/2,0.06252286,0.062522858,1.85E-09
2021/8/3,0.062522864,0.06252286,4.15E-09
2021/8/4,0.062522871,0.062522863,7.30E-09
2021/8/5,0.062522874,0.062522869,5.10E-09
2021/8/6,0.062522877,0.062522873,3.45E-09
2021/8/7,0.062522881,0.062522876,4.90E-09
2021/8/8,0.062522884,0.06252288,3.96E-09
2021/8/9,0.062522886,0.062522883,2.93E-09
2021/8/10,0.062522889,0.062522885,3.21E-09
2021/8/11,0.062522892,0.062522888,3.60E-09
2021/8/12,0.062522893,0.062522891,1.91E-09
2021/8/13,0.062522895,0.062522892,2.37E-09
2021/8/14,0.062522896,0.062522894,1.55E-09
2021/8/15,0.062522898,0.062522895,2.56E-09
2021/8/16,0.062522902,0.062522898,4.59E-09
2021/8/17,0.062522907,0.062522901,5.28E-09
2021/8/18,0.06252291,0.062522905,4.36E-09
2021/8/19,0.062522913,0.062522909,4.34E-09
2021/8/20,0.062522915,0.062522912,2.51E-09
2021/8/21,0.06252292,0.062522914,6.00E-09
2021/8/22,0.062522925,0.062522919,5.40E-09
2021/8/23,0.062522928,0.062522924,4.18E-09
2021/8/24,0.062522928,0.062522927,1.52E-09
2021/8/25,0.062522933,0.062522928,4.80E-09
2021/8/26,0.062522934,0.062522932,2.00E-09
2021/8/27,0.062522936,0.062522934,2.19E-09
2021/8/28,0.062522941,0.062522935,5.72E-09
2021/8/29,0.062522946,0.06252294,6.17E-09
2021/8/30,0.062522948,0.062522945,3.27E-09
2021/8/31,0.062522948,0.062522947,8.53E-10
2021/9/1,0.062522954,0.062522948,6.14E-09
2021/9/2,0.062522959,0.062522953,5.60E-09
2021/9/3,0.062522961,0.062522958,3.45E-09
2021/9/4,0.062522967,0.06252296,7.03E-09
2021/9/5,0.062522972,0.062522966,5.56E-09
2021/9/6,0.062522973,0.06252297,2.98E-09
2021/9/7,0.062522978,0.062522973,5.53E-09
2021/9/8,0.062522983,0.062522977,5.41E-09
2021/9/9,0.062522985,0.062522982,3.69E-09
2021/9/10,0.062522986,0.062522984,1.56E-09
2021/9/11,0.06252299,0.062522986,4.47E-09
2021/9/12,0.062522992,0.062522989,2.92E-09
2021/9/13,0.062522995,0.062522992,3.46E-09
2021/9/14,0.062522999,0.062522994,4.83E-09
2021/9/15,0.062523003,0.062522998,4.75E-09
2021/9/16,0.062523007,0.062523002,5.19E-09
2021/9/17,0.062523009,0.062523006,2.73E-09
2021/9/18,0.062523014,0.062523008,5.60E-09
2021/9/19,0.062523017,0.062523013,4.50E-09
2021/9/20,0.062523022,0.062523017,5.82E-09
2021/9/21,0.062523026,0.062523021,5.28E-09
2021/9/22,0.06252303,0.062523025,4.94E-09
2021/9/23,0.062523032,0.062523029,2.92E-09
2021/9/24,0.062523038,0.062523032,5.92E-09
2021/9/25,0.06252304,0.062523036,3.29E-09
2021/9/26,0.062523043,0.062523039,3.80E-09
2021/9/27,0.062523045,0.062523042,3.25E-09
2021/9/28,0.062523051,0.062523045,6.30E-09
2021/9/29,0.062523056,0.06252305,6.14E-09
2021/9/30,0.06252306,0.062523055,5.79E-09
2021/10/1,0.062523067,0.062523059,7.37E-09
2021/10/2,0.062523069,0.062523065,3.68E-09
2021/10/3,0.062523074,0.062523068,5.98E-09
2021/10/4,0.062523081,0.062523073,8.32E-09
2021/10/5,0.062523086,0.06252308,6.76E-09
2021/10/6,0.062523088,0.062523085,3.03E-09
2021/10/7,0.062523093,0.062523087,5.85E-09
2021/10/8,0.062523098,0.062523092,6.12E-09
2021/10/9,0.062523101,0.062523097,4.42E-09
2021/10/10,0.062523109,0.062523101,8.59E-09
2021/10/11,0.062523113,0.062523108,5.81E-09
2021/10/12,0.062523117,0.062523112,5.27E-09
2021/10/13,0.062523121,0.062523116,4.49E-09
2021/10/14,0.062523123,0.06252312,2.92E-09
2021/10/15,0.062523129,0.062523122,7.11E-09
2021/10/16,0.062523133,0.062523128,4.61E-09
2021/10/17,0.062523141,0.062523132,9.34E-09
2021/10/18,0.062523146,0.062523139,6.87E-09
2021/10/19,0.062523147,0.062523145,2.31E-09
2021/10/20,0.062523153,0.062523146,6.31E-09
2021/10/21,0.062523158,0.062523152,6.60E-09
2021/10/22,0.062523162,0.062523157,5.42E-09
2021/10/23,0.062523165,0.062523161,3.95E-09
2021/10/24,0.06252317,0.062523164,5.41E-09
2021/10/25,0.062523172,0.062523169,3.45E-09
2021/10/26,0.062523179,0.062523171,8.18E-09
2021/10/27,0.062523184,0.062523178,5.76E-09
2021/10/28,0.06252319,0.062523183,7.39E-09
2021/10/29,0.062523193,0.062523188,4.69E-09
2021/10/30,0.062523202,0.062523192,1.02E-08
2021/10/31,0.062523208,0.0625232,7.39E-09
2021/11/1,0.062523216,0.062523206,9.25E-09
2021/11/2,0.062523225,0.062523214,1.10E-08
2021/11/3,0.062523232,0.062523223,9.17E-09
2021/11/4,0.062523235,0.06252323,5.55E-09
2021/11/5,0.062523243,0.062523234,8.71E-09
2021/11/6,0.062523248,0.062523241,6.40E-09
2021/11/7,0.062523255,0.062523246,8.61E-09
2021/11/8,0.062523262,0.062523253,8.37E-09
2021/11/9,0.062523267,0.06252326,7.07E-09
2021/11/10,0.062523269,0.062523266,3.85E-09
2021/11/11,0.062523276,0.062523269,7.26E-09
2021/11/12,0.062523281,0.062523275,6.11E-09
2021/11/13,0.062523285,0.062523279,5.64E-09
2021/11/14,0.062523289,0.062523284,5.11E-09
2021/11/15,0.062523294,0.062523288,5.81E-09
2021/11/16,0.062523296,0.062523293,3.02E-09
2021/11/17,0.062523301,0.062523295,6.50E-09
2021/11/18,0.062523307,0.0625233,6.78E-09
2021/11/19,0.062523311,0.062523306,4.86E-09
2021/11/20,0.062523312,0.06252331,2.28E-09
2021/11/21,0.062522202,0.062523311,-1.11E-06
2021/11/22,0.062522207,0.062522397,-1.90E-07
2021/11/23,0.06252221,0.062522267,-5.77E-08
2021/11/24,0.062522214,0.062522224,-9.97E-09
2021/11/25,0.062522219,0.062522218,1.50E-09
2021/11/26,0.062522225,0.062522219,6.35E-09
2021/11/27,0.06252223,0.062522224,5.89E-09
2021/11/28,0.062522235,0.062522229,5.99E-09
2021/11/29,0.062522237,0.062522234,3.66E-09
2021/11/30,0.062522244,0.062522237,7.47E-09
2021/12/1,0.062522252,0.062522243,8.98E-09
2021/12/2,0.062522256,0.06252225,6.34E-09
2021/12/3,0.06252226,0.062522255,5.39E-09
2021/12/4,0.062522264,0.062522259,4.77E-09
2021/12/5,0.062522267,0.062522263,4.35E-09
2021/12/6,0.062522272,0.062522266,5.46E-09
2021/12/7,0.062522279,0.062522271,7.85E-09
2021/12/8,0.062522282,0.062522277,4.89E-09
2021/12/9,0.062522288,0.062522281,6.74E-09
2021/12/10,0.06252229,0.062522287,3.84E-09
2021/12/11,0.062522292,0.06252229,2.16E-09
2021/12/12,0.062522298,0.062522291,6.37E-09
2021/12/13,0.062522303,0.062522296,6.17E-09
2021/12/14,0.062522306,0.062522301,4.86E-09
2021/12/15,0.062522308,0.062522305,2.53E-09
2021/12/16,0.062522315,0.062522307,8.22E-09
2021/12/17,0.062522321,0.062522314,7.14E-09
2021/12/18,0.062522323,0.06252232,2.98E-09
2021/12/19,0.062522329,0.062522322,6.98E-09
2021/12/20,0.062522344,0.062522328,1.62E-08
2021/12/21,0.062522346,0.062522341,5.73E-09
2021/12/22,0.062522355,0.062522345,1.02E-08
2021/12/23,0.062522359,0.062522353,5.39E-09
2021/12/24,0.062522371,0.062522358,1.35E-08
2021/12/25,0.062522379,0.062522369,1.08E-08
2021/12/26,0.062522383,0.062522377,6.10E-09
2021/12/27,0.062522393,0.062522382,1.13E-08
2021/12/28,0.062522403,0.062522391,1.24E-08
2021/12/29,0.062522411,0.062522401,9.75E-09
2021/12/30,0.062522416,0.062522409,7.04E-09
2021/12/31,0.062522418,0.062522414,4.07E-09
2022/1/1,0.062522426,0.062522417,8.66E-09
2022/1/2,0.062522432,0.062522425,7.12E-09
2022/1/3,0.062522436,0.06252243,5.57E-09
2022/1/4,0.06252244,0.062522435,5.69E-09
2022/1/5,0.062522443,0.062522439,3.54E-09
2022/1/6,0.062522447,0.062522442,4.82E-09
2022/1/7,0.062522452,0.062522446,5.74E-09
2022/1/8,0.062522457,0.06252245,6.98E-09
2022/1/9,0.062522462,0.062522456,5.51E-09
2022/1/10,0.062522464,0.06252246,3.32E-09
2022/1/11,0.062522471,0.062522463,8.34E-09
2022/1/12,0.062522475,0.06252247,5.39E-09
2022/1/13,0.062522482,0.062522474,7.83E-09
2022/1/14,0.062522489,0.06252248,8.65E-09
2022/1/15,0.062522497,0.062522487,9.84E-09
2022/1/16,0.0625225,0.062522495,5.17E-09
2022/1/17,0.062522509,0.062522499,9.93E-09
2022/1/18,0.062522516,0.062522507,8.75E-09
2022/1/19,0.062522524,0.062522514,9.55E-09
2022/1/20,0.062522527,0.062522522,5.28E-09
2022/1/21,0.06252253,0.062522526,3.91E-09
2022/1/22,0.062522538,0.062522529,9.09E-09
2022/1/23,0.062522543,0.062522537,6.39E-09
2022/1/24,0.062522549,0.062522542,7.37E-09
2022/1/25,0.062522552,0.062522548,4.62E-09
2022/1/26,0.062522561,0.062522551,1.02E-08
2022/1/27,0.062522568,0.06252256,8.23E-09
2022/1/28,0.062522574,0.062522566,7.79E-09
2022/1/29,0.062522576,0.062522572,4.10E-09
2022/1/30,0.062522589,0.062522575,1.35E-08
2022/1/31,0.062522601,0.062522586,1.44E-08
2022/2/1,0.062522606,0.062522598,7.78E-09
2022/2/2,0.062522605,0.062522604,6.21E-10
2022/2/3,0.062522615,0.062522604,1.09E-08
2022/2/4,0.062522626,0.062522613,1.25E-08
2022/2/5,0.062522635,0.062522623,1.13E-08
2022/2/6,0.062522642,0.062522632,9.70E-09
2022/2/7,0.062522646,0.06252264,5.58E-09
2022/2/8,0.062522657,0.062522645,1.26E-08
2022/2/9,0.062522667,0.062522655,1.22E-08
2022/2/10,0.062522674,0.062522665,9.52E-09
2022/2/11,0.062522685,0.062522672,1.30E-08
2022/2/12,0.06252269,0.062522683,7.76E-09
2022/2/13,0.062522702,0.062522689,1.32E-08
2022/2/14,0.062522709,0.062522699,1.00E-08
2022/2/15,0.062522717,0.062522707,9.25E-09
2022/2/16,0.06252272,0.062522715,5.56E-09
2022/2/17,0.062522732,0.062522719,1.25E-08
2022/2/18,0.062522737,0.062522729,7.62E-09
2022/2/19,0.062522745,0.062522735,9.40E-09
2022/2/20,0.062522746,0.062522743,2.87E-09
2022/2/21,0.062522755,0.062522745,9.93E-09
2022/2/22,0.062522763,0.062522753,9.62E-09
2022/2/23,0.062522767,0.062522761,6.28E-09
2022/2/24,0.06252277,0.062522766,4.33E-09
2022/2/25,0.06252278,0.062522769,1.12E-08
2022/2/26,0.062522787,0.062522778,8.95E-09
2022/2/27,0.062522798,0.062522785,1.22E-08
2022/2/28,0.062522804,0.062522795,9.03E-09
2022/3/1,0.062522809,0.062522802,7.02E-09
2022/3/2,0.062522813,0.062522808,4.77E-09
2022/3/3,0.062522822,0.062522812,1.04E-08
2022/3/4,0.062522831,0.06252282,1.08E-08
2022/3/5,0.062522836,0.062522829,6.80E-09
2022/3/6,0.062522847,0.062522834,1.28E-08
2022/3/7,0.062522851,0.062522845,6.07E-09
2022/3/8,0.06252286,0.062522849,1.03E-08
2022/3/9,0.062522869,0.062522858,1.18E-08
2022/3/10,0.062522877,0.062522867,1.03E-08
2022/3/11,0.062522886,0.062522875,1.11E-08
2022/3/12,0.062522892,0.062522884,8.16E-09
2022/3/13,0.062522909,0.062522891,1.81E-08
2022/3/14,0.062522921,0.062522905,1.60E-08
2022/3/15,0.062522934,0.062522918,1.63E-08
2022/3/16,0.062522941,0.062522931,9.85E-09
2022/3/17,0.062522945,0.062522939,6.28E-09
2022/3/18,0.062522953,0.062522944,8.88E-09
2022/3/19,0.062522963,0.062522951,1.20E-08
2022/3/20,0.062522971,0.062522961,1.01E-08
2022/3/21,0.062522977,0.062522969,7.77E-09
2022/3/22,0.062522982,0.062522975,7.46E-09
2022/3/23,0.062522991,0.062522981,9.96E-09
2022/3/24,0.062522994,0.062522989,5.10E-09
2022/3/25,0.062523005,0.062522993,1.24E-08
2022/3/26,0.062523015,0.062523003,1.17E-08
2022/3/27,0.062523022,0.062523012,9.29E-09
2022/3/28,0.062523035,0.06252302,1.48E-08
2022/3/29,0.062523049,0.062523032,1.76E-08
2022/3/30,0.062523055,0.062523046,9.48E-09
2022/3/31,0.062523081,0.062523053,2.76E-08
2022/4/1,0.062523097,0.062523076,2.10E-08
2022/4/2,0.062523115,0.062523092,2.28E-08
2022/4/3,0.062523129,0.062523111,1.81E-08
2022/4/4,0.062523139,0.062523125,1.40E-08
2022/4/5,0.062523147,0.062523136,1.07E-08
2022/4/6,0.062523165,0.062523145,2.02E-08
2022/4/7,0.062523177,0.062523161,1.63E-08
2022/4/8,0.062523187,0.062523174,1.32E-08
2022/4/9,0.0625232,0.062523184,1.55E-08
2022/4/10,0.062523214,0.062523197,1.75E-08
2022/4/11,0.06252322,0.062523211,9.30E-09
2022/4/12,0.062523238,0.062523218,1.99E-08
2022/4/13,0.06252325,0.062523234,1.52E-08
2022/4/14,0.062523261,0.062523246,1.49E-08
2022/4/15,0.062523268,0.062523258,9.23E-09
2022/4/16,0.062523282,0.062523266,1.69E-08
2022/4/17,0.062523295,0.062523279,1.60E-08
2022/4/18,0.062523305,0.062523292,1.33E-08
2022/4/19,0.062521719,0.062523303,-1.58E-06
2022/4/20,0.062521729,0.062521997,-2.68E-07
2022/4/21,0.062521736,0.062521815,-7.90E-08
2022/4/22,0.062521751,0.062521756,-4.72E-09
2022/4/23,0.062521763,0.062521754,8.62E-09
2022/4/24,0.062521774,0.062521761,1.29E-08
2022/4/25,0.062521781,0.062521772,9.07E-09
2022/4/26,0.062521793,0.062521779,1.38E-08
2022/4/27,0.062521818,0.06252179,2.77E-08
2022/4/28,0.062521836,0.062521813,2.38E-08
2022/4/29,0.062521856,0.062521831,2.44E-08
2022/4/30,0.062521863,0.062521851,1.22E-08
2022/5/1,0.062521879,0.06252186,1.83E-08
2022/5/2,0.062521894,0.062521875,1.85E-08
2022/5/3,0.062521905,0.06252189,1.46E-08
2022/5/4,0.062521917,0.062521902,1.49E-08
2022/5/5,0.062521922,0.062521914,8.46E-09
2022/5/6,0.062521941,0.06252192,2.06E-08
2022/5/7,0.06252195,0.062521937,1.25E-08
2022/5/8,0.062521955,0.062521947,7.98E-09
2022/5/9,0.062521964,0.062521953,1.09E-08
2022/5/10,0.062521973,0.062521962,1.13E-08
2022/5/11,0.062521982,0.062521971,1.14E-08
2022/5/12,0.062521991,0.06252198,1.04E-08
2022/5/13,0.062522003,0.062521988,1.41E-08
2022/5/14,0.062522019,0.062522,1.91E-08
2022/5/15,0.06252204,0.062522015,2.48E-08
2022/5/16,0.062522052,0.062522035,1.70E-08
2022/5/17,0.062522067,0.062522049,1.84E-08
2022/5/18,0.062522078,0.062522063,1.43E-08
2022/5/19,0.062522112,0.062522075,3.74E-08
2022/5/20,0.062522118,0.062522105,1.29E-08
2022/5/21,0.062522124,0.062522115,8.96E-09
2022/5/22,0.062522141,0.062522122,1.90E-08
2022/5/23,0.062522167,0.062522137,2.91E-08
2022/5/24,0.062522178,0.062522161,1.74E-08
2022/5/25,0.062522195,0.062522175,2.08E-08
2022/5/26,0.062522198,0.062522191,6.97E-09
2022/5/27,0.062522216,0.062522197,1.93E-08
2022/5/28,0.062522231,0.062522212,1.90E-08
2022/5/29,0.062522239,0.062522228,1.18E-08
2022/5/30,0.062522247,0.062522237,1.03E-08
2022/5/31,0.062522252,0.062522245,7.37E-09
2022/6/1,0.062522265,0.062522251,1.38E-08
2022/6/2,0.062522271,0.062522262,8.88E-09
2022/6/3,0.062522279,0.062522269,1.00E-08
2022/6/4,0.062522286,0.062522277,8.57E-09
2022/6/5,0.062522294,0.062522284,1.03E-08
2022/6/6,0.062522295,0.062522292,2.90E-09
2022/6/7,0.0625223,0.062522294,5.87E-09
2022/6/8,0.062522312,0.062522299,1.27E-08
2022/6/9,0.062522319,0.062522309,9.80E-09
2022/6/10,0.062522328,0.062522317,1.06E-08
2022/6/11,0.062522332,0.062522326,5.89E-09
2022/6/12,0.062522341,0.06252233,1.13E-08
2022/6/13,0.062522356,0.062522339,1.65E-08
2022/6/14,0.062522369,0.062522353,1.58E-08
2022/6/15,0.062522379,0.062522365,1.32E-08
2022/6/16,0.062522387,0.062522376,1.12E-08
2022/6/17,0.062522396,0.062522385,1.08E-08
2022/6/18,0.062522404,0.062522393,1.07E-08
2022/6/19,0.062522413,0.062522402,1.07E-08
2022/6/20,0.062522422,0.062522411,1.12E-08
2022/6/21,0.062522432,0.06252242,1.22E-08
2022/6/22,0.062522437,0.062522429,8.10E-09
2022/6/23,0.062522446,0.062522436,9.89E-09
2022/6/24,0.062522455,0.062522444,1.16E-08
2022/6/25,0.062522464,0.062522453,1.08E-08
2022/6/26,0.062522472,0.062522462,1.07E-08
2022/6/27,0.062522479,0.06252247,8.63E-09
2022/6/28,0.062522482,0.062522477,4.96E-09
2022/6/29,0.062522491,0.062522481,1.04E-08
2022/6/30,0.062522497,0.062522489,7.66E-09
2022/7/1,0.062522501,0.062522496,5.12E-09
2022/7/2,0.062522509,0.0625225,9.12E-09
2022/7/3,0.062522512,0.062522507,4.90E-09
2022/7/4,0.06252252,0.062522511,8.75E-09
2022/7/5,0.062522527,0.062522518,8.73E-09
2022/7/6,0.062522533,0.062522525,8.60E-09
2022/7/7,0.06252254,0.062522532,7.80E-09
2022/7/8,0.062522545,0.062522538,6.64E-09
2022/7/9,0.062522552,0.062522543,8.26E-09
2022/7/10,0.062522565,0.06252255,1.53E-08
2022/7/11,0.062522575,0.062522562,1.25E-08
2022/7/12,0.062522587,0.062522572,1.46E-08
2022/7/13,0.062522595,0.062522584,1.06E-08
2022/7/14,0.062522599,0.062522592,6.27E-09
2022/7/15,0.062522607,0.062522597,9.53E-09
2022/7/16,0.062522621,0.062522605,1.60E-08
2022/7/17,0.062522628,0.062522618,1.04E-08
2022/7/18,0.06252264,0.062522626,1.34E-08
2022/7/19,0.062522646,0.062522637,9.31E-09
2022/7/20,0.062522661,0.062522644,1.66E-08
2022/7/21,0.062522668,0.062522658,1.03E-08
2022/7/22,0.062522679,0.062522666,1.29E-08
2022/7/23,0.062522685,0.062522676,9.18E-09
2022/7/24,0.062522694,0.062522684,1.02E-08
2022/7/25,0.062522703,0.062522692,1.10E-08
2022/7/26,0.062522708,0.0625227,7.94E-09
2022/7/27,0.062522714,0.062522707,6.86E-09
2022/7/28,0.062522719,0.062522712,6.73E-09
2022/7/29,0.062522725,0.062522718,6.96E-09
2022/7/30,0.062522726,0.062522723,2.90E-09
2022/7/31,0.062522729,0.062522725,3.50E-09
2022/8/1,0.062522738,0.062522728,9.40E-09
2022/8/2,0.06252274,0.062522736,4.30E-09
2022/8/3,0.062522745,0.062522739,5.87E-09
2022/8/4,0.062522751,0.062522744,7.41E-09
2022/8/5,0.062522757,0.06252275,6.69E-09
2022/8/6,0.06252276,0.062522755,4.54E-09
2022/8/7,0.062522767,0.062522759,7.99E-09
2022/8/8,0.06252278,0.062522765,1.51E-08
2022/8/9,0.062522788,0.062522778,1.05E-08
2022/8/10,0.062522795,0.062522786,8.89E-09
2022/8/11,0.062522802,0.062522793,8.83E-09
2022/8/12,0.06252281,0.0625228,1.05E-08
2022/8/13,0.062522813,0.062522808,4.90E-09
2022/8/14,0.062522821,0.062522812,8.39E-09
2022/8/15,0.062522829,0.062522819,9.57E-09
2022/8/16,0.062522839,0.062522827,1.25E-08
2022/8/17,0.062522847,0.062522837,1.03E-08
2022/8/18,0.062522854,0.062522845,8.52E-09
2022/8/19,0.062522861,0.062522852,9.57E-09
2022/8/20,0.062522867,0.062522859,7.79E-09
2022/8/21,0.062522874,0.062522866,8.55E-09
2022/8/22,0.062522879,0.062522873,6.19E-09
2022/8/23,0.062522883,0.062522877,5.77E-09
2022/8/24,0.062522893,0.062522882,1.09E-08
2022/8/25,0.062522898,0.062522891,7.38E-09
2022/8/26,0.062522903,0.062522897,6.41E-09
2022/8/27,0.06252291,0.062522902,8.28E-09
2022/8/28,0.062522913,0.062522908,4.67E-09
2022/8/29,0.062522916,0.062522912,4.10E-09
2022/8/30,0.062522922,0.062522915,6.80E-09
2022/8/31,0.062522927,0.062522921,6.06E-09
2022/9/1,0.062522937,0.062522926,1.09E-08
2022/9/2,0.062522941,0.062522934,6.08E-09
2022/9/3,0.062522942,0.062522939,3.12E-09
2022/9/4,0.062522952,0.062522942,1.01E-08
2022/9/5,0.062522968,0.06252295,1.77E-08
2022/9/6,0.062522976,0.062522964,1.17E-08
2022/9/7,0.062522985,0.062522973,1.20E-08
2022/9/8,0.06252299,0.062522983,7.42E-09
2022/9/9,0.062523005,0.062522989,1.60E-08
2022/9/10,0.062523014,0.062523002,1.16E-08
2022/9/11,0.062523023,0.062523011,1.24E-08
2022/9/12,0.062523038,0.062523021,1.67E-08
2022/9/13,0.06252304,0.062523035,5.85E-09
2022/9/14,0.06252305,0.062523039,1.12E-08
